ticker,cycle,entry,window,return_k0_c0,return_k0_c0_straddle,difference,u,g,theory,wing_gap,u_bin,g_bin
GLD,1,2008-06-23,estimation,0.4386253208238135,0.06765541849663684,0.37096990232717664,0.7927051143493431,1.080084970688857,0.21091625942727532,0.07703971460504619,"(0.729, 0.838]","(0.997, 1.181]"
GLD,2,2008-07-21,estimation,-0.33762922743515944,-0.08550520537083044,-0.252124022064329,1.1050182214263613,1.0872195819311095,-0.018090017219813292,0.0836235950346747,"(1.099, 2.982]","(0.997, 1.181]"
GLD,3,2008-08-18,estimation,-1.4300593374192208,-1.3191027375678719,-0.11095659985134887,1.578623287807728,1.1232244403326226,-0.6400352414448094,0.11620351360807153,"(1.099, 2.982]","(0.997, 1.181]"
GLD,4,2008-09-22,estimation,0.13861806478941788,-0.10730500465286828,0.24592306944228615,0.9460030685025546,1.1199185730936314,0.1469076457486107,0.11325598006906946,"(0.838, 0.954]","(0.997, 1.181]"
GLD,5,2008-10-20,estimation,0.11636398819276995,0.10231574247989664,0.014048245712873317,0.9859287860606873,1.2158249762930238,0.18642590518811408,0.19542283921493458,"(0.954, 1.099]","(1.181, 1.263]"
GLD,6,2008-11-24,estimation,0.5656396507188213,0.37570895471258203,0.18993069600623924,0.6686252403501278,1.1730724105563521,0.28752369196298305,0.1596262988456378,"(0.377, 0.729]","(0.997, 1.181]"
GLD,7,2008-12-22,estimation,0.544999889917463,0.4006030618423156,0.14439682807514737,0.7263101896924022,1.165922385040153,0.2738559796869516,0.15351252056707662,"(0.377, 0.729]","(0.997, 1.181]"
GLD,8,2009-01-20,estimation,0.42453911497837965,0.11956937419981714,0.30496974077856254,0.798680074383436,1.0934521509025241,0.21530762348046495,0.08933980242925266,"(0.729, 0.838]","(0.997, 1.181]"
GLD,9,2009-02-23,estimation,0.4488008439814657,0.18075963804747427,0.2680412059339914,0.7176008805036977,1.1138498472818217,0.2552845054946778,0.10782234542034817,"(0.377, 0.729]","(0.997, 1.181]"
GLD,10,2009-03-23,estimation,0.603672064447495,0.24116411248911418,0.3625079519583808,0.6481604867852664,1.1965248717817571,0.29705034562779886,0.17942141526412167,"(0.377, 0.729]","(1.181, 1.263]"
GLD,11,2009-04-20,estimation,0.6943818661788446,0.3353287086946377,0.35905315748420685,0.5553042896005519,1.107981424007373,0.2769937986778073,0.10253982284824638,"(0.377, 0.729]","(0.997, 1.181]"
GLD,12,2009-05-18,estimation,0.3834795224089901,0.1720013072495466,0.21147821515944348,0.8918171727976002,1.176243797115574,0.21564963708173923,0.16232613846301544,"(0.838, 0.954]","(0.997, 1.181]"
GLD,13,2009-06-22,estimation,0.6014560956891356,0.4075740087162345,0.1938820869729011,0.6410792470573438,1.1720861512981613,0.29043727372422234,0.15878519638682984,"(0.377, 0.729]","(0.997, 1.181]"
GLD,14,2009-07-20,estimation,0.4766259342752677,0.19599153452347792,0.28063439975178983,0.746382718276786,1.1437901150879766,0.25932905799979117,0.1343474102935033,"(0.729, 0.838]","(0.997, 1.181]"
GLD,15,2009-08-24,estimation,0.4942218246639659,-0.07974435869367909,0.573966183357645,0.8438263558883904,1.3461671997721425,0.3148854345731158,0.29726144324946485,"(0.838, 0.954]","(1.263, 1.784]"
GLD,16,2009-09-21,estimation,0.48975240951604115,0.02646544248073999,0.46328696703530114,0.7987303935865083,1.2276880664634746,0.27907865218234196,0.2051327799191443,"(0.729, 0.838]","(1.181, 1.263]"
GLD,17,2009-10-19,estimation,0.31183196444555705,-0.00200591153258074,0.3138378759781378,0.8354993675636229,1.1765840013848503,0.24220624749944408,0.1626153260286028,"(0.729, 0.838]","(0.997, 1.181]"
GLD,18,2009-11-23,estimation,-0.0912361279967908,-0.15505372970411974,0.06381760170732893,1.1823948238594273,1.2410730122767122,0.05590387154641996,0.21597633791386048,"(1.099, 2.982]","(1.181, 1.263]"
GLD,19,2009-12-21,estimation,0.5584489889079959,0.2508709538756154,0.30757803503238046,0.7598897330245175,1.1823715861812503,0.27152176723042437,0.16752224029150578,"(0.729, 0.838]","(1.181, 1.263]"
GLD,20,2010-01-19,estimation,-0.1580964973879056,-0.05307670944453909,-0.1050197879433665,1.14506871814366,1.2096688375473048,0.06115026990977279,0.19034663417182623,"(1.099, 2.982]","(1.181, 1.263]"
GLD,21,2010-02-22,estimation,0.5337421746497972,0.17408573492616264,0.3596564397236346,0.708690409405405,1.2427624702682654,0.30455678902436345,0.21733670035651528,"(0.377, 0.729]","(1.181, 1.263]"
GLD,22,2010-03-22,estimation,0.26257513703458746,0.006979982606464982,0.2555951544281225,0.9609065822689847,1.3369223852602385,0.27025956339351864,0.29037024502132347,"(0.954, 1.099]","(1.263, 1.784]"
GLD,23,2010-04-19,estimation,-0.08722836062753213,-0.040714071975398475,-0.046514288652133653,1.0388772436979372,1.229338661301359,0.16095323345739942,0.2064763510472355,"(0.954, 1.099]","(1.181, 1.263]"
GLD,24,2010-05-24,estimation,0.6032601639570847,0.2991630787461924,0.3040970852108923,0.6435184913212784,1.251258789306704,0.31255893905961785,0.2241500760435644,"(0.377, 0.729]","(1.181, 1.263]"
GLD,25,2010-06-21,estimation,0.15223351904179264,0.008153251577898585,0.14408026746389405,1.003265825237265,1.236551181220041,0.18927419159060332,0.21232619913244616,"(0.954, 1.099]","(1.181, 1.263]"
GLD,26,2010-07-19,estimation,0.6581643113388499,0.3430404375390932,0.3151238737997567,0.5805595399490748,1.296232411017092,0.32053720401518565,0.25946191134096924,"(0.377, 0.729]","(1.263, 1.784]"
GLD,27,2010-08-23,estimation,0.541807143258674,0.2440531539767554,0.29775398928191854,0.6768489902134174,1.2957057758105848,0.3232775513068314,0.2590555473185318,"(0.377, 0.729]","(1.263, 1.784]"
GLD,28,2010-09-20,estimation,0.30156058306009864,0.055820365239246536,0.2457402178208521,0.8092068101547314,1.1752102334754089,0.25201657903809815,0.16144705369820214,"(0.729, 0.838]","(0.997, 1.181]"
GLD,29,2010-10-18,estimation,-0.20452367582213152,-0.2876982552672624,0.08317457944513088,1.172723180722933,1.235389567706274,0.05948757103717983,0.21138635977765932,"(1.099, 2.982]","(1.181, 1.263]"
GLD,30,2010-11-22,estimation,0.3728806570024977,0.3584310867208593,0.014449570281638346,0.8055999190546781,1.1774498396223048,0.25441615925300076,0.16335094695419566,"(0.729, 0.838]","(0.997, 1.181]"
GLD,31,2010-12-20,estimation,0.34786101008078485,0.07137714491356321,0.2764838651672216,0.9172066783704975,1.2541786120511254,0.24643452298219637,0.22648086592056293,"(0.838, 0.954]","(1.181, 1.263]"
GLD,32,2011-01-24,estimation,0.3270633722961663,0.08204106166944447,0.2450223106267218,0.8520564436847032,1.2009079651171852,0.24751371075863726,0.1830779082856918,"(0.838, 0.954]","(1.181, 1.263]"
GLD,33,2011-02-22,estimation,0.13458464697915984,0.10888344858867217,0.025701198390487665,0.9095360421213957,1.130533417490225,0.17779667102491414,0.12268957221958994,"(0.838, 0.954]","(0.997, 1.181]"
GLD,34,2011-03-21,estimation,0.3996751487962132,0.16745203928903504,0.23222310950717814,0.7632679520172401,1.2999656657338194,0.3151192186060914,0.26233785314473007,"(0.729, 0.838]","(1.263, 1.784]"
GLD,35,2011-04-18,estimation,-0.08815647659326961,-0.04854346026033229,-0.039613016332937324,1.158851477925997,1.3274993392969587,0.1472225391104911,0.2832969764290938,"(1.099, 2.982]","(1.263, 1.784]"
GLD,36,2011-05-23,estimation,0.7731930235023184,0.4978421068938777,0.27535091660844074,0.49556696474375883,1.2541956692205884,0.29975492155757877,0.2264944660994443,"(0.377, 0.729]","(1.181, 1.263]"
GLD,37,2011-06-20,estimation,0.20018038852045006,-0.05544040646732036,0.2556207949877704,0.9616875511655173,1.2308649991563076,0.21031112344951275,0.20771717356556227,"(0.954, 1.099]","(1.181, 1.263]"
GLD,38,2011-07-18,estimation,-0.7041229115647532,-0.3502392411628835,-0.35388367040186963,1.2492136663334097,1.1335944394445139,-0.12741163267463396,0.12539350416398426,"(1.099, 2.982]","(0.997, 1.181]"
GLD,39,2011-08-22,estimation,-0.04650546113025878,-0.14049069285736618,0.0939852317271074,1.1149647296576648,1.223505202249854,0.09891155220110948,0.20171985583258295,"(1.099, 2.982]","(1.181, 1.263]"
GLD,40,2011-09-19,estimation,0.0584487305152797,-0.14274350754334778,0.20119223805862746,1.0056809255897683,1.147660970762693,0.12441533421659656,0.13772593264606833,"(0.954, 1.099]","(0.997, 1.181]"
GLD,41,2011-10-24,estimation,0.12352005413784327,-0.03407949438277801,0.15759954852062127,0.8931228831483321,1.3155748539972234,0.2867959364302757,0.2742737214356104,"(0.838, 0.954]","(1.263, 1.784]"
GLD,42,2011-11-21,estimation,0.3106857237080215,0.039653137513216564,0.2710325861948049,0.9542981202642702,1.3161663668163126,0.26237578787495086,0.27472324346640253,"(0.838, 0.954]","(1.263, 1.784]"
GLD,43,2011-12-19,estimation,0.5249312728230773,0.18284720439289326,0.342084068430184,0.7864096792641028,1.434502865342248,0.3552915556396375,0.360818353887443,"(0.729, 0.838]","(1.263, 1.784]"
GLD,44,2012-01-23,estimation,0.29175425012822387,0.02472623598291072,0.26702801414531313,0.894740676136057,1.302700042950104,0.280200988458261,0.2644390666914461,"(0.838, 0.954]","(1.263, 1.784]"
GLD,45,2012-02-21,estimation,-0.7673209600944342,-0.6895545431433686,-0.07776641695106556,1.427198385812177,1.2362347922915993,-0.22046211134071902,0.212070302396087,"(1.099, 2.982]","(1.181, 1.263]"
GLD,46,2012-03-19,estimation,0.2735836380033632,0.12922582871203553,0.1443578092913277,0.9021782108620557,1.277141107809004,0.2648754733825711,0.2446240704046779,"(0.838, 0.954]","(1.263, 1.784]"
GLD,47,2012-04-23,estimation,0.12134905197126562,0.005617669049660706,0.11573138292160491,1.0125688405098439,1.2669642102251055,0.20331499695471933,0.23662365328817916,"(0.954, 1.099]","(1.263, 1.784]"
GLD,48,2012-05-21,estimation,0.09020621487342623,0.029075173770271245,0.06113104110315498,1.0326263347420452,1.3529063475883973,0.2444585882431558,0.3022551284547379,"(0.954, 1.099]","(1.263, 1.784]"
GLD,49,2012-06-18,estimation,0.32739802721950007,0.07365132766025839,0.2537466995592417,0.9053977134821262,1.2591508053974834,0.2543676573008187,0.23043752977732282,"(0.838, 0.954]","(1.181, 1.263]"
GLD,50,2012-07-23,estimation,0.6453444000390509,0.34293809361618943,0.3024063064228615,0.5868339548150443,1.2758100198613072,0.31690811541671265,0.24358128658176148,"(0.377, 0.729]","(1.263, 1.784]"
GLD,51,2012-08-20,estimation,0.05840415148561521,-0.21389537898715685,0.27229953047277206,1.0628794285052636,1.1941890397045738,0.11687118192216694,0.1774673271490744,"(0.954, 1.099]","(1.181, 1.263]"
GLD,52,2012-09-24,estimation,0.6183909308583383,0.3743260644810009,0.24406486637733737,0.633208944515921,1.1334036519283979,0.27944833439897326,0.12522518684841838,"(0.377, 0.729]","(0.997, 1.181]"
GLD,53,2012-10-22,estimation,0.13740642277384255,0.21869844793759807,-0.08129202516375553,1.003903190060147,1.2453397628839764,0.19462876949638752,0.2194083946005573,"(0.954, 1.099]","(1.181, 1.263]"
GLD,54,2012-11-19,estimation,0.5182736587144798,0.1875292512611489,0.33074440745333095,0.8391976154591483,1.2603229489890386,0.28041017263964474,0.23136799684337708,"(0.838, 0.954]","(1.181, 1.263]"
GLD,55,2012-12-24,estimation,0.42972211187448417,0.23427294901356666,0.1954491628609175,0.7938492616917828,1.3241012661358322,0.3179063210678288,0.2807339395868404,"(0.729, 0.838]","(1.263, 1.784]"
GLD,56,2013-01-22,estimation,0.39210446696344975,0.08864741772104248,0.30345704924240724,0.9407335797649438,1.2745877916590362,0.2464074031855702,0.24262282567788493,"(0.838, 0.954]","(1.263, 1.784]"
GLD,57,2013-02-19,estimation,0.2935731571198574,0.15647215573564427,0.1371010013842131,0.9630396822740599,1.3255229833682298,0.26335703529510646,0.2818070859917363,"(0.954, 1.099]","(1.263, 1.784]"
GLD,58,2013-03-18,estimation,-5.213736963591963,-0.5342958550248729,-4.67944110856709,2.9815527773549135,1.2142247582894834,-4.339708713537381,0.19410581412522315,"(1.099, 2.982]","(1.181, 1.263]"
GLD,59,2013-04-22,estimation,0.3721388549952912,0.057684935993200216,0.31445391900209096,0.8735498688511014,1.1924229841757445,0.23360130739557272,0.1759873581943313,"(0.838, 0.954]","(1.181, 1.263]"
GLD,60,2013-05-20,estimation,0.10074724207751881,0.14837865327273228,-0.04763141119521347,1.102143610213759,1.2388668067179818,0.12163421973854882,0.21419709623722955,"(1.099, 2.982]","(1.181, 1.263]"
GLD,61,2013-06-24,estimation,0.15894475206542974,0.1358424690361165,0.023102283029313248,1.0715413414410877,1.2895691938237468,0.18116581764868456,0.254308204320932,"(0.954, 1.099]","(1.263, 1.784]"
GLD,62,2013-07-22,estimation,0.34676009699950194,-0.11119532568723466,0.4579554226867366,0.8948684417270004,1.296223939716504,0.2770820365676806,0.25945537599422325,"(0.838, 0.954]","(1.263, 1.784]"
GLD,63,2013-08-19,estimation,-0.0769494105660599,-0.3664471302245958,0.2894977196585359,1.137621828906832,1.2697716115908806,0.1183964707466667,0.238837050905529,"(1.099, 2.982]","(1.263, 1.784]"
GLD,64,2013-09-23,estimation,0.13765644021221485,0.01676433882112894,0.12089210139108592,0.9917830922480598,1.242006435073665,0.19981159009494665,0.21672816471659648,"(0.954, 1.099]","(1.181, 1.263]"
GLD,65,2013-10-21,estimation,0.5717093070453845,0.2960728158074651,0.2756364912379194,0.688112783558495,1.2147050953044327,0.2983068918017386,0.19450132741721898,"(0.377, 0.729]","(1.181, 1.263]"
GLD,66,2013-11-18,estimation,0.016655946721874187,-0.20290742999566116,0.21956337671753534,1.1496362206075603,1.2506757109007816,0.09287671995256996,0.22368397398019682,"(1.099, 2.982]","(1.181, 1.263]"
GLD,67,2013-12-23,estimation,0.4657882812293166,0.1657928582234106,0.299995423005906,0.7383340227893592,1.3192083470361191,0.3251035194855528,0.2770318195902017,"(0.729, 0.838]","(1.263, 1.784]"
GLD,68,2014-01-21,estimation,-0.10667274790844387,-0.17125409219948273,0.06458134429103886,1.0632934426383724,1.2408563120338454,0.15215414778750813,0.2158017155011311,"(0.954, 1.099]","(1.181, 1.263]"
GLD,69,2014-02-24,estimation,-0.04740150210846386,-0.008368236219934091,-0.03903326588852977,1.0548139510821157,1.255906575653005,0.16889417570475218,0.22785768283762092,"(0.954, 1.099]","(1.181, 1.263]"
GLD,70,2014-03-24,estimation,0.4954060296466567,0.1855541354366068,0.3098518942100499,0.763002931249848,1.265390614305192,0.30292881143703165,0.23538086052690435,"(0.729, 0.838]","(1.263, 1.784]"
GLD,71,2014-04-21,estimation,0.5491175599732233,0.4154833708837984,0.13363418908942493,0.6883989162123413,1.2005615283432831,0.2936727346260667,0.1827893876301109,"(0.377, 0.729]","(1.181, 1.263]"
GLD,72,2014-05-19,estimation,-0.02504573438135932,-0.6779384896701401,0.6528927552887809,1.1390675338959257,1.2128871887931467,0.06932678738283404,0.19300362381764077,"(1.099, 2.982]","(1.181, 1.263]"
GLD,73,2014-06-23,estimation,-0.13600309048171885,-0.3522743960704032,0.21627130558868432,1.13876692494522,1.2490583364372017,0.10055271867512694,0.22238993656769862,"(1.099, 2.982]","(1.181, 1.263]"
GLD,74,2014-07-21,estimation,0.49114609150047167,0.4023531765564404,0.0887929149440313,0.7377152172441634,1.1796817141985683,0.2763842199053359,0.165244668362861,"(0.729, 0.838]","(0.997, 1.181]"
GLD,75,2014-08-18,estimation,0.4168433961895362,-0.052763144200722166,0.46960654039025834,0.8637129838108786,1.2029308683616584,0.2435608719779584,0.18476096930777192,"(0.838, 0.954]","(1.181, 1.263]"
GLD,76,2014-09-22,estimation,0.49373888416794026,0.2425464782996673,0.25119240586827296,0.7340564827815338,1.3809007116808563,0.3438481822457826,0.3227359758836871,"(0.729, 0.838]","(1.263, 1.784]"
GLD,77,2014-10-20,estimation,-0.35007460211189684,-0.05089222491283738,-0.29918237719905943,1.3106549002926182,1.2810551736578906,-0.030283650196231138,0.24768409275826517,"(1.099, 2.982]","(1.263, 1.784]"
GLD,78,2014-11-24,estimation,-0.4325844697019876,0.02552051296853661,-0.45810498267052424,1.2548552647147915,1.2082999475005625,-0.048349075101416616,0.18921436960211555,"(1.099, 2.982]","(1.181, 1.263]"
GLD,79,2014-12-22,estimation,0.0744052394786679,-0.038164600679633794,0.11256984015830168,1.0017661919601006,1.2463752313358103,0.19660296492878682,0.22023952377371098,"(0.954, 1.099]","(1.181, 1.263]"
GLD,80,2015-01-20,estimation,0.35354278639038267,0.04265334276342987,0.3108894436269528,0.8418586457089224,1.1783748497915707,0.24041507324959888,0.16413624326334772,"(0.838, 0.954]","(0.997, 1.181]"
GLD,81,2015-02-23,estimation,0.43577692690031483,0.17423030986871196,0.26154661703160287,0.7619034209902109,1.16711527657432,0.26452596859284144,0.15453512869530958,"(0.729, 0.838]","(0.997, 1.181]"
GLD,82,2015-03-23,estimation,0.4123406464725225,0.2091825692000566,0.2031580772724659,0.8059607398019429,1.254685658328482,0.2882432463482685,0.22688506975912562,"(0.729, 0.838]","(1.181, 1.263]"
GLD,83,2015-04-20,estimation,-0.3147470965329564,-0.4103893009162573,0.0956422043833009,1.1819667085042307,1.2644663697540497,0.07711700001885347,0.2346501910874178,"(1.099, 2.982]","(1.263, 1.784]"
GLD,84,2015-05-18,estimation,0.6353271007063489,0.18614342698128894,0.44918367372505996,0.6915586518868047,1.223637912249999,0.3007131540384316,0.201828317000619,"(0.377, 0.729]","(1.181, 1.263]"
GLD,85,2015-06-22,estimation,0.6534764761083561,0.20559263672383574,0.44788383938452037,0.6564062222844942,1.2478898083568466,0.311128036848277,0.2214539714631794,"(0.377, 0.729]","(1.181, 1.263]"
GLD,86,2015-07-20,estimation,0.6050878621433615,0.3864970245037195,0.21859083763964204,0.661287496963957,1.2386588018943623,0.30824341979592484,0.21402918287771863,"(0.377, 0.729]","(1.181, 1.263]"
GLD,87,2015-08-24,estimation,0.6542239430703828,0.36507808218162524,0.28914586088875754,0.6362492410442201,1.2988420384746542,0.3245769323739879,0.26147312788832755,"(0.377, 0.729]","(1.263, 1.784]"
GLD,88,2015-09-21,estimation,-0.14467079984590678,-0.20021045862394626,0.055539658778039486,1.108594761926188,1.203797275185221,0.08767340622608866,0.18548095661777464,"(1.099, 2.982]","(1.181, 1.263]"
GLD,89,2015-10-19,estimation,0.5656156144857692,0.10728600712398771,0.4583296073617815,0.7207101527196879,1.1998879260483992,0.28781711916458225,0.1822281574727065,"(0.377, 0.729]","(1.181, 1.263]"
GLD,90,2015-11-23,estimation,-0.03522311108481459,-0.17406528167182692,0.13884217058701231,1.1142122596460118,1.2637428958551655,0.1318376297926992,0.23407786985715148,"(1.099, 2.982]","(1.263, 1.784]"
GLD,91,2015-12-21,estimation,0.13342637906768334,-0.05860090087281565,0.192027279940499,1.0186373464946108,1.2422928009386744,0.1833897761234744,0.2169587052747761,"(0.954, 1.099]","(1.181, 1.263]"
GLD,92,2016-01-19,estimation,-0.8366963917922194,-0.02962675366915467,-0.8070696381230648,1.5691264481043035,1.2473022395281588,-0.40486007425761894,0.22098301064872325,"(1.099, 2.982]","(1.181, 1.263]"
GLD,93,2016-02-22,estimation,0.5178022868847231,0.15690002199236935,0.3609022648923537,0.7664586971440428,1.1317945469138615,0.2474078358109445,0.12380446764952796,"(0.729, 0.838]","(0.997, 1.181]"
GLD,94,2016-03-21,estimation,-0.03272882742037986,-0.08322146028999206,0.0504926328696122,1.0648742164960867,1.1611447798153551,0.08828876680007547,0.14940639762435892,"(0.954, 1.099]","(0.997, 1.181]"
GLD,95,2016-04-18,estimation,0.197356931493538,0.06991195597753516,0.12744497551600284,0.9445102054370288,1.1480435330167291,0.16744949082238647,0.13805921792468107,"(0.838, 0.954]","(0.997, 1.181]"
GLD,96,2016-05-23,estimation,0.09875922645449559,-0.10858780762646819,0.20734703408096378,1.0295615484302507,1.1470473229173341,0.1054523501190946,0.13719109528859083,"(0.954, 1.099]","(0.997, 1.181]"
GLD,97,2016-06-20,estimation,-0.05164429062908532,-0.1731586746833936,0.12151438405430828,1.12027422585563,1.0973489273835033,-0.0234042430420085,0.09289720490555506,"(1.099, 2.982]","(0.997, 1.181]"
GLD,98,2016-07-18,estimation,0.3743286842959353,0.3297400487805741,0.044588635515361186,0.7953996614428511,1.0958099375559858,0.21805444879179403,0.09149375884906764,"(0.729, 0.838]","(0.997, 1.181]"
GLD,99,2016-08-22,estimation,0.4620565571286972,0.1761496442536596,0.2859069128750376,0.7543597598975336,1.1417480095480719,0.2559497407043229,0.13256042974715948,"(0.729, 0.838]","(0.997, 1.181]"
GLD,100,2016-09-19,estimation,0.15404982509738474,-0.14743018523314602,0.30148001033053073,0.9231413694660165,1.1264587872947214,0.16662013883476268,0.11907889548476927,"(0.838, 0.954]","(0.997, 1.181]"
GLD,101,2016-10-24,estimation,0.017706780807705318,-0.22940866045328903,0.24711544126099436,1.0543614528450025,1.170934404922275,0.10496747435035225,0.15780206675478597,"(0.954, 1.099]","(0.997, 1.181]"
GLD,102,2016-11-21,estimation,0.31134508382647885,-0.12346562562994735,0.4348107094564262,0.9900254435254766,1.2658964606198155,0.21575170999445015,0.2357805357169435,"(0.954, 1.099]","(1.263, 1.784]"
GLD,103,2016-12-19,estimation,0.5216591699882944,0.11445231283863064,0.40720685714966376,0.779517435155728,1.2471384259671545,0.2922840863472069,0.22085166772803907,"(0.729, 0.838]","(1.181, 1.263]"
GLD,104,2017-01-23,estimation,0.4737836086063917,0.23288841032879215,0.24089519827759953,0.7666437678236989,1.1929428801608073,0.27396077644385136,0.1764232628084351,"(0.729, 0.838]","(1.181, 1.263]"
GLD,105,2017-02-21,estimation,0.277094508225644,0.19860673666206802,0.078487771563576,0.8817196945556447,1.1907438246814404,0.22882559285809012,0.17457817461059208,"(0.838, 0.954]","(1.181, 1.263]"
GLD,106,2017-03-20,estimation,0.5174132698834019,0.08437821133101839,0.43303505855238345,0.7744987773260501,1.2117686667850431,0.2794799073704414,0.19208100044008067,"(0.729, 0.838]","(1.181, 1.263]"
GLD,107,2017-04-24,estimation,-0.14197323886102198,-0.1138612631792464,-0.028111975681775578,0.9994157659989593,1.075116835605242,0.07037080990822009,0.07242933995786335,"(0.954, 1.099]","(0.997, 1.181]"
GLD,108,2017-05-22,estimation,0.46033337551772063,0.38942891965644594,0.0709044558612747,0.7811593664051438,1.1817471544006777,0.26479683195761783,0.16699398273457797,"(0.729, 0.838]","(1.181, 1.263]"
GLD,109,2017-06-19,estimation,0.17057546984628363,-0.05149010046758739,0.22206557031387103,0.9639313445357413,1.2644569812543698,0.22909919860007588,0.2346427661888528,"(0.954, 1.099]","(1.263, 1.784]"
GLD,110,2017-07-24,estimation,0.3741961873272858,0.01943053596849023,0.35476565135879556,0.8685493134556577,1.2484889261561245,0.26431655327660686,0.22193396097959175,"(0.838, 0.954]","(1.181, 1.263]"
GLD,111,2017-08-21,estimation,0.16868306794305718,-0.012970237240627203,0.1816533051836844,1.0368870297843906,1.2780641211490307,0.19566576807765657,0.24534652773977803,"(0.954, 1.099]","(1.263, 1.784]"
GLD,112,2017-09-18,estimation,0.2799400734164517,0.0601647704863348,0.21977530293011693,0.8544205385150574,1.2096332993137457,0.25090337587533273,0.1903172552587751,"(0.838, 0.954]","(1.181, 1.263]"
GLD,113,2017-10-23,estimation,0.41209118454624405,0.019041622402109673,0.3930495621441344,0.7717973799445168,1.2469284046779572,0.2940865559272677,0.22068325099829214,"(0.729, 0.838]","(1.181, 1.263]"
GLD,114,2017-11-20,estimation,0.4409358571682267,0.027787089522582194,0.4131487676456445,0.8784518180312592,1.2413956026969444,0.2568308013900312,0.2162362327782726,"(0.838, 0.954]","(1.181, 1.263]"
GLD,115,2017-12-18,estimation,0.13643749857261997,-0.08904630837622574,0.2254838069488457,0.9814431754640671,1.3176574867356052,0.2504256566008598,0.2758555288138769,"(0.954, 1.099]","(1.263, 1.784]"
GLD,116,2018-01-22,estimation,-0.11499468456399022,-0.35701353243844325,0.24201884787445305,1.1391734829656588,1.3352496862495482,0.16728317836117856,0.28911830526265286,"(1.099, 2.982]","(1.263, 1.784]"
GLD,117,2018-02-20,estimation,0.6626756860560777,0.3800181005896196,0.28265758546645814,0.6096618387137951,1.2849214581303472,0.3203931404349777,0.250697594401602,"(0.377, 0.729]","(1.263, 1.784]"
GLD,118,2018-03-19,estimation,-0.31689838310774676,-0.23821080248450135,-0.0786875806232454,1.2338305394242306,1.278337879073928,0.04295774676418529,0.24556070213482217,"(1.099, 2.982]","(1.263, 1.784]"
GLD,119,2018-04-23,estimation,0.34020448596594727,0.16011510875396698,0.1800893772119803,0.7861008614345141,1.219635006343908,0.27942914314682454,0.19855163885541444,"(0.729, 0.838]","(1.181, 1.263]"
GLD,120,2018-05-21,estimation,0.5238721019958777,-0.12128867334567986,0.6451607753415576,0.7733724945386977,1.3441450565150543,0.32840190716793705,0.29575816523170073,"(0.729, 0.838]","(1.263, 1.784]"
GLD,121,2018-06-18,estimation,0.0825081596720596,-0.04213367909502689,0.12464183876708648,0.9896396915288943,1.2941734867228034,0.23287351674851253,0.2578722572024729,"(0.954, 1.099]","(1.263, 1.784]"
GLD,122,2018-07-23,estimation,0.0976343282008182,0.0323215946893,0.0653127335115182,0.989553960527714,1.3223374266805055,0.2490341650211798,0.2794009484079477,"(0.954, 1.099]","(1.263, 1.784]"
GLD,123,2018-08-20,estimation,0.3957147203075156,0.24942304901644516,0.14629167129107043,0.8623999906576695,1.3153953700877021,0.2969929953169751,0.27413728210371935,"(0.838, 0.954]","(1.263, 1.784]"
GLD,124,2018-09-24,estimation,-0.4867006043679665,-0.7308613807197231,0.24416077635175654,1.2764349533816917,1.2976277831344205,0.020846708901460342,0.26053781531997167,"(1.099, 2.982]","(1.263, 1.784]"
GLD,125,2018-10-22,estimation,0.3093511370880487,0.24528991619337281,0.06406122089467586,0.8450639882524527,1.2590191734561924,0.27785011312079666,0.2303329840615719,"(0.838, 0.954]","(1.181, 1.263]"
GLD,126,2018-11-19,estimation,0.5195910016759104,0.26966412908365245,0.249926872592258,0.7645148708217344,1.3518930944053018,0.3321707822792247,0.3015059023089746,"(0.729, 0.838]","(1.263, 1.784]"
GLD,127,2018-12-24,estimation,0.7781188203837013,0.4285360340323009,0.3495827863514004,0.6304513973517089,1.4156348150536677,0.34968056563996264,0.3475780630364704,"(0.377, 0.729]","(1.263, 1.784]"
GLD,128,2019-01-22,estimation,0.3057850118515361,-0.02979168026436866,0.3355766921159048,0.892868669402632,1.3813055380096684,0.3157230351720346,0.32302909398937235,"(0.838, 0.954]","(1.263, 1.784]"
GLD,129,2019-02-19,estimation,-0.11132054056177405,-0.04051241993583832,-0.07080812062593574,1.137250829489988,1.306554394055176,0.14736517676832428,0.26739343852571906,"(1.099, 2.982]","(1.263, 1.784]"
GLD,130,2019-03-18,estimation,0.09777065632403575,-0.14378059927136122,0.24155125559539697,0.9829310569434797,1.1732809063655296,0.15946801628352547,0.15980401786878967,"(0.954, 1.099]","(0.997, 1.181]"
GLD,131,2019-04-22,estimation,0.3026644096611492,0.21133799178117751,0.0913264178799717,0.8620107801072654,1.2274438203602371,0.25663677219294956,0.20493381211187164,"(0.838, 0.954]","(1.181, 1.263]"
GLD,132,2019-05-20,estimation,-0.6929798881673919,-0.2666975960200127,-0.42628229214737917,1.4829551952873377,1.1665227270409593,-0.40226835008512074,0.1540272953936772,"(1.099, 2.982]","(0.997, 1.181]"
GLD,133,2019-06-24,estimation,-0.132621923597154,-0.18774439474286958,0.055122471145715585,1.0692551121040648,1.0855917991999846,0.016090842068841704,0.08212527534637915,"(0.954, 1.099]","(0.997, 1.181]"
GLD,134,2019-07-22,estimation,0.16765849251299242,-0.2655359416048724,0.43319443411786485,1.04091174176568,1.1082733780287297,0.06326734858097405,0.10280328896484742,"(0.954, 1.099]","(0.997, 1.181]"
GLD,135,2019-08-19,estimation,-0.03059596550660762,0.013583125956569032,-0.044179091463176653,1.0411367211109503,1.1092959930203397,0.06397131272045453,0.10372557358642234,"(0.954, 1.099]","(0.997, 1.181]"
GLD,136,2019-09-23,estimation,0.23261895930504056,0.09467297308976082,0.13794598621527976,0.8207216240350239,1.195692955200273,0.2573796881064435,0.17872589614739473,"(0.729, 0.838]","(1.181, 1.263]"
GLD,137,2019-10-21,estimation,0.38669289928582457,-0.020783688899996676,0.4074765881858212,0.850403327858251,1.1811029581035524,0.23810630915162,0.16644871216521154,"(0.838, 0.954]","(1.181, 1.263]"
GLD,138,2019-11-18,estimation,0.5949452121667201,0.5286978032532038,0.06624740891351633,0.6643657990956839,1.2633168385113471,0.31498241279636313,0.23374067375366314,"(0.377, 0.729]","(1.181, 1.263]"
GLD,139,2019-12-23,estimation,0.40027365447870955,-0.15621748023941967,0.5564911347181292,1.152569351943302,1.3182697645724917,0.14487263709844478,0.27632009235416005,"(1.099, 2.982]","(1.263, 1.784]"
GLD,140,2020-01-21,estimation,0.15430446046845928,0.056381795415764484,0.09792266505269479,1.0351047775975848,1.2614820504356934,0.18575309618817548,0.23228726025077268,"(0.954, 1.099]","(1.181, 1.263]"
GLD,141,2020-02-24,estimation,-2.4001602763483505,-1.308006595985054,-1.0921536803632965,1.925924255573287,1.2300310211912218,-1.089596633170938,0.20703938954696324,"(1.099, 2.982]","(1.181, 1.263]"
GLD,142,2020-03-23,estimation,0.49125737445122913,0.10915999343201155,0.3820973810192176,0.788917707802476,1.252925827792342,0.29216751247689365,0.225481478465342,"(0.729, 0.838]","(1.181, 1.263]"
GLD,143,2020-04-20,estimation,0.6757853346998447,0.41716756340607886,0.25861777129376584,0.6236715331515205,1.3563393181307013,0.33689507827469883,0.30478939282440765,"(0.377, 0.729]","(1.263, 1.784]"
GLD,144,2020-05-18,estimation,0.5108427441864418,0.31702771476950264,0.19381502941693918,0.7499884966190179,1.237099300366239,0.2953097615374173,0.21276936534307203,"(0.729, 0.838]","(1.181, 1.263]"
GLD,145,2020-06-22,estimation,0.7850614068564034,0.4256747575064638,0.3593866493499396,0.4604398268883645,1.2515467286462822,0.2910455651061463,0.22438016930393417,"(0.377, 0.729]","(1.181, 1.263]"
GLD,146,2020-07-20,estimation,-2.383511815860373,-0.721038524794123,-1.66247329106625,2.0867840836699476,1.3604950203194501,-1.1140124990589828,0.3078486190503053,"(1.099, 2.982]","(1.263, 1.784]"
GLD,147,2020-08-24,estimation,0.734632747303625,0.5351475970437264,0.19948515025989866,0.5706609314197502,1.2875334381041468,0.3177324334008,0.25272832456153127,"(0.377, 0.729]","(1.263, 1.784]"
GLD,148,2020-09-21,estimation,0.4428457280624936,0.23220171899153336,0.21064400907096026,0.804089288258253,1.3480786373510747,0.3244736593346096,0.2986803471024723,"(0.729, 0.838]","(1.263, 1.784]"
GLD,149,2020-10-19,estimation,0.13827870827471161,-0.009515648821409897,0.14779435709612151,0.9647475899093254,1.2124084644259931,0.19707073879421577,0.192608847722829,"(0.954, 1.099]","(1.181, 1.263]"
GLD,150,2020-11-23,estimation,0.2791320452803914,0.036811960040433654,0.24232008523995777,0.9691624777876363,1.3246066327247648,0.26006448209109845,0.2811155343978668,"(0.954, 1.099]","(1.263, 1.784]"
GLD,151,2020-12-21,estimation,0.02344283260525217,-0.14694598148992435,0.17038881409517653,1.078941605623804,1.2548264878575424,0.15123167950194527,0.22699730633819318,"(0.954, 1.099]","(1.181, 1.263]"
GLD,152,2021-01-19,estimation,0.4376845231732537,0.09887760018017068,0.338806922993083,0.8668118587131731,1.3444975039777036,0.30796902249899283,0.29602034025626295,"(0.838, 0.954]","(1.263, 1.784]"
GLD,153,2021-02-22,estimation,0.3847200951878643,-0.09240322160544961,0.47712331679331393,0.9477133824741745,1.3100382991967472,0.2621146058037901,0.2700563728137471,"(0.838, 0.954]","(1.263, 1.784]"
GLD,154,2021-03-22,estimation,0.0443292050895008,-0.18013104619041845,0.22446025127991925,1.046129837312053,1.3217721697113807,0.21815988788157703,0.27897338899172136,"(0.954, 1.099]","(1.263, 1.784]"
GLD,155,2021-04-19,estimation,0.35508628493394356,-0.02721285620353821,0.38229914113748176,0.8159340706589573,1.4043575270973405,0.3418750117538305,0.33957992211581367,"(0.729, 0.838]","(1.263, 1.784]"
GLD,156,2021-05-24,estimation,-0.019047344210710634,-0.059736672919130054,0.04068932870841942,1.224313817365935,1.4177362091953745,0.1670336874862992,0.34906138061755543,"(1.099, 2.982]","(1.263, 1.784]"
GLD,157,2021-06-21,estimation,0.7177445063004195,0.42463185261544867,0.29311265368497086,0.5627820853956772,1.3432790382977584,0.3269981070767208,0.2951136683330204,"(0.377, 0.729]","(1.263, 1.784]"
GLD,158,2021-07-19,estimation,0.28922097426832766,0.08870854682525997,0.2005124274430677,0.926784469065845,1.2815817928746898,0.25657406433232177,0.24809509067259305,"(0.838, 0.954]","(1.263, 1.784]"
GLD,159,2021-08-23,estimation,0.1531986250571703,-0.20720179019691654,0.36040041525408684,1.0505379951831226,1.3202339440122963,0.21460275482007396,0.2778089512071888,"(0.954, 1.099]","(1.263, 1.784]"
GLD,160,2021-09-20,estimation,0.310534741189168,0.15007879980856842,0.1604559413805996,0.8881774859457211,1.3066329037424904,0.2844430749406168,0.2674535258278456,"(0.838, 0.954]","(1.263, 1.784]"
GLD,161,2021-10-18,estimation,0.39890368032525614,0.04408043119788766,0.35482324912736846,0.783548077700219,1.296818883524558,0.3101222216553937,0.25991425296544884,"(0.729, 0.838]","(1.263, 1.784]"
GLD,162,2021-11-22,estimation,0.7122118586109294,0.43427497925432534,0.27793687935660405,0.6196158491565509,1.334799587622173,0.33198929900910906,0.2887811589515018,"(0.377, 0.729]","(1.263, 1.784]"
GLD,163,2021-12-20,estimation,0.41982188678882704,0.12401945771397771,0.2958024290748493,0.8541426907686646,1.424667076208604,0.34205130578693554,0.3539381556938989,"(0.838, 0.954]","(1.263, 1.784]"
GLD,164,2022-01-24,holdout,0.1750160286290102,-0.2171084864436365,0.3921245150726467,0.9967951626106861,1.4494275717598952,0.31128274683841395,0.3711687003904715,"(0.954, 1.099]","(1.263, 1.784]"
GLD,165,2022-02-22,holdout,-0.49376400277342924,-0.17284349487026587,-0.3209205079031634,1.3767670655564526,1.3141831453624453,-0.0655642864242938,0.2732152903822269,"(1.099, 2.982]","(1.263, 1.784]"
GLD,166,2022-03-21,holdout,0.6670828775463035,0.45510746603016894,0.21197541151613453,0.6045338400743263,1.2756107690789285,0.31803487608478803,0.24342509848166646,"(0.377, 0.729]","(1.263, 1.784]"
GLD,167,2022-04-18,holdout,0.19636613554297974,-0.06410579109300145,0.2604719266359812,0.9017570373724516,1.272615538943973,0.2627849915607897,0.24107426213331218,"(0.838, 0.954]","(1.263, 1.784]"
GLD,168,2022-05-23,holdout,0.2156439488647355,-0.051534615276178544,0.26717856414091407,0.9654135462284458,1.3604272323958115,0.2803175020982336,0.30779879188336956,"(0.954, 1.099]","(1.263, 1.784]"
GLD,169,2022-06-21,holdout,0.7010292421116296,-0.01974602969379469,0.7207752718054243,0.8255518831077888,1.393462629076108,0.3364566626965408,0.3317917495509113,"(0.729, 0.838]","(1.263, 1.784]"
GLD,170,2022-07-18,holdout,0.49743305518658987,0.18716610294405825,0.31026695224253165,0.721192157676324,1.268477700527771,0.31115883341888684,0.23781752050005564,"(0.377, 0.729]","(1.263, 1.784]"
GLD,171,2022-08-22,holdout,0.3194895960229542,0.10546680897541862,0.21402278704753558,0.9056544888693027,1.218156481051373,0.23233372428148336,0.19733863480525746,"(0.838, 0.954]","(1.181, 1.263]"
GLD,172,2022-09-19,holdout,0.014643434902796877,-0.04113280077573145,0.055776235678528324,1.0231034909958148,1.1895853082305714,0.14318277741136398,0.17360476591149462,"(0.954, 1.099]","(1.181, 1.263]"
GLD,173,2022-10-24,holdout,-0.15206817555277152,-0.3369760589521069,0.1849078833993354,1.0941845966984625,1.1822187813517513,0.08147869950128683,0.1673929960623067,"(0.954, 1.099]","(1.181, 1.263]"
GLD,174,2022-11-21,holdout,0.035247376265700986,-0.05332493810524427,0.08857231437094526,1.0143904959772712,1.1872086058384712,0.14766153758812028,0.17160484225786585,"(0.954, 1.099]","(1.181, 1.263]"
GLD,175,2022-12-19,holdout,-0.03277168716251099,-0.17650419094703096,0.14373250378451996,1.1175062343820006,1.223670723010051,0.09695376025667057,0.20185513074987912,"(1.099, 2.982]","(1.181, 1.263]"
GLD,176,2023-01-23,holdout,0.04585959644618357,-0.23769072751249073,0.2835503239586743,0.9702095142004313,1.1787392510820043,0.17163892228964184,0.1644454360115491,"(0.954, 1.099]","(0.997, 1.181]"
GLD,177,2023-02-21,holdout,-0.6531799111778612,-0.4621300594268731,-0.19104985175098815,1.309566944927553,1.1342216418576354,-0.20245285786698997,0.12594663758100527,"(1.099, 2.982]","(0.997, 1.181]"
GLD,178,2023-03-20,holdout,0.37017629079988046,0.3524187207899989,0.01775757000988154,0.8380097023138797,1.1945515690276969,0.25012360398176603,0.1777708589135374,"(0.729, 0.838]","(1.181, 1.263]"
GLD,179,2023-04-24,holdout,0.22287648960676334,0.10804026917286293,0.11483622043390042,0.8816835566612188,1.1865403116379467,0.2265301780004717,0.17104177156975636,"(0.838, 0.954]","(1.181, 1.263]"
GLD,180,2023-05-22,holdout,0.4826940108709796,0.2401667556507305,0.24252725522024907,0.7291386016805572,1.2406638274169672,0.30062356907293564,0.2156465810622006,"(0.377, 0.729]","(1.181, 1.263]"
GLD,181,2023-06-20,holdout,0.4938169064372731,0.24077831405460284,0.25303859238267024,0.7217975615940506,1.1750262784521157,0.2784102693460597,0.16129051198613592,"(0.377, 0.729]","(0.997, 1.181]"
GLD,182,2023-07-24,holdout,0.28614976092047134,-0.0018690875150989379,0.2880188484355703,0.8072394833641222,1.150255834708424,0.24072587496572906,0.13998438259734491,"(0.729, 0.838]","(0.997, 1.181]"
GLD,183,2023-08-21,holdout,0.6431200960011922,0.3863788897915572,0.25674120620963503,0.6431022380514754,1.2605804912934326,0.31501490729922993,0.23157232224606777,"(0.377, 0.729]","(1.181, 1.263]"
GLD,184,2023-09-18,holdout,-1.266318510588814,-0.5398590948840333,-0.7264594157047807,1.5787556139340981,1.245408076733147,-0.4225717703128977,0.21946324868743128,"(1.099, 2.982]","(1.181, 1.263]"
GLD,185,2023-10-23,holdout,0.6048934069689123,0.4250483938472951,0.17984501312161716,0.6628602763168742,1.25806829865464,0.31360757963200153,0.22957744826289936,"(0.377, 0.729]","(1.181, 1.263]"
GLD,186,2023-11-20,holdout,-1.08364318650462,-0.6021677444824586,-0.4814754420221615,1.5104520138722612,1.2186991692732685,-0.36159758108335605,0.19778403519718862,"(1.099, 2.982]","(1.181, 1.263]"
GLD,187,2023-12-18,holdout,0.45827800041064276,0.28990239205636487,0.1683756083542779,0.812016622612041,1.320033411708201,0.31250578481816965,0.2776570481780911,"(0.729, 0.838]","(1.263, 1.784]"
GLD,188,2024-01-22,holdout,0.3667521346651293,0.14622022731691386,0.22053190734821543,0.831095259500777,1.261179112080685,0.2834178330762943,0.23204708661115284,"(0.729, 0.838]","(1.181, 1.263]"
GLD,189,2024-02-20,holdout,-0.009688235388726997,-0.24594305710095055,0.23625482171222356,1.1646482328240644,1.2597453268510215,0.08791829597975354,0.23090957898726558,"(1.099, 2.982]","(1.181, 1.263]"
GLD,190,2024-03-18,holdout,-0.04804018264161979,-0.11890006235293497,0.07085987971131519,1.2841637354612592,1.254515747261762,-0.030348659519244148,0.2267496393655342,"(1.099, 2.982]","(1.181, 1.263]"
GLD,191,2024-04-22,holdout,0.22328441734607732,0.021696442710403913,0.2015879746356734,0.8830190135532987,1.1642730128119256,0.2133113335535085,0.15209686889666096,"(0.838, 0.954]","(0.997, 1.181]"
GLD,192,2024-05-20,holdout,-0.5246810569410095,-0.3026877104645997,-0.22199334647640984,1.2474223860935818,1.2131980746850048,-0.035189779056302495,0.19325990985856423,"(1.099, 2.982]","(1.181, 1.263]"
GLD,193,2024-06-24,holdout,-0.07647463369136878,-0.02792522157941508,-0.0485494121119537,1.1199643478899566,1.1713544118860548,0.04913546141747238,0.1581606962843875,"(1.099, 2.982]","(0.997, 1.181]"
GLD,194,2024-07-22,holdout,-0.286565742073906,-0.10809237217736606,-0.17847336989653995,1.1222641417876305,1.1052654869148892,-0.01726008913528121,0.10008556576347169,"(1.099, 2.982]","(0.997, 1.181]"
GLD,195,2024-08-19,holdout,0.48892522194530036,0.21318927538030663,0.27573594656499373,0.7474642102216843,1.1756950893608844,0.27225363001415726,0.16185953810379713,"(0.729, 0.838]","(0.997, 1.181]"
GLD,196,2024-09-23,holdout,0.5308521321757868,0.33849207229142775,0.192360059884359,0.6745631229735274,1.180465780562449,0.2890920535292353,0.16590908988267314,"(0.377, 0.729]","(0.997, 1.181]"
GLD,197,2024-10-21,holdout,-0.07364762629848622,-0.23788752156851894,0.16423989527003274,1.0991938099678675,1.140721507245148,0.04001589125784433,0.13166096330120855,"(0.954, 1.099]","(0.997, 1.181]"
GLD,198,2024-11-18,holdout,-0.09690548432149769,-0.016636045159629388,-0.0802694391618683,1.1145428972058835,1.197902087894159,0.07755842053984074,0.18057176671561204,"(1.099, 2.982]","(1.181, 1.263]"
GLD,199,2024-12-23,holdout,0.47403957424248244,0.17464101182269862,0.2993985624197838,0.82264532412462,1.2943604302681624,0.29980383926565024,0.2580166969136599,"(0.729, 0.838]","(1.263, 1.784]"
GLD,200,2025-01-21,holdout,0.18701104200764046,-0.05001550322854977,0.23702654523619024,0.9687980360463109,1.2547220650223638,0.22076812503134824,0.2269140859238131,"(0.954, 1.099]","(1.181, 1.263]"
GLD,201,2025-02-24,holdout,0.14965663795316825,0.01618231152229687,0.13347432643087137,0.8961880832343885,1.1391961935227557,0.19117073407372875,0.13032292031005133,"(0.838, 0.954]","(0.997, 1.181]"
GLD,202,2025-03-24,holdout,-2.470251902345663,-1.1741411959652195,-1.2961107063804433,1.8037342670427363,1.1779969101226277,-0.9581212846543536,0.16381546224007015,"(1.099, 2.982]","(0.997, 1.181]"
GLD,203,2025-04-21,holdout,-0.06566076906481585,-0.1608280466078499,0.09516727754303406,1.0397182201973993,1.1630761203803905,0.11027434419649229,0.15106832314047694,"(0.954, 1.099]","(0.997, 1.181]"
GLD,204,2025-05-19,holdout,0.22858066704287894,0.06089298753146892,0.16768767951141,0.9364344276859394,1.176839590638587,0.19129512039967056,0.16283253236205483,"(0.838, 0.954]","(0.997, 1.181]"
GLD,205,2025-06-23,holdout,0.4508232115967142,0.29054071273642645,0.16028249886028773,0.7237394805592794,1.1598840668033492,0.27214362653241114,0.1483200577127919,"(0.377, 0.729]","(0.997, 1.181]"
GLD,206,2025-07-21,holdout,0.2272334178982137,0.10637618879289204,0.12085722910532165,0.8440049112149149,1.1128723347358722,0.20390966585690773,0.10694436197307584,"(0.838, 0.954]","(0.997, 1.181]"
SLV,24,2010-11-22,estimation,0.43683105515648785,0.2109921528083079,0.22583890234817994,0.8018723046265355,1.172783689043676,0.25360479465511643,0.15938014434862224,"(0.729, 0.838]","(0.997, 1.181]"
SLV,25,2010-12-20,estimation,0.5009592027087153,0.20763021830832076,0.29332898440039457,0.7721894061460091,1.1731134749033951,0.2639039830216783,0.15966130404049614,"(0.729, 0.838]","(0.997, 1.181]"
SLV,26,2011-01-24,estimation,0.28068370504006396,0.03251018759765695,0.248173517442407,0.8278058956708354,1.2207479137658566,0.2664593693487518,0.19946371498078672,"(0.729, 0.838]","(1.181, 1.263]"
SLV,27,2011-02-22,estimation,0.04521316234523129,-0.024335175103514996,0.06954833744874628,0.9878546778106942,1.1888235366335722,0.16699537077187654,0.17296419343406502,"(0.954, 1.099]","(1.181, 1.263]"
SLV,28,2011-03-21,estimation,0.4467823161901528,0.20593341013418998,0.24084890605596282,0.6827861033879533,1.1984880923533725,0.2937986232835224,0.18106083938476603,"(0.377, 0.729]","(1.181, 1.263]"
SLV,29,2011-04-18,estimation,-2.253730891786045,-0.9435765345024663,-1.3101543572835788,1.973972747027422,1.181458025346113,-1.3241286856201495,0.16674929043406586,"(1.099, 2.982]","(1.181, 1.263]"
SLV,30,2011-05-23,estimation,0.3165428535829121,0.23849400650307195,0.07804884707984017,0.8603877927140182,1.2300694327480874,0.2585785499646265,0.20707061717980832,"(0.838, 0.954]","(1.181, 1.263]"
SLV,31,2011-06-20,estimation,0.1245545985162563,-0.21584304016563793,0.3403976386818942,1.0117365754355891,1.239865270952889,0.18615421414608768,0.21500272125649209,"(0.954, 1.099]","(1.181, 1.263]"
SLV,32,2011-07-18,estimation,-0.19169014450325483,-0.15095173661147412,-0.04073840789178071,1.0966579460820283,1.1312972692164909,0.03357869765620536,0.12336500010178679,"(0.954, 1.099]","(0.997, 1.181]"
SLV,33,2011-08-22,estimation,0.4447415570171731,0.1387065555576666,0.3060350014595065,0.8012973382756815,1.1501980773766192,0.24306529376370734,0.13993416874040693,"(0.729, 0.838]","(0.997, 1.181]"
SLV,34,2011-09-19,estimation,-1.566251289800801,-0.7525849117876744,-0.8136663780131266,1.7927066056309324,1.2137560771766354,-0.855104626217658,0.1937197475535079,"(1.099, 2.982]","(1.181, 1.263]"
SLV,35,2011-10-24,estimation,0.1883420210308422,0.05399799008741128,0.1343440309434309,0.879811747673487,1.3863152885044878,0.32144763110999164,0.32664935578132737,"(0.838, 0.954]","(1.263, 1.784]"
SLV,36,2011-11-21,estimation,0.3761272851126898,0.06119840721879598,0.3149288778938938,0.9156855106808085,1.3484715865542056,0.29388527192800773,0.29897179296721377,"(0.838, 0.954]","(1.263, 1.784]"
SLV,37,2011-12-19,estimation,0.12466499678891524,0.06721032852202209,0.05745466826689315,1.0048628976778065,1.259888537116765,0.20340355156752798,0.23102325444459745,"(0.954, 1.099]","(1.181, 1.263]"
SLV,38,2012-01-23,estimation,0.5859620548422292,0.2785348954510534,0.30742715939117576,0.6123178907723685,1.219376945510864,0.30483856640082063,0.1983400278923679,"(0.377, 0.729]","(1.181, 1.263]"
SLV,39,2012-02-21,estimation,-0.28591624559751394,-0.3076381581259323,0.021721912528418374,1.2371495649800184,1.2064621837968985,-0.031467940554582796,0.18769226186764545,"(1.099, 2.982]","(1.181, 1.263]"
SLV,40,2012-03-19,estimation,0.2606773908856671,0.03804070778201758,0.22263668310364954,0.9217170488075047,1.2504066759315122,0.24228824023247075,0.22346883914759522,"(0.838, 0.954]","(1.181, 1.263]"
SLV,41,2012-04-23,estimation,0.4999673170786318,0.2345243365186518,0.26544298055998,0.7814248134248326,1.320035141146514,0.31884262905534877,0.27765835832461067,"(0.729, 0.838]","(1.263, 1.784]"
SLV,42,2012-05-21,estimation,0.63609330748283,0.5236988579630261,0.11239444951980393,0.6451962566545495,1.3479283229435033,0.3363681071784656,0.2985688381858108,"(0.377, 0.729]","(1.263, 1.784]"
SLV,43,2012-06-18,estimation,0.30567009279793095,0.035316056376973395,0.27035403642095757,0.9143895017626601,1.339353660649614,0.2901270791488777,0.2921871547993167,"(0.838, 0.954]","(1.263, 1.784]"
SLV,44,2012-07-23,estimation,0.6505193651495274,0.32936315393147975,0.3211562112180476,0.5624100398040653,1.2684904952645082,0.3130545625236039,0.237827607135559,"(0.377, 0.729]","(1.263, 1.784]"
SLV,45,2012-08-20,estimation,-0.39288476016780866,-0.3564514814080634,-0.03643327875974528,1.1616047131493168,1.3010124129977834,0.12446971264490148,0.2631427406053619,"(1.099, 2.982]","(1.263, 1.784]"
SLV,46,2012-09-24,estimation,0.6878140408946184,0.36594434343557647,0.3218696974590419,0.6195025562165808,1.3425431232351026,0.33363954703883336,0.29456566847538845,"(0.377, 0.729]","(1.263, 1.784]"
SLV,47,2012-10-22,estimation,0.34836201172855197,0.32599399697716636,0.022368014751385612,0.9184495637765471,1.2880192444270615,0.26352953455248185,0.2531055688958997,"(0.838, 0.954]","(1.263, 1.784]"
SLV,48,2012-11-19,estimation,0.06620685310285267,-0.05501615936689777,0.12122301246975044,1.080086347875952,1.2629937272273963,0.15641864175917153,0.233484876790222,"(0.954, 1.099]","(1.181, 1.263]"
SLV,49,2012-12-24,estimation,0.5141254804396069,0.19543106697041404,0.3186944134691929,0.7255876696612706,1.30972567859974,0.3236122980496036,0.26981770963558244,"(0.377, 0.729]","(1.263, 1.784]"
SLV,50,2013-01-22,estimation,0.30946615098635355,0.11799690732275706,0.1914692436635965,0.8918519465366556,1.226803008152343,0.24350018243464777,0.20441160528653382,"(0.838, 0.954]","(1.181, 1.263]"
SLV,52,2013-03-18,estimation,-3.3837029018497233,-0.31309348633415723,-3.070609415515566,2.623914166127791,1.32907329203047,-2.556331041183365,0.2844819264651794,"(1.099, 2.982]","(1.263, 1.784]"
SLV,53,2013-04-22,estimation,0.2911214280881365,0.03740439890695889,0.2537170291811776,0.9097696390331472,1.3267348634536307,0.28592171062945493,0.28272093392035424,"(0.838, 0.954]","(1.263, 1.784]"
SLV,54,2013-05-20,estimation,0.14827919233416215,0.09365922653739146,0.054619965796770684,1.0867699694203037,1.2494015759867105,0.14146224039726096,0.22266469747137488,"(0.954, 1.099]","(1.181, 1.263]"
SLV,55,2013-06-24,estimation,-0.06610855697552284,-0.11414937725730334,0.0480408202817805,1.1546375774834674,1.3781277908426308,0.18724693040730833,0.32072590475225193,"(1.099, 2.982]","(1.263, 1.784]"
SLV,56,2013-07-22,estimation,0.08733219620769224,-0.12435551649751979,0.21168771270521203,0.9678023385904863,1.2454342528296851,0.21574227243033284,0.21948426655454265,"(0.954, 1.099]","(1.181, 1.263]"
SLV,58,2013-09-23,estimation,0.6548111530021988,0.5803905912620704,0.07442056174012845,0.5939712949601766,1.217543628454458,0.3042059912851752,0.19683540979208272,"(0.377, 0.729]","(1.181, 1.263]"
SLV,59,2013-10-21,estimation,0.6007790355512518,0.2605580384115598,0.340220997139692,0.665721450124639,1.2364107337882626,0.3072766089041418,0.21221261272330905,"(0.377, 0.729]","(1.181, 1.263]"
SLV,60,2013-11-18,estimation,0.09625300243032293,-0.1251674632404249,0.22142046567074786,1.048448104858907,1.244388087708213,0.16508748815073204,0.21864391327631444,"(0.954, 1.099]","(1.181, 1.263]"
SLV,62,2014-01-21,estimation,0.2916909004751027,0.10223157073188556,0.18945932974321716,0.9593804947234701,1.2898893524373156,0.2458224426962291,0.25455644139043404,"(0.954, 1.099]","(1.263, 1.784]"
SLV,63,2014-02-24,estimation,0.40929666750550825,0.022021975095641244,0.387274692409867,0.8148734731387299,1.3120009472859182,0.3087619656746504,0.2715534125383426,"(0.729, 0.838]","(1.263, 1.784]"
SLV,64,2014-03-24,estimation,0.8248999292529687,0.7168236342910387,0.10807629496193005,0.37836068331617145,1.2817310414798428,0.2666704752720593,0.24821154045064703,"(0.377, 0.729]","(1.263, 1.784]"
SLV,66,2014-05-19,estimation,0.34303122488867543,0.27339133636601193,0.0696398885226635,0.872248722330596,1.2471876786631797,0.2622219824714809,0.22089115951376842,"(0.838, 0.954]","(1.181, 1.263]"
SLV,67,2014-06-23,estimation,0.542649282161482,0.3499368356691476,0.19271244649233443,0.7651189194256917,1.389811331956127,0.34390566018481944,0.32916800552445974,"(0.729, 0.838]","(1.263, 1.784]"
SLV,70,2014-09-22,estimation,0.6445151626011852,0.30455851073138546,0.3399566518697998,0.7493772110308512,1.469527736377347,0.3672366154428157,0.38494108140258676,"(0.729, 0.838]","(1.263, 1.784]"
SLV,71,2014-10-20,estimation,0.23476254006519054,-0.03865148875609706,0.2734140288212876,1.0803386757678213,1.3064358042797906,0.1869678338662678,0.26730266912632183,"(0.954, 1.099]","(1.263, 1.784]"
SLV,72,2014-11-24,estimation,-0.9681931474804673,-0.8292923854665822,-0.13890076201388502,1.6264042618407002,1.4070640238010397,-0.2535321008188183,0.3415052808646058,"(1.099, 2.982]","(1.263, 1.784]"
SLV,73,2014-12-22,estimation,-0.012467646399972838,-0.008630872528837498,-0.003836773871135341,1.051756091176812,1.292281340845781,0.19575760202154857,0.25640913772758367,"(0.954, 1.099]","(1.263, 1.784]"
SLV,74,2015-01-20,estimation,0.22310541738042192,-0.03687935378694667,0.25998477116736857,0.9392947798276385,1.2046073054346598,0.20687793374757946,0.1861536262236214,"(0.838, 0.954]","(1.181, 1.263]"
SLV,75,2015-02-23,estimation,0.5298649865432521,0.09557696214919348,0.4342880243940586,0.681644135535262,1.169672700623938,0.28440589336566824,0.15672396661781396,"(0.377, 0.729]","(0.997, 1.181]"
SLV,78,2015-05-18,estimation,0.6613633550564902,0.017021959712026448,0.6443413953444638,0.667723383201984,1.2295090049142705,0.305095281502321,0.2066149066930565,"(0.377, 0.729]","(1.181, 1.263]"
SLV,80,2015-07-20,estimation,0.5546446478543758,0.26084637463816424,0.2937982732162116,0.6612594167190285,1.2270169945820146,0.3048959611757379,0.20458601614794625,"(0.377, 0.729]","(1.181, 1.263]"
SLV,91,2016-06-20,estimation,0.1496688002155477,-0.054521467238194024,0.20419026745374175,1.0819753017003213,1.3060358937422964,0.18562125883012215,0.26699651419961345,"(0.954, 1.099]","(1.263, 1.784]"
SLV,92,2016-07-18,estimation,0.18183408960862799,0.1229103100198707,0.05892377958875729,0.9106746867784196,1.1845763197648869,0.2105691964849984,0.16938517459245064,"(0.838, 0.954]","(1.181, 1.263]"
SLV,130,2019-09-23,estimation,0.18503651278750993,-0.010559256036081613,0.19559576882359153,0.8136976549435047,1.2505819607467972,0.2842610450749463,0.22360901156821425,"(0.729, 0.838]","(1.181, 1.263]"
SLV,136,2020-03-23,estimation,0.6496185822499345,0.3517122328917128,0.29790634935822174,0.5522972268605219,1.1558652316657694,0.2883977527339171,0.14484918185001658,"(0.377, 0.729]","(0.997, 1.181]"
SLV,137,2020-04-20,estimation,0.5816640084079844,0.33220119775015994,0.24946281065782444,0.6972991263982751,1.370581513527338,0.34254016687864547,0.3152351122100542,"(0.377, 0.729]","(1.263, 1.784]"
SLV,138,2020-05-18,estimation,0.5198549638338128,0.34697402364436714,0.17288094018944566,0.7446055430004285,1.1385702122654027,0.25764618933544553,0.12977327547244036,"(0.729, 0.838]","(0.997, 1.181]"
SLV,139,2020-06-22,estimation,0.5532794465890588,0.1817196279152331,0.3715598186738257,0.7687764954772965,1.4132500046356389,0.3505792210674312,0.3458920198533897,"(0.729, 0.838]","(1.263, 1.784]"
SLV,140,2020-07-20,estimation,-4.05152712928555,-1.0471623900462481,-3.0043647392393025,2.6700969578639193,1.367554316077781,-2.543164175954669,0.31302397377770125,"(1.099, 2.982]","(1.263, 1.784]"
SLV,141,2020-08-24,estimation,0.7479295633502583,0.625826797927788,0.12210276542247034,0.527113555192642,1.1685438270880373,0.2893401027751885,0.15575838142907647,"(0.377, 0.729]","(0.997, 1.181]"
SLV,142,2020-09-21,estimation,0.12970923925415748,0.00747784736310796,0.12223139189104952,0.9847523905729735,1.2953527631001664,0.23612445047554786,0.2587830619946372,"(0.954, 1.099]","(1.263, 1.784]"
SLV,143,2020-10-19,estimation,0.5190786961850284,0.5429563864498408,-0.023877690264812346,0.7428573781510032,1.2710589926079396,0.30870201047516344,0.2398504054558858,"(0.729, 0.838]","(1.263, 1.784]"
SLV,144,2020-11-23,estimation,0.21433791030479368,-0.0755733501039872,0.2899112604087809,0.9911875330472415,1.2886273393239327,0.22878501706173415,0.25357757379715057,"(0.954, 1.099]","(1.263, 1.784]"
SLV,145,2020-12-21,estimation,0.2726358756295376,0.05014423550958587,0.22249164011995176,0.8893692700600886,1.1517783722589277,0.20262456502112514,0.14130715857339152,"(0.838, 0.954]","(0.997, 1.181]"
SLV,146,2021-01-19,estimation,-0.12352142355490996,-0.12558624893438886,0.002064825379478899,1.2391956837250173,1.19982844209203,-0.04065890939099437,0.18217858165018752,"(1.099, 2.982]","(1.181, 1.263]"
SLV,147,2021-02-22,estimation,0.6245552303418701,0.22645471715939147,0.39810051318247863,0.5519896326254399,1.3429795213443878,0.3251115978651213,0.2948906689843265,"(0.377, 0.729]","(1.263, 1.784]"
SLV,148,2021-03-22,estimation,0.5443964617411132,0.4640033100447948,0.08039315169631844,0.7505498581836837,1.3745586925539743,0.3407273510247703,0.31813272873294435,"(0.729, 0.838]","(1.263, 1.784]"
SLV,149,2021-04-19,estimation,0.3468855887650285,-0.05734884466711235,0.4042344334321408,0.9438832165021634,1.3661721006476877,0.2917578173872962,0.31201274197379925,"(0.838, 0.954]","(1.263, 1.784]"
SLV,150,2021-05-24,estimation,0.4423214477159334,0.3304082572881563,0.11191319042777709,0.7823249638409296,1.2400228123633377,0.288759568957387,0.21512977651492932,"(0.729, 0.838]","(1.181, 1.263]"
SLV,151,2021-06-21,estimation,0.7190774250893123,0.3481782943683582,0.3708991307209541,0.6089190019069302,1.4627537944193325,0.3554365961200281,0.380320819714177,"(0.377, 0.729]","(1.263, 1.784]"
SLV,152,2021-07-19,estimation,0.3909740230611245,0.0708854963614129,0.3200885266997116,0.8535883732474966,1.3525171756102645,0.3148794207238048,0.30196743081517796,"(0.838, 0.954]","(1.263, 1.784]"
SLV,153,2021-08-23,estimation,0.18079693563732993,-0.22329441197038227,0.4040913476077122,1.0114955165336141,1.3224075115146052,0.23781329599345724,0.27945394772225135,"(0.954, 1.099]","(1.263, 1.784]"
SLV,154,2021-09-20,estimation,0.38088058442799366,0.15216439044766197,0.2287161939803317,0.8308193384155383,1.3054019704950555,0.3020467544248301,0.2665110167130571,"(0.729, 0.838]","(1.263, 1.784]"
SLV,155,2021-10-18,estimation,0.4619963761181734,0.07697423806313236,0.38502213805504104,0.8121037259107965,1.369212708532307,0.3304309678883079,0.31423590935175527,"(0.729, 0.838]","(1.263, 1.784]"
SLV,156,2021-11-22,estimation,0.4934645991539115,0.00507971322812773,0.4883848859257838,0.7519311905306238,1.2622286443724862,0.30399292054001625,0.23287892391500203,"(0.729, 0.838]","(1.181, 1.263]"
SLV,157,2021-12-20,estimation,0.383677699887369,0.10769806758003508,0.2759796323073339,0.8520739295053348,1.299705950793231,0.2934629753125385,0.2621380471847762,"(0.838, 0.954]","(1.263, 1.784]"
SLV,158,2022-01-24,holdout,0.4111574577545956,0.3279442212929842,0.08321323646161144,0.8178850074236887,1.4045514882238643,0.34162202171117845,0.3397180263589729,"(0.729, 0.838]","(1.263, 1.784]"
SLV,159,2022-02-22,holdout,0.09827875899188875,0.04407982355576496,0.05419893543612379,1.047551803794679,1.3274095307866922,0.2208553275511117,0.28322932174511367,"(0.954, 1.099]","(1.263, 1.784]"
SLV,160,2022-03-21,holdout,0.6669985893310588,0.5352387355736398,0.13175985375741905,0.5867070157987186,1.3130116515893078,0.3245424554379802,0.27232346930208323,"(0.377, 0.729]","(1.263, 1.784]"
SLV,161,2022-04-18,holdout,-0.03012505194666074,-0.06010358373446224,0.029978531787801504,1.037098820349848,1.304630287505134,0.212670648267561,0.2659196960425622,"(0.954, 1.099]","(1.263, 1.784]"
SLV,162,2022-05-23,holdout,0.28632909629651176,0.25782463759710444,0.02850445869940732,0.8814783246353299,1.163989219496418,0.2139429009498195,0.1518530876653418,"(0.838, 0.954]","(0.997, 1.181]"
SLV,163,2022-06-21,holdout,0.19803826676118494,-0.06227810455055006,0.260316371311735,0.9867114393899219,1.2746018669943735,0.22286549672017897,0.2426338686658318,"(0.954, 1.099]","(1.263, 1.784]"
SLV,164,2022-07-18,holdout,0.049751958538500556,0.029273696934100372,0.020478261604400184,0.9871687913315116,1.1441382503529238,0.13543411479367184,0.13465173386664714,"(0.954, 1.099]","(0.997, 1.181]"
SLV,165,2022-08-22,holdout,0.06206948181758806,-0.22592111496230227,0.28799059677989036,1.0273095831795662,1.2227524056517012,0.1642035489451973,0.20110438784631315,"(0.954, 1.099]","(1.181, 1.263]"
SLV,166,2022-09-19,holdout,-0.7528004209910936,-0.5442015632026234,-0.2085988577884702,1.4112088772101743,1.282054260126865,-0.14216570064874712,0.24846368219475637,"(1.099, 2.982]","(1.263, 1.784]"
SLV,167,2022-10-24,holdout,0.10618660751365068,-0.1400186686297206,0.2462052761433713,1.00168643952814,1.2482779897176324,0.1978785286303989,0.22176499331372523,"(0.954, 1.099]","(1.181, 1.263]"
SLV,168,2022-11-21,holdout,0.008623375604486828,-0.1166501384402117,0.12527351404469853,1.0914070494232129,1.237258765019983,0.12865828480933295,0.2128982591003626,"(0.954, 1.099]","(1.181, 1.263]"
SLV,169,2022-12-19,holdout,0.18258518978852806,-0.019388739847285556,0.20197392963581362,1.0358425198370556,1.3413665777143167,0.2359346171586415,0.2936889284004637,"(0.954, 1.099]","(1.263, 1.784]"
SLV,170,2023-01-23,holdout,0.46012607831017216,0.02325194577822879,0.43687413253194335,0.7591932577881212,1.1788795254569848,0.2702761206043933,0.1645644326674478,"(0.729, 0.838]","(0.997, 1.181]"
SLV,171,2023-02-21,holdout,-0.7193740060596546,-0.5187214275072656,-0.20065257855238905,1.3434774294813243,1.1448777484200967,-0.23305037535767115,0.13529786136710714,"(1.099, 2.982]","(0.997, 1.181]"
SLV,172,2023-03-20,holdout,0.6822968715431246,0.16777948202287624,0.5145173895202484,0.6792281070947319,1.2181154066889741,0.30048663569218603,0.19730491577528428,"(0.377, 0.729]","(1.181, 1.263]"
SLV,173,2023-04-24,holdout,0.23957805447613473,-0.09705396760416515,0.33663202208029985,0.9067434536328862,1.2424363370691562,0.2449922908766654,0.21707423990464447,"(0.838, 0.954]","(1.181, 1.263]"
SLV,174,2023-05-22,holdout,0.4098481927951048,0.3054907270051439,0.10435746578996091,0.8176846112239119,1.2100970376708353,0.26516022465131084,0.19070055281526652,"(0.729, 0.838]","(1.181, 1.263]"
SLV,175,2023-06-20,holdout,0.16487028752933708,-0.21158162399762312,0.3764519115269602,0.9924971979557766,1.2446234732605508,0.20105246859556114,0.21883305305913484,"(0.954, 1.099]","(1.181, 1.263]"
SLV,176,2023-07-24,holdout,0.04828582493624948,-0.25825061727104137,0.30653644220729087,0.9681312461741526,1.224270857424509,0.20255057084021233,0.2023454483549052,"(0.954, 1.099]","(1.181, 1.263]"
SLV,177,2023-08-21,holdout,0.07640612827544328,-0.00896509198030322,0.0853712202557465,1.0139871233206723,1.2364310535007534,0.1824244710004831,0.2122290470237934,"(0.954, 1.099]","(1.181, 1.263]"
SLV,178,2023-09-18,holdout,-0.260743162257692,0.1667398134023276,-0.4274829756600196,1.169573986071054,1.2215803033255044,0.04979225320396807,0.2001453511229334,"(1.099, 2.982]","(1.181, 1.263]"
SLV,179,2023-10-23,holdout,0.4910941013170116,0.12461213178807479,0.3664819695289368,0.7361698316484995,1.275261265544255,0.3112012109650439,0.24315107177070908,"(0.729, 0.838]","(1.263, 1.784]"
SLV,180,2023-11-20,holdout,-0.46143007791954394,-0.4749899425904533,0.01355986467090936,1.2613142485042597,1.16868807195553,-0.09996740710281626,0.1558818136548088,"(1.099, 2.982]","(0.997, 1.181]"
SLV,181,2023-12-18,holdout,0.5166456313913538,0.20839316271895222,0.3082524686724015,0.6840550933326165,1.2185846983738557,0.3000593223872508,0.19769010202755136,"(0.377, 0.729]","(1.181, 1.263]"
SLV,182,2024-01-22,holdout,0.09939165726039906,-0.25317351145972544,0.3525651687201245,1.013393379382434,1.2536293013694217,0.19419894905576007,0.22604278556556523,"(0.954, 1.099]","(1.181, 1.263]"
SLV,184,2024-03-18,holdout,0.07641346755893079,-0.4214488236618423,0.4978622912207731,1.2752110576177167,1.3188289363499153,0.04217529638307127,0.276744173398687,"(1.099, 2.982]","(1.263, 1.784]"
SLV,185,2024-04-22,holdout,-0.1631212680950321,-0.0975897831094015,-0.0655314849856306,1.1913207680349667,1.206251433402692,0.014745857489243397,0.18751756198346506,"(1.099, 2.982]","(1.181, 1.263]"
SLV,186,2024-05-20,holdout,-0.33256059157754697,-0.22022273307195084,-0.11233785850559613,1.1592657193264682,1.1295853880045965,-0.03046019451480153,0.12185065212483687,"(1.099, 2.982]","(0.997, 1.181]"
SLV,187,2024-06-24,holdout,0.25505895728531025,0.13511829235151324,0.11994066493379701,0.9335555119441973,1.1926418154393141,0.20280309105883498,0.17617085950986702,"(0.838, 0.954]","(1.181, 1.263]"
SLV,188,2024-07-22,holdout,-0.35641638002670495,-0.027538559016760885,-0.32887782100994406,1.1233302719186196,1.1592642087386418,0.034820085632646824,0.14778550105162025,"(1.099, 2.982]","(0.997, 1.181]"
SLV,189,2024-08-19,holdout,0.13884205144566653,-0.1490285238461136,0.2878705752917801,0.9555823565716589,1.1757008846127994,0.17890722419581306,0.16186446730498585,"(0.954, 1.099]","(0.997, 1.181]"
SLV,190,2024-09-23,holdout,-0.13340236030379374,0.07634755635236053,-0.20974991665615428,1.0872090176288518,1.1315538228676756,0.04260696324498414,0.12359175267351494,"(0.954, 1.099]","(0.997, 1.181]"
SLV,191,2024-10-21,holdout,0.27590193346050856,0.047744189704046126,0.22815774375646244,0.8188125696142154,1.1136432649739676,0.21677595228334434,0.10763686129264449,"(0.729, 0.838]","(0.997, 1.181]"
SLV,192,2024-11-18,holdout,0.3135495239883924,0.12369717767129487,0.18985234631709755,0.8451132436880584,1.1619472432535203,0.23044127918724,0.1500972557239206,"(0.838, 0.954]","(0.997, 1.181]"
SLV,193,2024-12-23,holdout,0.3674145878147403,0.12387718992994957,0.24353739788479073,0.8644478824500935,1.1618459047393426,0.22127296706396138,0.1500100375355638,"(0.838, 0.954]","(0.997, 1.181]"
SLV,194,2025-01-21,holdout,0.6111730794327437,0.17916236374489955,0.4320107156878441,0.6908362136410173,1.1750914589157104,0.2846936360086061,0.1613459819420237,"(0.377, 0.729]","(0.997, 1.181]"
SLV,195,2025-02-24,holdout,0.25553860557892266,0.07877714575055235,0.17676145982837033,0.8802875034812732,1.1597463871881695,0.2121189302951395,0.1482013494805349,"(0.838, 0.954]","(0.997, 1.181]"
SLV,196,2025-03-24,holdout,-1.7007475818853106,-0.5413338534403829,-1.1594137284449277,1.665979049039487,1.1427851877967847,-0.7627242816271187,0.1334684299646026,"(1.099, 2.982]","(0.997, 1.181]"
SLV,197,2025-04-21,holdout,0.45422940925865135,0.24346315290108064,0.2107662563575707,0.7584722853260679,1.1766325030362526,0.26955139785843385,0.16265654760878295,"(0.729, 0.838]","(0.997, 1.181]"
SLV,198,2025-05-19,holdout,0.016091576780017363,-0.2549343620689327,0.2710259388489501,1.1632537507821998,1.1885842501218762,0.024790668699373297,0.1727628930817762,"(1.099, 2.982]","(1.181, 1.263]"
SLV,199,2025-06-23,holdout,0.40723005134809304,0.0006991302312724955,0.40653092111682054,0.8796923727495685,1.2147980749751544,0.24266578650839998,0.19457786954476544,"(0.838, 0.954]","(1.181, 1.263]"
SLV,200,2025-07-21,holdout,0.3978394235057495,0.12945019765516008,0.26838922585058944,0.7907775088253902,1.2181965697534431,0.2774538925959885,0.19737154358427086,"(0.729, 0.838]","(1.181, 1.263]"
UNG,2,2007-06-18,estimation,-0.4500202716340514,-0.18470047544645443,-0.26531979618759693,1.075026088095978,1.0203752256233298,-0.05757793938906386,0.02017042790740813,"(0.954, 1.099]","(0.997, 1.181]"
UNG,5,2007-09-24,estimation,0.1750344124977526,-0.022524845465699172,0.19755925796345175,0.9412690790728294,1.1296046623001543,0.15693495866071738,0.12186771513868618,"(0.838, 0.954]","(0.997, 1.181]"
UNG,7,2007-11-19,estimation,0.3701225111526134,0.09126558742354648,0.2788569237290669,0.7277814572098701,1.0757360780176302,0.23540618014879783,0.07300515100061347,"(0.377, 0.729]","(0.997, 1.181]"
UNG,11,2008-03-24,estimation,0.23253521505206334,0.07917295522098677,0.15336225983107657,0.8302505342110483,1.0578131028602058,0.17860805814991854,0.05620366647055416,"(0.729, 0.838]","(0.997, 1.181]"
UNG,12,2008-04-21,estimation,0.17252064927450125,0.12891320089171737,0.04360744838278388,0.9083432713699935,1.015808371590234,0.09609607817992494,0.015684720727533113,"(0.838, 0.954]","(0.997, 1.181]"
UNG,13,2008-05-19,estimation,0.21031702999101778,0.009354553833536512,0.20096247615748128,0.8337208986028017,0.9984930603622572,0.13758132151362124,-0.0015080762132560434,"(0.729, 0.838]","(0.997, 1.181]"
UNG,14,2008-06-23,estimation,-0.9547748523160018,-0.3740524404767758,-0.580722411839226,1.3589993440761845,1.0191170924210122,-0.4532352175207146,0.01893665678625256,"(1.099, 2.982]","(0.997, 1.181]"
UNG,17,2008-09-22,estimation,0.002780454761880523,-0.14036952785301363,0.14314998261489414,0.939783909399804,1.0981691844477215,0.13554189562398988,0.09364441541405603,"(0.838, 0.954]","(0.997, 1.181]"
UNG,19,2008-11-24,estimation,0.11574515554942169,-0.11019316934686464,0.22593832489628635,0.879736337042584,1.0386093503067957,0.13457067635939313,0.03788265518631999,"(0.838, 0.954]","(0.997, 1.181]"
UNG,62,2012-06-18,estimation,0.37008288161553043,0.15429400873874782,0.2157888728767826,0.7942520031771135,1.0921184518246563,0.21662579102321367,0.08811934380691286,"(0.729, 0.838]","(0.997, 1.181]"
UNG,63,2012-07-23,estimation,0.15381047925173758,-0.008913893566986136,0.1627243728187237,0.9032238496903211,1.0786649580542698,0.14690622153542687,0.07572412652280479,"(0.838, 0.954]","(0.997, 1.181]"
UNG,82,2014-02-24,estimation,0.6090980391246023,0.3562310765388788,0.25286696258572344,0.5936735212032804,1.2836357585767157,0.3191032255232244,0.24969648790286603,"(0.377, 0.729]","(1.263, 1.784]"
UNG,87,2014-07-21,estimation,0.11112094292882885,-0.18694552098781947,0.2980664639166483,0.9544968914260865,1.1537708745390134,0.1648562999992349,0.14303559944612876,"(0.954, 1.099]","(0.997, 1.181]"
UNG,88,2014-08-18,estimation,0.17490105475410142,0.2054051885319437,-0.03050413377784228,0.9411185256512564,1.0763193997338127,0.11821774030534482,0.07354725759265876,"(0.838, 0.954]","(0.997, 1.181]"
UNG,90,2014-10-20,estimation,-0.19384204092362342,-0.13641036397397274,-0.05743167694965068,1.2065701686499657,1.1596742476133421,-0.04879233928890381,0.14813914465768546,"(1.099, 2.982]","(0.997, 1.181]"
UNG,92,2014-12-22,estimation,-0.2150051626388974,-0.2167108288540544,0.001705666215156998,1.1185833545966462,1.055196872257424,-0.06719415676375395,0.05372735829358774,"(1.099, 2.982]","(0.997, 1.181]"
UNG,93,2015-01-20,estimation,0.5530739137760925,0.27909055269298233,0.27398336108311017,0.697347786184565,1.1125290749743664,0.2602410661577482,0.10663586952516928,"(0.377, 0.729]","(0.997, 1.181]"
UNG,130,2018-02-20,estimation,0.6317883016396869,0.3864640353461002,0.24532426629358672,0.5804689500308604,1.0299738658649416,0.253330356405503,0.02953342897298706,"(0.377, 0.729]","(0.997, 1.181]"
UNG,138,2018-10-22,estimation,-1.6118641689591289,-0.20915564538251957,-1.4027085235766092,2.7325015400539803,0.9979058490723339,-4.749732052762805,-0.002096346727813515,"(1.099, 2.982]","(0.997, 1.181]"
UNG,140,2018-12-24,estimation,-0.12548799806682975,0.0985911945775525,-0.22407919264438225,1.0872208083647168,1.1771008878107858,0.08301709194441464,0.16305454067166533,"(0.954, 1.099]","(0.997, 1.181]"
UNG,141,2019-01-22,estimation,0.4530871432018741,0.27941772286359184,0.17366942033828225,0.6762947280671242,1.1577626001821972,0.28124434456068825,0.14648934965545218,"(0.377, 0.729]","(0.997, 1.181]"
UNG,146,2019-06-24,estimation,0.14023777799569537,0.23217281567600007,-0.0919350376803047,0.8921616045413765,1.0162091499410781,0.10890519648404462,0.016079184212020158,"(0.838, 0.954]","(0.997, 1.181]"
UNG,148,2019-08-19,estimation,0.2120042148200787,-0.00466778456162891,0.21667199938170761,0.854662287578259,1.0256480030840232,0.14248069739125702,0.025324610968072103,"(0.838, 0.954]","(0.997, 1.181]"
UNG,149,2019-09-23,estimation,0.4018522815155165,0.12024881103651325,0.28160347047900325,0.7187920371996359,1.0740390625428318,0.23774622540356943,0.0714263665079723,"(0.377, 0.729]","(0.997, 1.181]"
UNG,151,2019-11-18,estimation,0.18293904579840173,0.04104988548097064,0.1418891603174311,0.8260685187771764,1.0657432890573468,0.18577436471471587,0.06367247972320388,"(0.729, 0.838]","(0.997, 1.181]"
UNG,152,2019-12-23,estimation,0.65578622623006,0.4589786856462001,0.1968075405838599,0.5688170089932183,1.1128750527843534,0.2780810553832606,0.10694680434231901,"(0.377, 0.729]","(0.997, 1.181]"
UNG,156,2020-04-20,estimation,0.1871266085295527,0.035576124224238684,0.15155048430531404,0.8720592661158276,1.038517795873095,0.13977777162383898,0.03779450031922053,"(0.838, 0.954]","(0.997, 1.181]"
UNG,157,2020-05-18,estimation,0.9162013056802483,0.3140364449676993,0.6021648607125489,0.5496577621045222,1.3278390473180326,0.32212743299424307,0.283552844400302,"(0.377, 0.729]","(1.263, 1.784]"
UNG,158,2020-06-22,estimation,-0.024859324115389596,0.1418356912097052,-0.16669501532509481,1.0952652865752996,1.2059940657443946,0.10056217645972731,0.18730417768293273,"(0.954, 1.099]","(1.181, 1.263]"
UNG,159,2020-07-20,estimation,-0.6217663268806515,-0.4017599648161831,-0.22000636206446839,1.2152626536865627,1.1195101105034986,-0.10394233034086042,0.11289118828297307,"(1.099, 2.982]","(0.997, 1.181]"
UNG,160,2020-08-24,estimation,-0.012721337927821347,-0.1776430554216258,0.16492171749380446,1.0722082522301954,1.1247876269661004,0.05012149683847844,0.1175942418058129,"(0.954, 1.099]","(0.997, 1.181]"
UNG,161,2020-09-21,estimation,-0.2584940044357958,-0.2154268983369908,-0.043067106098804986,1.13975797756787,1.1514652697163503,0.011588260604017409,0.14103527891741427,"(1.099, 2.982]","(0.997, 1.181]"
UNG,162,2020-10-19,estimation,0.31580845663382207,0.18807835909489168,0.1277300975389304,0.7505970769429151,1.0611293549922203,0.21965712201218102,0.05933377019500396,"(0.729, 0.838]","(0.997, 1.181]"
UNG,173,2021-09-20,estimation,-0.32613145602730587,-0.09995924774052774,-0.22617220828677814,1.1505510695934118,1.0622154871642588,-0.09568171437449813,0.06035680917124967,"(1.099, 2.982]","(0.997, 1.181]"
UNG,174,2021-10-18,estimation,0.4102126943508881,0.25654352958399634,0.15366916476689174,0.7704526954330725,1.0165221209828181,0.1865034201077398,0.016387115760759297,"(0.729, 0.838]","(0.997, 1.181]"
UNG,176,2021-12-20,estimation,-0.31214523330574484,0.10801102576811995,-0.4201562590738648,1.2326070476328284,1.1388392562820466,-0.10148828276017352,0.13000954744865828,"(1.099, 2.982]","(0.997, 1.181]"
UNG,177,2022-01-24,holdout,-0.885002107959281,-0.43485484399645347,-0.45014726396282756,1.6166350803697171,1.2084341041590618,-0.5460885419503585,0.18932539270666032,"(1.099, 2.982]","(1.181, 1.263]"
UNG,178,2022-02-22,holdout,0.40447500278102605,0.09552802993764237,0.3089469728433837,0.8493758814533336,1.2352653313374453,0.2653399098345792,0.2112857901926626,"(0.838, 0.954]","(1.181, 1.263]"
UNG,179,2022-03-21,holdout,0.2143173403095536,-0.09361928671047723,0.30793662702003083,1.0323898544704535,1.180767250925626,0.12973201840835014,0.16616443982975146,"(0.954, 1.099]","(0.997, 1.181]"
UNG,182,2022-06-21,holdout,-0.6870534397164367,-0.34792705357350723,-0.3391263861429295,1.39765344164851,1.1592487873761221,-0.28743362872349154,0.147772198247154,"(1.099, 2.982]","(0.997, 1.181]"
UNG,183,2022-07-18,holdout,0.47928645978138157,0.22634476207160276,0.2529416977097788,0.6810354727603545,1.0239046080852343,0.22805449045452036,0.023623366111247483,"(0.377, 0.729]","(0.997, 1.181]"
UNG,185,2022-09-19,holdout,0.4647154628199452,0.18725983572531935,0.27745562709462585,0.6368504805252022,1.0339245088123878,0.24457954479600985,0.033361764535453996,"(0.377, 0.729]","(0.997, 1.181]"
UNG,187,2022-11-21,holdout,0.48820350554549297,0.2029117197385919,0.28529178580690107,0.7891222888409077,1.1391724028476173,0.2424851115454435,0.13030203635371773,"(0.729, 0.838]","(0.997, 1.181]"
UNG,188,2022-12-19,holdout,0.24828640371262173,-0.006690484674928422,0.25497688838755017,0.9239208103435151,1.1022110193633663,0.14945054213763964,0.09731818002486675,"(0.838, 0.954]","(0.997, 1.181]"
UNG,189,2023-01-23,holdout,0.21975704958770212,-0.10425640184346055,0.32401345143116267,0.9242043532808751,1.1802851069668323,0.20052015055601302,0.16575602536669745,"(0.838, 0.954]","(0.997, 1.181]"
UNG,202,2024-02-20,holdout,-0.1108078365171757,-0.013180015557056265,-0.09762782096011943,1.115975654319552,1.2552040048103514,0.12378501737036562,0.22729811300708302,"(1.099, 2.982]","(1.181, 1.263]"
UNG,203,2024-03-18,holdout,0.642973475769961,0.23310274443550527,0.40987073133445573,0.7266463202482671,1.3298951629045712,0.3296113588027868,0.28510011424303694,"(0.377, 0.729]","(1.263, 1.784]"
UNG,204,2024-04-22,holdout,-0.12901104094206373,-0.3488634245233148,0.2198523835812511,1.170857587896242,1.2394255108277612,0.06477458479698095,0.21464797454184995,"(1.099, 2.982]","(1.181, 1.263]"
UNG,205,2024-05-20,holdout,-0.22456079068003945,-0.23320083877246375,0.008640048092424302,1.2295359756596795,1.1483467281079078,-0.08692940751973177,0.13832328026467028,"(1.099, 2.982]","(0.997, 1.181]"
UNG,206,2024-06-24,holdout,0.07709483281754456,-0.04188904197661241,0.11898387479415698,0.9245425503309948,1.2030305176228893,0.21402115054013326,0.18484380460335753,"(0.838, 0.954]","(1.181, 1.263]"
UNG,207,2024-07-22,holdout,0.6285459911272203,0.30252300363227647,0.32602298749494385,0.6737100672297288,1.2737374572588414,0.3173687724832638,0.24195545840825083,"(0.377, 0.729]","(1.263, 1.784]"
UNG,208,2024-08-19,holdout,0.30394330827379773,0.08776681744169498,0.21617649083210275,0.8657463559425155,1.1709548468610886,0.22565612971651616,0.1578195244025365,"(0.838, 0.954]","(0.997, 1.181]"
UNG,209,2024-09-23,holdout,0.34118909100610645,0.06733350971075304,0.2738555812953534,0.7925809020075912,1.1576361050938424,0.24993672957462798,0.1463800854598798,"(0.729, 0.838]","(0.997, 1.181]"
UNG,210,2024-10-21,holdout,0.04421038789951992,-0.09746967562089776,0.14168006352041768,1.0421321891314093,1.2267320337324987,0.15682107817965496,0.20435375046184,"(0.954, 1.099]","(1.181, 1.263]"
UNG,211,2024-11-18,holdout,0.2816421228264092,0.09833851070426025,0.18330361212214896,0.9136826348344012,1.1397257241465601,0.18121170826735056,0.13078764060540574,"(0.838, 0.954]","(0.997, 1.181]"
UNG,212,2024-12-23,holdout,-0.4347591220139854,-0.48973239410710573,0.05497327209312031,1.3902411394252978,1.143471180383316,-0.30002483221260934,0.1340685311751803,"(1.099, 2.982]","(0.997, 1.181]"
UNG,213,2025-01-21,holdout,-0.011011639235469828,-0.14167653278871709,0.13066489355324726,1.1051947678991283,1.133983618996819,0.028057978152402407,0.12573675987214186,"(1.099, 2.982]","(0.997, 1.181]"
UNG,214,2025-02-24,holdout,0.07241273391013789,-0.08678611121569582,0.1591988451258337,1.0116628583919838,1.124431129509744,0.10145883416146284,0.1172772451079015,"(0.954, 1.099]","(0.997, 1.181]"
UNG,215,2025-03-24,holdout,-0.03526962969693,-0.2661052766571731,0.2308356469602431,1.078610318301623,1.22136627240661,0.1260703267933132,0.1999701275453341,"(0.954, 1.099]","(1.181, 1.263]"
UNG,218,2025-06-23,holdout,0.5842922729668352,0.03979291157421059,0.5444993613926246,0.8610376618666423,1.5388390571702564,0.37925507927733926,0.431028273150616,"(0.838, 0.954]","(1.263, 1.784]"
USO,2,2007-06-18,estimation,0.6593087759796167,0.26138205968236716,0.3979267162972495,0.5452001677467024,1.1059159391933264,0.2764245652105398,0.10067389586566859,"(0.377, 0.729]","(0.997, 1.181]"
USO,3,2007-07-23,estimation,-0.3593109252605327,-0.36592352209283135,0.006612596832298645,1.1895963919964636,1.081179181954116,-0.11928894308119675,0.07805228066034438,"(1.099, 2.982]","(0.997, 1.181]"
USO,4,2007-08-20,estimation,0.4829852014809736,0.17661771106503948,0.30636749041593414,0.6297978227455474,1.0811587182425597,0.2629272691049265,0.07803335326555086,"(0.377, 0.729]","(0.997, 1.181]"
USO,7,2007-11-19,estimation,-0.10847434077974533,0.07356195563400321,-0.18203629641374852,1.0758980251585153,1.055382532672058,-0.02091429142327139,0.05390329141856682,"(0.954, 1.099]","(0.997, 1.181]"
USO,8,2007-12-24,estimation,0.22823353126952864,0.08677064656457924,0.1414628847049494,0.9160016945173414,1.1660485332935597,0.19642692519905391,0.15362071081296522,"(0.838, 0.954]","(0.997, 1.181]"
USO,11,2008-03-24,estimation,0.3379612809261724,0.02286944593595022,0.3150918349902222,0.742208341037251,1.0895390556953202,0.23660625304811234,0.08575472211691583,"(0.729, 0.838]","(0.997, 1.181]"
USO,12,2008-04-21,estimation,0.2839162869775601,0.0908710048484779,0.1930452821290822,0.790858222319327,1.0518242859179057,0.19621828465686586,0.05052607176954214,"(0.729, 0.838]","(0.997, 1.181]"
USO,13,2008-05-19,estimation,-0.3861640726578695,-0.3009839301419659,-0.08518014251590361,1.186588750583584,1.0640701618575543,-0.1366255575345654,0.062101330340847,"(1.099, 2.982]","(0.997, 1.181]"
USO,14,2008-06-23,estimation,0.2377661111020982,-0.07652204833868152,0.3142881594407797,0.9025049404506058,1.0726069847106612,0.14312598884190508,0.07009211948904397,"(0.838, 0.954]","(0.997, 1.181]"
USO,15,2008-07-21,estimation,0.4601486693494123,0.061927112476259934,0.39822155687315236,0.7409666669927033,1.0604463529604546,0.2232303382651437,0.05868990718997347,"(0.729, 0.838]","(0.997, 1.181]"
USO,16,2008-08-18,estimation,-0.008249789528609976,0.058948742194642995,-0.06719853172325296,1.0039892106157164,1.033438128862951,0.028609740011294682,0.03289123270949682,"(0.954, 1.099]","(0.997, 1.181]"
USO,17,2008-09-22,estimation,-0.5689258597319596,-0.3444659223317342,-0.22445993740022546,1.1905605720050656,1.0670926899329305,-0.13775372438667377,0.06493783821201735,"(1.099, 2.982]","(0.997, 1.181]"
USO,18,2008-10-20,estimation,-0.453950245939623,-0.39417925245770824,-0.05977099348191478,1.278123729131761,1.124427482644779,-0.17470474774543954,0.11727400180488085,"(1.099, 2.982]","(0.997, 1.181]"
USO,19,2008-11-24,estimation,0.07741550504074435,-0.14060514901763585,0.2180206540583802,0.999601991002329,1.0653812527766497,0.0617178881878252,0.06333271892830614,"(0.954, 1.099]","(0.997, 1.181]"
USO,20,2008-12-22,estimation,0.2645048004256337,0.26078259363266343,0.0037222067929702507,0.8972027956789216,1.0572862900993556,0.1358452862588121,0.055705521774850726,"(0.838, 0.954]","(0.997, 1.181]"
USO,21,2009-01-20,estimation,0.4095563968068823,0.1992539578639258,0.21030243894295647,0.8375013129700793,1.1871285690321778,0.24665675954614874,0.17153742402664676,"(0.729, 0.838]","(1.181, 1.263]"
USO,22,2009-02-23,estimation,-0.1285587986038038,-0.17832734228664776,0.049768543682843974,0.9844867154541601,1.0341009925981428,0.04723387473247809,0.03353244307502038,"(0.954, 1.099]","(0.997, 1.181]"
USO,23,2009-03-23,estimation,0.317902239376544,0.07978007375020602,0.23812216562633798,0.8965660405059238,1.1015301858400373,0.16682601583700296,0.09670029118802641,"(0.838, 0.954]","(0.997, 1.181]"
USO,24,2009-04-20,estimation,0.4613712791856858,0.1773501161043966,0.2840211630812892,0.6289232388727173,1.0028389600694687,0.2344985544081759,0.002834937833177893,"(0.377, 0.729]","(0.997, 1.181]"
USO,25,2009-05-18,estimation,0.16940514546333535,0.02491031007148123,0.14449483539185412,0.7677031091235057,1.092103622486529,0.22803997494580808,0.0881057652076469,"(0.729, 0.838]","(0.997, 1.181]"
USO,26,2009-06-22,estimation,0.4116897233713302,0.05884745433873779,0.3528422690325924,0.8493161963564083,1.1228346077374887,0.20689032488561976,0.11585638773942322,"(0.838, 0.954]","(0.997, 1.181]"
USO,27,2009-07-20,estimation,-0.12865203372113365,-0.1561574975793866,0.02750546385825295,1.0242144307440433,1.0844350969789123,0.05687650239152364,0.08105920346251508,"(0.954, 1.099]","(0.997, 1.181]"
USO,28,2009-08-24,estimation,0.36991038873805177,0.1991442614424617,0.17076612729559007,0.849875850148936,1.0670859068024998,0.1729959887789173,0.06493148154585916,"(0.838, 0.954]","(0.997, 1.181]"
USO,29,2009-09-21,estimation,0.06320322989126727,0.07376192162358758,-0.01055869173232031,0.8967680317430818,1.0518750253661866,0.13223528463617207,0.05057431007814319,"(0.838, 0.954]","(0.997, 1.181]"
USO,30,2009-10-19,estimation,0.3009121356501777,0.20245582450329183,0.09845631114688588,0.8303101826651941,1.0500455721518027,0.1737529648439462,0.048833565276926234,"(0.729, 0.838]","(0.997, 1.181]"
USO,31,2009-11-23,estimation,0.4764668573114105,0.07208254192251844,0.404384315388892,0.7841209068076084,1.0647338641426856,0.20665679375635837,0.06272487510920471,"(0.729, 0.838]","(0.997, 1.181]"
USO,32,2009-12-21,estimation,0.49247498056696715,0.11332580839650383,0.3791491721704633,0.6644165624469613,1.2990763617618686,0.3245986876492686,0.2616535209967705,"(0.377, 0.729]","(1.263, 1.784]"
USO,33,2010-01-19,estimation,-0.43130527593125234,-0.018911492425853306,-0.412393783505399,1.2830878559303103,1.1904119018161132,-0.09989096301815148,0.17429938321212674,"(1.099, 2.982]","(1.181, 1.263]"
USO,34,2010-02-22,estimation,0.40988519855750544,0.3258133018522145,0.08407189670529092,0.7703355643405004,1.1966176425649548,0.2744237036263246,0.17949894577698333,"(0.729, 0.838]","(1.181, 1.263]"
USO,35,2010-03-22,estimation,0.3177517787064574,0.21675013361231485,0.10100164509414253,0.828286412421828,1.2459489148821699,0.27765518444126225,0.21989742023276895,"(0.729, 0.838]","(1.181, 1.263]"
USO,36,2010-04-19,estimation,-0.6454399444233008,-0.47432374764076835,-0.17111619678253243,1.2993038023997827,1.121395559594741,-0.20613320106099953,0.11457394500166512,"(1.099, 2.982]","(0.997, 1.181]"
USO,37,2010-05-24,estimation,0.20511637386044204,0.0259994489579283,0.17911692490251374,0.8686659337408769,1.1727248048458792,0.22522383946277613,0.15932993417205488,"(0.838, 0.954]","(0.997, 1.181]"
USO,38,2010-06-21,estimation,0.26792634354457195,0.13414827360927123,0.13377806993530073,0.9649164235173496,1.1952396757424342,0.18593985231611798,0.1783467307477484,"(0.954, 1.099]","(1.181, 1.263]"
USO,39,2010-07-19,estimation,0.3449425178413542,0.21478015592343283,0.13016236191792138,0.8225752197714427,1.197146461386116,0.25737287067991943,0.17994077613853907,"(0.729, 0.838]","(1.181, 1.263]"
USO,41,2010-09-20,estimation,0.2918028225774451,0.0012059103856654474,0.2905969121917797,0.8294335912255648,1.174887431942039,0.2438795512813562,0.1611723404042399,"(0.729, 0.838]","(0.997, 1.181]"
USO,42,2010-10-18,estimation,0.058975982871809746,-0.09656659257293396,0.1555425754447437,1.0494515755713654,1.2223275551974555,0.14842581959770673,0.20075687327392774,"(0.954, 1.099]","(1.181, 1.263]"
USO,44,2010-12-20,estimation,0.3682292907815354,0.21182906459094317,0.1564002261905922,0.8366404357217019,1.2186928965717625,0.2622814477817227,0.19777888813726838,"(0.729, 0.838]","(1.181, 1.263]"
USO,45,2011-01-24,estimation,-0.19036037227838085,-0.0346274240182917,-0.15573294826008915,1.0943235163531317,1.192358381826406,0.08997450795421913,0.1759331793498676,"(0.954, 1.099]","(1.181, 1.263]"
USO,46,2011-02-22,estimation,0.4249864199268893,-0.044798497759116006,0.4697849176860053,0.9029443555406457,1.2817158345435564,0.2668372815470885,0.24819967600638734,"(0.838, 0.954]","(1.263, 1.784]"
USO,47,2011-03-21,estimation,0.5125060249874859,0.28496698853482966,0.22753903645265622,0.706485495758683,1.1917335610436945,0.287665574902991,0.17540902104390504,"(0.377, 0.729]","(1.181, 1.263]"
USO,48,2011-04-18,estimation,-0.8785541083870579,-0.7499651175695669,-0.1285889908174911,1.5172335523785487,1.1698698613043685,-0.45050467954459394,0.15689251296880213,"(1.099, 2.982]","(0.997, 1.181]"
USO,49,2011-05-23,estimation,0.38308681301794517,0.06799369819407748,0.3150931148238677,0.8248247774983195,1.197336484616776,0.2566169910356,0.18009949368662276,"(0.729, 0.838]","(1.181, 1.263]"
USO,50,2011-06-20,estimation,0.44364953270787,0.2396279220004448,0.2040216107074252,0.7651733674008315,1.1797941448735625,0.26890858703758064,0.16533996976181115,"(0.729, 0.838]","(0.997, 1.181]"
USO,51,2011-07-18,estimation,-0.8470971700289028,-0.06050864776098981,-0.786588522267913,1.5291169633204376,1.2378360457848958,-0.35982357567614254,0.21336473074650758,"(1.099, 2.982]","(1.181, 1.263]"
USO,52,2011-08-22,estimation,0.6370153284470627,0.4811024343735713,0.15591289407349135,0.5272432089220258,1.3007004091660757,0.3135234319500011,0.2629028956612578,"(0.377, 0.729]","(1.263, 1.784]"
USO,53,2011-09-19,estimation,0.24003603536822207,0.1363486312920635,0.10368740407615856,0.9679708559115586,1.222776113823508,0.2017082774217448,0.20112377684269475,"(0.954, 1.099]","(1.181, 1.263]"
USO,54,2011-10-24,estimation,0.44525009879269845,0.20938182548786963,0.23586827330482882,0.6457586520861595,1.234007140844072,0.307831728536188,0.21026671221205426,"(0.377, 0.729]","(1.181, 1.263]"
USO,55,2011-11-21,estimation,0.5439282416737767,0.07280822041446787,0.47112002125930885,0.7375134883156166,1.3485133727594099,0.3341610585696257,0.2990027803148171,"(0.729, 0.838]","(1.263, 1.784]"
USO,56,2011-12-19,estimation,0.5514118598628757,0.20481131922097986,0.3466005406418958,0.7060409620433867,1.270009283889023,0.31352899665313144,0.23902421059261783,"(0.377, 0.729]","(1.263, 1.784]"
USO,57,2012-01-23,estimation,0.7711836951462042,0.4398689784647859,0.3313147166814183,0.4840812946395762,1.2294582035552324,0.2934813221132219,0.2065735874279029,"(0.377, 0.729]","(1.181, 1.263]"
USO,58,2012-02-21,estimation,0.6008950502646527,0.370391808449339,0.23050324181531373,0.7148043918065485,1.3287735384966444,0.3302803899785124,0.2842563652841108,"(0.377, 0.729]","(1.263, 1.784]"
USO,59,2012-03-19,estimation,0.4342928506243418,0.13723730852839164,0.2970555420959502,0.8184115885234325,1.2831199488274685,0.2964046406605162,0.24929457216565518,"(0.729, 0.838]","(1.263, 1.784]"
USO,60,2012-04-23,estimation,0.2710951996467243,-0.2187552765668159,0.48985047621354016,0.9287818102841524,1.2794771679144277,0.2545723185111808,0.246451531921115,"(0.838, 0.954]","(1.263, 1.784]"
USO,61,2012-05-21,estimation,0.07608972753587404,-0.07557974851273017,0.1516694760486042,1.0912196328063526,1.2164321816606154,0.11232388754872402,0.19592213294974417,"(0.954, 1.099]","(1.181, 1.263]"
USO,62,2012-06-18,estimation,-0.5076670168893846,-0.4235877144457634,-0.08407930244362127,1.2531591009337655,1.0969008622018699,-0.1785178959287923,0.09248880546991393,"(1.099, 2.982]","(0.997, 1.181]"
USO,63,2012-07-23,estimation,0.580923170406294,0.19865487422114456,0.38226829618514946,0.6521858275058908,1.1798825642357476,0.29168693847022165,0.16541491169083483,"(0.377, 0.729]","(0.997, 1.181]"
USO,64,2012-08-20,estimation,0.496375084695696,0.128296805702385,0.368078278993311,0.781353925619815,1.228192062933302,0.28427046814867696,0.20554322053541865,"(0.729, 0.838]","(1.181, 1.263]"
USO,65,2012-09-24,estimation,0.17142520995961638,0.1097297536373439,0.06169545632227248,0.9367080579572039,1.215792982363329,0.2150210614289193,0.1953965242836907,"(0.838, 0.954]","(1.181, 1.263]"
USO,66,2012-10-22,estimation,0.38706707184331995,0.032553722596465495,0.35451334924685446,0.889753447911494,1.2215750921135675,0.24168751796472288,0.2001410851544677,"(0.838, 0.954]","(1.181, 1.263]"
USO,67,2012-11-19,estimation,0.7478107854625862,0.5945213758410904,0.15328940962149573,0.5189286380825852,1.2099119412989576,0.2963612575729416,0.19054758117437828,"(0.377, 0.729]","(1.181, 1.263]"
USO,68,2012-12-24,estimation,0.5495014219570028,0.11663315894620876,0.43286826301079406,0.5943492741009846,1.294123501541634,0.3213837810830814,0.2578336332104022,"(0.377, 0.729]","(1.263, 1.784]"
USO,69,2013-01-22,estimation,0.5271538353437158,0.3316309056084787,0.19552292973523716,0.6846131068532624,1.2859340630484966,0.32013477196557344,0.25148535159929186,"(0.377, 0.729]","(1.263, 1.784]"
USO,70,2013-02-19,estimation,0.6532007201471074,-0.08776512807640763,0.7409658482235151,0.8498254260215534,1.3841282385531877,0.3280506116679174,0.3250705108171514,"(0.838, 0.954]","(1.263, 1.784]"
USO,71,2013-03-18,estimation,-0.466980058019955,-0.45215135661723177,-0.014828701402723243,1.3352772812300007,1.3702755631851438,0.03410438895090362,0.3150118606249464,"(1.099, 2.982]","(1.263, 1.784]"
USO,72,2013-04-22,estimation,-0.17471936232889765,-0.21722923305483513,0.04250987072593748,0.9586118173754994,1.1667170119323027,0.17098584894119495,0.15419383198102163,"(0.954, 1.099]","(0.997, 1.181]"
USO,73,2013-05-20,estimation,0.29384709751775834,-0.1896551250517886,0.48350222256954695,0.976506918962051,1.2917257986965416,0.23829625246999475,0.25597915272537725,"(0.954, 1.099]","(1.263, 1.784]"
USO,74,2013-06-24,estimation,0.17199355500135355,-0.04427636953244662,0.21626992453380017,0.8295164549218957,1.1811668678897576,0.24695901304619627,0.16650282095965793,"(0.729, 0.838]","(1.181, 1.263]"
USO,75,2013-07-22,estimation,0.3857395998280783,0.3236320888687357,0.06210751095934264,0.8144717588038922,1.2929440718900913,0.3014068395151823,0.2569218443221909,"(0.729, 0.838]","(1.263, 1.784]"
USO,76,2013-08-19,estimation,0.19545377524480703,0.14437885707347098,0.05107491817133605,0.9205979656859595,1.1819447088190858,0.20355882832065175,0.1671611402409705,"(0.838, 0.954]","(1.181, 1.263]"
USO,77,2013-09-23,estimation,0.44643785699574967,0.18468870328016218,0.2617491537155875,0.7648091884685349,1.1301585993094014,0.24724192390643707,0.12235797624678803,"(0.729, 0.838]","(0.997, 1.181]"
USO,78,2013-10-21,estimation,0.4380379969714582,0.05844315074472089,0.3795948462267373,0.8296747973865429,1.184058730811971,0.2483182721520587,0.16894813895791663,"(0.729, 0.838]","(1.181, 1.263]"
USO,79,2013-11-18,estimation,0.3296130062031671,0.0740305381773213,0.2555824680258458,0.7704963165259419,1.1185098851879913,0.2397325015237478,0.11199733980616923,"(0.729, 0.838]","(0.997, 1.181]"
USO,80,2013-12-23,estimation,-0.1185540545284877,-0.4174326822263921,0.2988786276979044,1.3268933464899946,1.2464233185680749,-0.08566523351322197,0.22027810469495904,"(1.099, 2.982]","(1.181, 1.263]"
USO,81,2014-01-21,estimation,0.12583671186277354,0.017779087025757118,0.10805762483701642,0.8090568740611954,1.1101744295385416,0.2194440996634328,0.10451714670687631,"(0.729, 0.838]","(0.997, 1.181]"
USO,82,2014-02-24,estimation,0.06773325107140371,-0.16934189267519548,0.2370751437465992,1.0189223023801752,1.2210890851901584,0.1686955082179462,0.19974315331075526,"(0.954, 1.099]","(1.181, 1.263]"
USO,83,2014-03-24,estimation,0.4780563069360794,0.03225579446712333,0.4458005124689561,0.7771743387139332,1.3836462512224557,0.3406466119038446,0.3247222256968248,"(0.729, 0.838]","(1.263, 1.784]"
USO,84,2014-04-21,estimation,0.5688012460773687,0.2490883997151397,0.31971284636222896,0.6983591946268829,1.2279348177807898,0.3011837438962616,0.2053337483330884,"(0.377, 0.729]","(1.181, 1.263]"
USO,85,2014-05-19,estimation,0.5217502281748297,0.07631876259529946,0.4454314655795303,0.7935112211698734,1.3736698031735965,0.33513319126210606,0.3174858469960317,"(0.729, 0.838]","(1.263, 1.784]"
USO,86,2014-06-23,estimation,0.3257579979920956,0.1607054195747946,0.165052578417301,0.9308330310230465,1.5119785141196616,0.357775858879277,0.4134190674180558,"(0.838, 0.954]","(1.263, 1.784]"
USO,87,2014-07-21,estimation,0.40585717755444145,0.02249446743171725,0.3833627101227242,0.9679995353566335,1.362699462989906,0.28037682330629554,0.30946763169555797,"(0.954, 1.099]","(1.263, 1.784]"
USO,88,2014-08-18,estimation,0.1678666991226777,-0.11224743398414497,0.28011413310682265,1.0448617082247145,1.4094885196706939,0.2702998908859423,0.34322688657305195,"(0.954, 1.099]","(1.263, 1.784]"
USO,89,2014-09-22,estimation,-0.6210370612885342,-0.35659931415793833,-0.26443774713059587,1.3730694487457107,1.2574443270588913,-0.12625713813271777,0.22908134929510415,"(1.099, 2.982]","(1.181, 1.263]"
USO,90,2014-10-20,estimation,0.33539845363152165,0.10069466169389976,0.2347037919376219,0.8711663414858903,1.187054110174728,0.23182666182613132,0.1714747002454262,"(0.838, 0.954]","(1.181, 1.263]"
USO,91,2014-11-24,estimation,-0.9357006489919342,-0.3724199330459272,-0.5632807159460069,1.5847927545348381,1.1988657465955912,-0.510160814668551,0.1813758986298445,"(1.099, 2.982]","(1.181, 1.263]"
USO,92,2014-12-22,estimation,0.284830592302567,0.12157299817038293,0.1632575941321841,0.9390291313880835,1.0878651408394506,0.1284730463617385,0.08421718931680852,"(0.838, 0.954]","(0.997, 1.181]"
USO,93,2015-01-20,estimation,0.07688353151649047,-0.03841265457518909,0.11529618609167955,0.958423615535534,1.0618980507108053,0.09339158519953739,0.06005792076424463,"(0.954, 1.099]","(0.997, 1.181]"
USO,94,2015-02-23,estimation,0.539319038334696,0.29817105400989974,0.24114798432479623,0.7141812896754703,1.094529077710017,0.24817730228971785,0.09032420474530166,"(0.377, 0.729]","(0.997, 1.181]"
USO,95,2015-03-23,estimation,-0.23531865573580674,-0.17680343722119188,-0.05851521851461486,1.1237954125430951,1.1718863014165068,0.046117375240016134,0.1586146740055559,"(1.099, 2.982]","(0.997, 1.181]"
USO,96,2015-04-20,estimation,0.6086171552087866,0.432298021167776,0.17631913404101057,0.610045482472799,1.2250157055737436,0.306248976850719,0.20295366479102897,"(0.377, 0.729]","(1.181, 1.263]"
USO,97,2015-05-18,estimation,0.04052675656532371,0.06609840293112289,-0.02557164636579918,1.0681136606350918,1.2042909958848806,0.12077884211224976,0.1858910086183669,"(0.954, 1.099]","(1.181, 1.263]"
USO,98,2015-06-22,estimation,-0.24243097941078698,-0.354232940421507,0.11180196101072001,1.2898253584749497,1.1755528564259683,-0.12538064121359138,0.16173855304533533,"(1.099, 2.982]","(0.997, 1.181]"
USO,99,2015-07-20,estimation,0.08240431480159255,-0.06192105545516467,0.14432537025675723,0.9144477029958225,1.1322899589123505,0.1759313936949939,0.12424209442990725,"(0.838, 0.954]","(0.997, 1.181]"
USO,100,2015-08-24,estimation,-0.6303534065210037,-0.27365137860576927,-0.3567020279152344,1.3609855853841726,1.199105581648016,-0.18373390551985302,0.1815759302569117,"(1.099, 2.982]","(1.181, 1.263]"
USO,101,2015-09-21,estimation,0.4597617513235092,0.42523127871668975,0.03453047260681946,0.7191057449011609,1.12470271645629,0.25932818343214276,0.117518748696808,"(0.377, 0.729]","(0.997, 1.181]"
USO,102,2015-10-19,estimation,0.18940339858850133,0.0011570398591474905,0.18824635872935383,0.9024920816448195,1.1295304222701736,0.18140308627752133,0.12180199084400857,"(0.838, 0.954]","(0.997, 1.181]"
USO,103,2015-11-23,estimation,0.3373856598168316,-0.0255398170742552,0.3629254768910868,0.905492183729562,1.1538505541701836,0.194900944827752,0.1431046572475606,"(0.838, 0.954]","(0.997, 1.181]"
USO,107,2016-03-21,estimation,0.13339073293807008,0.1162253832173769,0.017165349720693182,1.0201825871012264,1.2322386069493032,0.17556328597315274,0.20883252083068574,"(0.954, 1.099]","(1.181, 1.263]"
USO,108,2016-04-18,estimation,0.29546176441246347,0.07722958249933805,0.21823218191312543,0.7162705582000302,1.142130372914112,0.26707182860564294,0.13289526663913112,"(0.377, 0.729]","(0.997, 1.181]"
USO,139,2018-11-19,estimation,-0.2568913607351549,-0.2391066574255774,-0.017784703309577488,1.351652922232391,1.1777553280402207,-0.19957387223214718,0.16361036250221117,"(1.099, 2.982]","(0.997, 1.181]"
USO,146,2019-06-24,estimation,0.3590561681267198,0.10730546189987204,0.25175070622684775,0.8421331741000072,1.1754106459747107,0.23877954160703474,0.16161757247606162,"(0.838, 0.954]","(0.997, 1.181]"
USO,151,2019-11-18,estimation,0.2985619405152361,0.09984609114435608,0.19871584937088002,0.8922315820186522,1.3793397759238828,0.315087929782354,0.32160496144463513,"(0.838, 0.954]","(1.263, 1.784]"
USO,155,2020-03-23,estimation,0.6672654080382173,0.4438744510751231,0.22339095696309424,0.619333993530303,1.337234066674593,0.3324922168351736,0.29060335136447724,"(0.377, 0.729]","(1.263, 1.784]"
USO,157,2020-05-18,estimation,0.49267853640098247,0.25828786375028184,0.23439067265070063,0.7039990974269142,1.5556763098843163,0.38541435969650234,0.44191037704893354,"(0.377, 0.729]","(1.263, 1.784]"
USO,158,2020-06-22,estimation,0.6251385713657497,0.6447510920873212,-0.01961252072157149,0.6632962002326909,1.399601868902992,0.3489483424465563,0.3361878168227308,"(0.377, 0.729]","(1.263, 1.784]"
USO,159,2020-07-20,estimation,0.6878133751485201,0.41259011061958467,0.2752232645289355,0.5150412036439316,1.458307001157464,0.3331402450388875,0.37727617462928265,"(0.377, 0.729]","(1.263, 1.784]"
USO,160,2020-08-24,estimation,-0.3120602178498544,-0.19595500176316516,-0.11610521608668922,1.3549973948004916,1.2811779899856415,-0.07807275959444615,0.24777995938710104,"(1.099, 2.982]","(1.263, 1.784]"
USO,161,2020-09-21,estimation,0.12887237596563272,0.07559144974872718,0.05328092621690554,0.9746718224916403,1.3800060406818355,0.2862797911858893,0.32208787646521087,"(0.954, 1.099]","(1.263, 1.784]"
USO,162,2020-10-19,estimation,0.11948278818167986,0.19893529340930818,-0.07945250522762833,1.0242512709088132,1.3354050792300673,0.23865393997520912,0.2892346759614815,"(0.954, 1.099]","(1.263, 1.784]"
USO,163,2020-11-23,estimation,0.4058552923627044,0.12610919721613223,0.27974609514657217,0.6288854852850072,1.338873707293112,0.3334902202590318,0.29182874358495564,"(0.377, 0.729]","(1.263, 1.784]"
USO,164,2020-12-21,estimation,0.4019681623122483,0.041900280846453246,0.36006788146579505,0.8303005160243784,1.4983084194815155,0.3701823334482482,0.4043367514074537,"(0.729, 0.838]","(1.263, 1.784]"
USO,165,2021-01-19,estimation,0.28560143920403475,0.11584027756090817,0.16976116164312657,0.6858104191107717,1.3660187235645456,0.3414989372493969,0.3119004679101109,"(0.377, 0.729]","(1.263, 1.784]"
USO,166,2021-02-22,estimation,-0.30068760597221234,-0.5117520176636688,0.2110644116914565,1.259924562682558,1.3591430144421444,0.09197543092589577,0.30685436468895205,"(1.099, 2.982]","(1.263, 1.784]"
USO,167,2021-03-22,estimation,-0.19358860231322217,-0.18063890813447558,-0.012949694178746585,1.2080154654152315,1.2318769505011171,0.023399287566667093,0.20853898228320208,"(1.099, 2.982]","(1.181, 1.263]"
USO,168,2021-04-19,estimation,0.3186815630093324,0.2103677949322608,0.10831376807707163,0.8423702830239977,1.3155568781852947,0.30298828784888265,0.2742600574964703,"(0.838, 0.954]","(1.263, 1.784]"
USO,169,2021-05-24,estimation,0.6547183662616213,0.2961657629648787,0.3585526032967426,0.46381459317666607,1.2675256619098738,0.29409497068042945,0.2370667023609927,"(0.377, 0.729]","(1.263, 1.784]"
USO,170,2021-06-21,estimation,0.5502468324193696,0.44887465054782844,0.10137218187154112,0.7281042320761447,1.3541725673142875,0.3366210595742799,0.30319061637957273,"(0.377, 0.729]","(1.263, 1.784]"
USO,171,2021-07-19,estimation,0.48696597364764443,0.24632538791853603,0.2406405857291084,0.7334049427731848,1.3169593660673993,0.3249771476998091,0.27532556888152276,"(0.729, 0.838]","(1.263, 1.784]"
USO,172,2021-08-23,estimation,0.1624052218557015,0.17473184364919583,-0.012326621793494336,0.6935410278120852,1.3014346106132186,0.3239495375166157,0.26346720263306794,"(0.377, 0.729]","(1.263, 1.784]"
USO,173,2021-09-20,estimation,0.1894219147445976,0.008843580032018657,0.18057833471257895,0.7136969144007442,1.241612478649315,0.303453545890746,0.2164109208548451,"(0.377, 0.729]","(1.181, 1.263]"
USO,174,2021-10-18,estimation,0.4316638177696903,0.2474586067845512,0.18420521098513912,0.8140916523820981,1.1838970803617854,0.2542919624667488,0.16881160731347133,"(0.729, 0.838]","(1.181, 1.263]"
USO,175,2021-11-22,estimation,-1.4214943453326099,-0.8476155813280128,-0.573878764004597,1.6954924871081818,1.154306573756035,-0.7949159010951592,0.14349979463770393,"(1.099, 2.982]","(0.997, 1.181]"
USO,176,2021-12-20,estimation,0.44359651023010344,0.12204785690144192,0.3215486533286615,0.5975652214738861,1.7835424753486462,0.3973545739280059,0.5786015412599622,"(0.377, 0.729]","(1.263, 1.784]"
USO,177,2022-01-24,holdout,0.6235344114184364,0.2289947822891414,0.39453962912929497,0.578432380736149,1.6555873620077166,0.3763385337051218,0.5041558473816167,"(0.377, 0.729]","(1.263, 1.784]"
USO,178,2022-02-22,holdout,-1.2374651920861628,-0.5502831789869349,-0.6871820130992279,1.6949431925358374,1.2939475690856468,-0.5252645612865456,0.25769767677685995,"(1.099, 2.982]","(1.263, 1.784]"
USO,179,2022-03-21,holdout,0.4262852174395532,0.3830481236573948,0.0432370937821584,0.7542608696153238,1.1060280928943864,0.23988925185281806,0.10077530322456116,"(0.729, 0.838]","(0.997, 1.181]"
USO,180,2022-04-18,holdout,0.08772477720833131,0.20670595167188296,-0.11898117446355165,0.9122759686070071,1.122444554063019,0.17081623245764632,0.11550894437021589,"(0.838, 0.954]","(0.997, 1.181]"
USO,181,2022-05-23,holdout,0.5462190010259538,0.3270892974920376,0.2191297035339162,0.6846141615352532,1.2223499514884004,0.30117523751524805,0.20077519576504102,"(0.377, 0.729]","(1.181, 1.263]"
USO,182,2022-06-21,holdout,-0.34957270118137534,-0.3387186901655001,-0.010854011015875242,1.3344974562232306,1.2549718429193772,-0.0845650276995118,0.22711313641124323,"(1.099, 2.982]","(1.181, 1.263]"
USO,183,2022-07-18,holdout,0.5697557088151163,0.2713701105280785,0.29838559828703776,0.70058125856552,1.1892785701102282,0.28788223901810067,0.1733468796786286,"(0.377, 0.729]","(1.181, 1.263]"
USO,184,2022-08-22,holdout,0.28238586076989575,-0.04080277638726561,0.32318863715716134,0.9910089850366215,1.3245633512092791,0.2495579947712684,0.2810828588687373,"(0.954, 1.099]","(1.263, 1.784]"
USO,185,2022-09-19,holdout,0.3816337565219932,0.41579136339307593,-0.03415760687108271,0.8723178521995169,1.277334505013899,0.27659415392073416,0.244775488726539,"(0.838, 0.954]","(1.263, 1.784]"
USO,186,2022-10-24,holdout,0.35745804145184573,0.17449322722686178,0.18296481422498395,0.8402954301730525,1.2074642885913853,0.2555192039598204,0.18852253144173226,"(0.838, 0.954]","(1.181, 1.263]"
USO,187,2022-11-21,holdout,0.4694949902695557,0.21084730728108098,0.25864768298847474,0.7726389106602604,1.136185235017622,0.24722204387883728,0.12767636600067234,"(0.729, 0.838]","(0.997, 1.181]"
USO,188,2022-12-19,holdout,0.4504109620799,0.24064158853172782,0.20976937354817218,0.7838888667623397,1.1225849130690877,0.23650777489109354,0.11563398415994378,"(0.729, 0.838]","(0.997, 1.181]"
USO,189,2023-01-23,holdout,0.34480737373155085,0.15406039044094477,0.19074698329060608,0.8424756367811101,1.1173025951069988,0.20722677789721378,0.11091738322754563,"(0.838, 0.954]","(0.997, 1.181]"
USO,190,2023-02-21,holdout,-0.14595856672717417,-0.1366062704251291,-0.009352296302045066,1.028950889847017,1.1170121333332117,0.08111880985192954,0.11065738245708465,"(0.954, 1.099]","(0.997, 1.181]"
USO,191,2023-03-20,holdout,0.43620772326315915,0.14474213420258042,0.29146558906057873,0.6680631799632107,1.1910327429851377,0.29333929848203927,0.17482078200629547,"(0.377, 0.729]","(1.181, 1.263]"
USO,192,2023-04-24,holdout,-0.28062873296727925,-0.14567879589127328,-0.13494993707600597,1.2485380254978626,1.203504029940627,-0.04671912556544111,0.18523732675273022,"(1.099, 2.982]","(1.181, 1.263]"
USO,193,2023-05-22,holdout,-0.10100398723865733,0.028185210126427964,-0.1291891973650853,1.103793646101193,1.1417073136540048,0.036654635426001114,0.13252478561288816,"(1.099, 2.982]","(0.997, 1.181]"
USO,194,2023-06-20,holdout,0.4009283531871611,0.13834263676086236,0.2625857164262987,0.8297495880525338,1.212858036221172,0.26209504126120575,0.1929795878457873,"(0.729, 0.838]","(1.181, 1.263]"
USO,195,2023-07-24,holdout,0.5964192252242198,0.30789691292102034,0.2885223123031994,0.668184549433779,1.2881173974255506,0.32157748318784163,0.25318177059804703,"(0.377, 0.729]","(1.263, 1.784]"
USO,196,2023-08-21,holdout,0.3315955572177934,0.09686497544726766,0.23473058177052572,0.7051415432841203,1.2001651670997455,0.2908447367315046,0.1824591865723301,"(0.377, 0.729]","(1.181, 1.263]"
USO,197,2023-09-18,holdout,-0.42132556908591906,-0.11984892493517198,-0.3014766441507471,1.2734537993885826,1.3005116055093695,0.02649485468769819,0.26275772974938866,"(1.099, 2.982]","(1.263, 1.784]"
USO,198,2023-10-23,holdout,-0.01700290874544048,0.05796053673511201,-0.07496344548055249,0.9860952418031661,1.1991397345627983,0.17519406166558027,0.18160441184263917,"(0.954, 1.099]","(1.181, 1.263]"
USO,199,2023-11-20,holdout,0.41179788458684824,0.08774170040059275,0.3240561841862555,0.9174607585622809,1.2997364199122738,0.2698415716209094,0.262161489996502,"(0.838, 0.954]","(1.263, 1.784]"
USO,200,2023-12-18,holdout,0.4268594911333556,0.375437786702171,0.0514217044311846,0.8138792773196204,1.1919414223565643,0.25814770727258707,0.1755834251173162,"(0.729, 0.838]","(1.181, 1.263]"
USO,201,2024-01-22,holdout,0.3608493300540095,0.19739258398888865,0.16345674606512084,0.7657195356588409,1.1470867349293976,0.2545756182586638,0.1372254542328143,"(0.729, 0.838]","(0.997, 1.181]"
USO,202,2024-02-20,holdout,0.44028410743832513,0.2404753235002356,0.19980878393808954,0.6979275072943216,1.20816613390191,0.29475215601633853,0.18910361812100102,"(0.377, 0.729]","(1.181, 1.263]"
USO,203,2024-03-18,holdout,0.6142891688113474,0.4673133763417756,0.14697579246957182,0.6257859400683029,1.2711504670887748,0.317712228162236,0.23992237000666322,"(0.377, 0.729]","(1.263, 1.784]"
USO,204,2024-04-22,holdout,0.5595910196114875,0.2522904453509003,0.3073005742605872,0.7239673657649022,1.2974043846113879,0.31998480419096076,0.26036564132817214,"(0.377, 0.729]","(1.263, 1.784]"
USO,205,2024-05-20,holdout,0.12099284129817547,-0.11068215921867856,0.23167500051685402,1.1181109690342428,1.388596623672526,0.21779757509247366,0.3282936138725547,"(1.099, 2.982]","(1.263, 1.784]"
USO,206,2024-06-24,holdout,0.4918650984353054,-0.004457760444226771,0.49632285887953215,0.839442120379483,1.2952623623300465,0.295410969656023,0.2587132710254815,"(0.838, 0.954]","(1.263, 1.784]"
USO,207,2024-07-22,holdout,-0.5767731870438341,-0.3425419804658863,-0.23423120657794777,1.330688598187461,1.310939364426152,-0.020046754947065315,0.27074395232074583,"(1.099, 2.982]","(1.263, 1.784]"
USO,208,2024-08-19,holdout,-0.08583320289940596,-0.04317336041141823,-0.04265984248798774,1.171833701605959,1.2725933046931457,0.0927818009277328,0.24105679067835983,"(1.099, 2.982]","(1.263, 1.784]"
USO,209,2024-09-23,holdout,-0.4967846051228084,-0.3259312631085278,-0.1708533420142806,1.3489563093045978,1.3483228477248623,-0.0006337591891496519,0.2988614850938338,"(1.099, 2.982]","(1.263, 1.784]"
USO,210,2024-10-21,holdout,0.48518475390702515,0.20884818102900912,0.27633657287801605,0.8130054060286901,1.4063425934913503,0.34300770184841023,0.34099242906347077,"(0.729, 0.838]","(1.263, 1.784]"
USO,211,2024-11-18,holdout,0.6532999605053735,0.5106551062624055,0.14264485424296802,0.6659130221292723,1.3795355648060044,0.3444713976042105,0.321746895282355,"(0.377, 0.729]","(1.263, 1.784]"
USO,212,2024-12-23,holdout,0.1499594917076369,0.10390905797203455,0.046050433735602345,1.0359946612148414,1.5486804870008515,0.34296278855002893,0.4374032696615016,"(0.954, 1.099]","(1.263, 1.784]"
USO,213,2025-01-21,holdout,0.6525448172096353,0.22346384624840182,0.4290809709612335,0.7339636340252361,1.3902033497944408,0.34646448424172804,0.3294500312587018,"(0.729, 0.838]","(1.263, 1.784]"
USO,214,2025-02-24,holdout,0.6243869871649514,0.1364863017200566,0.48790068544489484,0.847631100658114,1.587911334464673,0.395163467731302,0.4624195265461487,"(0.838, 0.954]","(1.263, 1.784]"
USO,215,2025-03-24,holdout,-1.8551643081607976,-1.0493041634138194,-0.8058601447469782,2.0686210644224317,1.6882449193860993,-0.466078172065274,0.5236894800716323,"(1.099, 2.982]","(1.263, 1.784]"
USO,216,2025-04-21,holdout,0.4826588200609855,0.12388019572452576,0.35877862433645974,0.8893058237182105,1.4162376074496115,0.3308791558066516,0.34800378306556334,"(0.838, 0.954]","(1.263, 1.784]"
USO,217,2025-05-19,holdout,-0.04084405971941878,0.03640887381864151,-0.07725293353806029,1.1153079225938716,1.3736211341356142,0.20973670554687962,0.31745041642890354,"(1.099, 2.982]","(1.263, 1.784]"
USO,218,2025-06-23,holdout,0.7334540527970428,0.520200446824514,0.21325360597252874,0.5387709115281347,1.2992778231225375,0.3153590361439731,0.26180858943374075,"(0.377, 0.729]","(1.263, 1.784]"
USO,219,2025-07-21,holdout,0.34218675870435206,0.00694521708958616,0.3352415416147659,0.9906758052840899,1.6643922374712434,0.40100797994839477,0.5094600342556697,"(0.954, 1.099]","(1.263, 1.784]"
