ticker,cycle,entry,expiration,previous_expiration,days_to_expiration,years_to_expiration,trading_days_held,window,entry_year,exdate,rate,rows,standard_rows,passing_rows,duplicate_legs,strip_status,straddle_status,paired_strikes,parity_strike,forward,straddle_strike,straddle_distance,sigma_atm,straddle_premium,straddle_half_spread,k0,strip_puts,strip_calls,lowest_strike,highest_strike,k_strip,strip_premium_per_weight,strip_half_spread_per_weight,span_put,span_call,span_put_price,span_call_price,floor_pass,k_flat_tail,shortfall_ratio,rounding_size,rounding_contracts,k_item1_rules,missing_returns,straddle_fallback_leg_days,strip_fallback_leg_days,straddle_carried_hedge_days,strip_carried_hedge_days,straddle_carried_hedge_share,strip_carried_hedge_share,strip_leg_days,zero_bid_marks
GLD,1,2008-06-23,2008-07-18,2008-06-20,25,0.0684931506849315,19,estimation,2008,2008-07-19,0.025897450571428574,90,90,75,0,OK,OK,30,87.0,87.17531069011655,87.0,0.002011013080753177,0.262249,4.775,0.07499999999999996,87.0,11,18,76.0,105.0,0.07428234486094976,0.0025414341728753017,0.00016507764831149582,1.9695102857210005,2.7399401624231734,1.8421967831482333,3.0145038269698357,True,0.07511702400808357,0.9888882825410656,32734.069487883862,487.0,0.07143073293237623,0,2.0,5.0,0.0,0.0,0.0,0.0,558.0,183.0
GLD,2,2008-07-21,2008-08-15,2008-07-18,25,0.0684931506849315,20,estimation,2008,2008-08-16,0.024817035,82,82,72,0,OK,OK,31,95.0,95.22538277953808,95.0,0.002366835112229237,0.2551875,5.075,0.125,95.0,12,18,83.0,113.0,0.07080045691015599,0.002423364711316665,0.0001528527072172498,2.0219364817354126,2.5980282011940115,1.8913620529343584,2.8370430794015373,True,0.07201681529322951,0.9831100781377113,32734.069487883862,447.0,0.06808207041006839,0,6.0,35.0,4.0,4.0,0.21052631578947367,0.21052631578947367,608.0,259.0
GLD,3,2008-08-18,2008-09-19,2008-08-15,32,0.08767123287671233,24,estimation,2008,2008-09-20,0.025145525714285712,104,104,88,0,OK,OK,36,79.0,78.9498896514488,79.0,0.0006347108117874472,0.30024249999999997,5.6,0.09999999999999987,78.0,15,20,63.0,98.0,0.10125369483862165,0.004502733452008008,0.0002759819406932337,2.40241406053959,2.5675950135977383,2.1631963019165754,2.8842617358887668,True,0.10279079923715681,0.985046284201091,41209.751909733044,537.0,0.098192915245032,0,0.0,0.0,0.0,0.0,0.0,0.0,851.0,261.0
GLD,4,2008-09-22,2008-10-17,2008-09-19,25,0.0684931506849315,20,estimation,2008,2008-10-18,0.034256923142857144,112,112,109,0,OK,OK,53,89.0,89.40093964778659,89.0,0.00448473639501073,0.5160739999999999,9.6,0.3999999999999999,89.0,27,25,62.0,130.0,0.298270571671882,0.010200929644381412,0.0007648979618126734,2.6765486034909887,2.8053487166984294,2.2461471565490405,3.4108160525374314,True,0.3008163774788702,0.9915370106231433,72443.59600749891,618.0,0.2868255578167697,0,1.0,8.0,0.0,0.0,0.0,0.0,1026.0,205.0
GLD,5,2008-10-20,2008-11-21,2008-10-17,32,0.08767123287671233,25,estimation,2008,2008-11-22,0.03729479,130,130,127,0,OK,OK,62,79.0,78.59868998741831,79.0,0.005105810448570183,0.456898,8.5,0.30000000000000004,78.0,27,34,51.0,130.0,0.25381049419237495,0.01111898120555022,0.0008732384457469204,3.1406659002444473,3.775938046784925,2.558711656038628,4.927889115333653,True,0.2573159751305335,0.9863767458029753,50118.72336272725,566.0,0.24382475781133744,0,2.0,5.0,1.0,0.0,0.041666666666666664,0.0,1512.0,473.0
GLD,6,2008-11-24,2008-12-19,2008-11-21,25,0.0684931506849315,19,estimation,2008,2008-12-20,0.013717678857142859,150,150,146,0,OK,OK,71,81.0,80.89990599914236,81.0,0.0012372573196648582,0.515011,8.700000000000001,0.20000000000000018,80.0,26,44,52.0,125.0,0.31114142114216187,0.010708729855220398,0.0006949187395301538,3.196085542249646,3.3111149563253544,2.59673700604064,4.173327331136743,True,0.31348033824806243,0.9925388714361737,49545.019080479055,547.0,0.29615314103736295,0,0.0,6.0,0.0,0.0,0.0,0.0,1296.0,591.0
GLD,7,2008-12-22,2009-01-16,2008-12-19,25,0.0684931506849315,18,estimation,2008,2009-01-17,0.00493938375,146,146,126,0,OK,OK,53,83.0,83.40013534847604,83.0,0.004797778166715567,0.38500049999999997,6.7,0.20000000000000018,83.0,18,34,65.0,125.0,0.17281929440298638,0.00592808366974785,0.0004205275608975952,2.4261134533722957,4.0638768806287535,2.152333409686046,5.02211128926744,True,0.17510767092507679,0.9869316032244554,45708.818961487515,591.0,0.16617412359852754,0,0.0,1.0,0.0,0.0,0.0,0.0,918.0,337.0
GLD,8,2009-01-20,2009-02-20,2009-01-16,31,0.08493150684931507,23,estimation,2009,2009-02-21,0.0037434014285714283,138,138,113,0,OK,OK,44,85.0,84.54985690752848,85.0,0.005323995911238961,0.362459,7.1499999999999995,0.1499999999999999,84.0,17,26,67.0,110.0,0.14365394567744227,0.006119851530512997,0.00035659108179314085,2.140689610612892,2.552871601466257,1.9159154195588584,2.9302235828547247,True,0.14604675683389934,0.9836161294620295,47863.0092322638,470.0,0.13916775611375248,0,3.0,16.0,2.0,2.0,0.09090909090909091,0.09090909090909091,990.0,249.0
GLD,9,2009-02-23,2009-03-20,2009-02-20,25,0.0684931506849315,20,estimation,2009,2009-03-21,0.004867642142857143,154,154,127,0,OK,OK,50,98.0,97.69989996328077,98.0,0.0030716514226935515,0.39639899999999995,8.1,0.20000000000000018,97.0,22,27,74.0,140.0,0.1750216404398955,0.0060179165441689945,0.00035873377062105885,2.608827155690026,3.5369490823841043,2.2855986951109033,4.273075821294298,True,0.17628594420271423,0.9928281079439611,51880.00389289609,571.0,0.1682941437714816,0,0.0,0.0,0.0,0.0,0.0,0.0,969.0,324.0
GLD,10,2009-03-23,2009-04-17,2009-03-20,25,0.0684931506849315,19,estimation,2009,2009-04-18,0.005325316857142858,182,182,146,0,OK,OK,55,92.0,92.10003648142585,92.0,0.0010861720065227208,0.327817,6.300000000000001,0.19999999999999996,92.0,22,32,70.0,126.0,0.12858333145838236,0.0044025238134517124,0.0003048396736097443,3.1854735013438904,3.665695574883982,2.787274937991926,4.307606722351157,True,0.13022409125874448,0.9874004895369008,41686.93834703355,614.0,0.12364076073562265,0,1.0,3.0,0.0,1.0,0.0,0.05555555555555555,1008.0,430.0
GLD,11,2009-04-20,2009-05-15,2009-04-17,25,0.0684931506849315,20,estimation,2009,2009-05-16,0.004321133125,202,202,134,0,OK,OK,33,87.0,87.0,87.0,0.0,0.269807,4.9,0.10000000000000009,87.0,14,18,73.0,105.0,0.08065641325732753,0.0027613885298115545,0.00018962788302807077,2.4846963031091276,2.663187269623527,2.278935312539493,2.930059687550777,True,0.08193454444292807,0.9844005822661183,31260.793671239557,488.0,0.0775553434172011,0,1.0,1.0,0.0,0.0,0.0,0.0,646.0,231.0
GLD,12,2009-05-18,2009-06-19,2009-05-15,32,0.08767123287671233,24,estimation,2009,2009-06-20,0.0033394421428571425,230,230,152,0,OK,OK,37,90.0,90.40011712634879,90.0,0.004426068671897412,0.2107305,4.5,0.10000000000000009,90.0,12,24,78.0,115.0,0.05223386249146135,0.0022989127312074585,0.00018326646903404732,2.2934339629048837,3.9285035365353336,2.1368930278414524,4.451860474669693,True,0.052984411687064234,0.9858345280865669,27861.211686297724,512.0,0.05065179571838402,0,0.0,0.0,0.0,0.0,0.0,0.0,874.0,285.0
GLD,13,2009-06-22,2009-07-17,2009-06-19,25,0.0684931506849315,19,estimation,2009,2009-07-18,0.0032595837142857143,202,202,130,0,OK,OK,29,91.0,90.54989952216279,91.0,0.0049707451936713085,0.2022645,3.8500000000000005,0.10000000000000009,90.0,11,17,79.0,107.0,0.04795113209896576,0.0016604573220539293,0.00012236242418902756,2.4626753911456576,3.2685186865879294,2.3089096474058124,3.5683149096271647,True,0.04872886435871698,0.984039598090652,28510.182675039097,593.0,0.046107487546471086,0,0.0,1.0,0.0,0.0,0.0,0.0,540.0,212.0
GLD,14,2009-07-20,2009-08-21,2009-07-17,32,0.08767123287671233,25,estimation,2009,2009-08-22,0.0029687599999999995,202,202,128,0,OK,OK,27,93.0,93.35009110805332,93.0,0.003750302799898581,0.1791635,3.95,0.10000000000000009,93.0,13,13,80.0,106.0,0.03671515912042361,0.0016160963796033533,0.00012534167806913614,2.8383673360016277,2.4663863950477363,2.6350102499843406,2.6350102499843406,True,0.037299390545535764,0.9843367031855679,32359.36569296281,640.0,0.03560298410490913,0,0.0,0.0,0.0,0.0,0.0,0.0,672.0,194.0
GLD,15,2009-08-24,2009-09-18,2009-08-21,25,0.0684931506849315,19,estimation,2009,2009-09-19,0.0027137834285714283,248,248,157,0,OK,OK,33,92.0,92.27505112053464,92.0,0.002980774512661659,0.166898,3.225,0.07500000000000007,92.0,14,18,77.0,110.0,0.03749740981580699,0.001288387479846293,0.0001361957157747339,4.074780291588603,4.091003883154102,3.7327484792604655,4.479298175112558,True,0.03848231980220819,0.9744061690806726,25409.727055493066,794.0,0.03605552322568768,0,4.0,11.0,2.0,2.0,0.1111111111111111,0.1111111111111111,612.0,213.0
GLD,16,2009-09-21,2009-10-16,2009-09-18,25,0.0684931506849315,20,estimation,2009,2009-10-17,0.0024961749999999998,250,250,163,0,OK,OK,38,98.0,98.37506411956504,98.0,0.0038125933936793773,0.20801,4.275,0.125,98.0,14,23,84.0,122.0,0.05311980381260106,0.0018261827847609379,0.0001345640574057488,2.831637520251245,4.0238570293885205,2.6241833393370926,4.498600010292159,True,0.05394887679145594,0.9846322476358548,30549.21113215509,644.0,0.05107708253482491,0,1.0,2.0,0.0,0.0,0.0,0.0,741.0,280.0
GLD,17,2009-10-19,2009-11-20,2009-10-16,32,0.08767123287671233,25,estimation,2009,2009-11-21,0.002507269285714286,182,182,128,0,OK,OK,37,104.0,104.25005495988765,104.0,0.0023986074634096137,0.1949725,4.800000000000001,0.09999999999999987,104.0,15,21,88.0,125.0,0.04472698867903573,0.0019630940631032356,0.000135121095389184,2.893711177146514,3.1859117578113136,2.6649233740273623,3.497711928410913,True,0.04527808270036882,0.9878286802694364,35892.193464500495,644.0,0.04337197616603881,0,1.0,6.0,0.0,0.0,0.0,0.0,912.0,134.0
GLD,18,2009-11-23,2009-12-18,2009-11-20,25,0.0684931506849315,19,estimation,2009,2009-12-19,0.002357116,196,196,162,0,OK,OK,64,114.0,114.2550411721303,114.0,0.0022322093582380674,0.23074,5.505,0.04499999999999993,114.0,34,29,80.0,144.0,0.06607590321439859,0.0022650102299318574,6.484197717072453e-05,5.8649934994465625,3.8686014258450756,4.938870118371671,4.357826575033827,True,0.06634535506948791,0.9959386477801331,33113.112148259075,833.0,0.0635349567044,0,1.0,3.0,0.0,0.0,0.0,0.0,1170.0,420.0
GLD,19,2009-12-21,2010-01-15,2009-12-18,25,0.0684931506849315,18,estimation,2009,2010-01-16,0.002315200625,260,260,186,0,OK,OK,56,107.0,106.97499603530102,107.0,0.0002337365330748017,0.23704350000000002,5.295,0.03500000000000014,106.0,23,32,83.0,138.0,0.06643701118129276,0.002317174932159958,6.80627073237383e-05,3.942776342393537,4.252528067608123,3.4976016703126773,4.8662284108698115,True,0.0666226403353336,0.9972137226458376,38904.51449942805,820.0,0.06388218211904867,0,1.0,4.0,0.0,0.0,0.0,0.0,969.0,286.0
GLD,20,2010-01-19,2010-02-19,2010-01-15,31,0.08493150684931507,23,estimation,2010,2010-02-20,0.0023373957142857143,224,224,161,0,OK,OK,49,112.0,111.61992455546644,112.0,0.0034050860188916533,0.1945875,5.07,0.030000000000000027,111.0,22,26,89.0,137.0,0.045803257906208976,0.0019602762534660094,4.5988802513168136e-05,3.8952401258280664,3.711086456236733,3.4950255014620666,4.1304846835460785,True,0.04593679634794099,0.9970929961958916,31622.776601683792,651.0,0.04437222045441644,0,0.0,0.0,0.0,0.0,0.0,0.0,1100.0,141.0
GLD,21,2010-02-22,2010-03-19,2010-02-19,25,0.0684931506849315,20,estimation,2010,2010-03-20,0.0022998859999999997,232,232,171,0,OK,OK,55,109.0,109.05000787694232,109.0,0.0004585774720782082,0.21035500000000001,4.79,0.030000000000000027,109.0,26,28,83.0,143.0,0.05499127744228782,0.0018830715123432907,7.573023230001482e-05,4.949959989447894,4.931604276678323,4.332817916921245,5.66599266058932,True,0.05509625120494447,0.9980947204145311,34673.685045253165,975.0,0.05249963688991947,0,0.0,0.0,0.0,0.0,0.0,0.0,1064.0,373.0
GLD,22,2010-03-22,2010-04-16,2010-03-19,25,0.0684931506849315,19,estimation,2010,2010-04-17,0.00247930125,190,190,154,0,OK,OK,59,108.0,107.7999660340853,108.0,0.001855603236938405,0.16447450000000002,3.71,0.030000000000000027,107.0,22,36,85.0,150.0,0.036166238734721017,0.0012663024300640807,5.2133857401913604e-05,5.347377803280697,7.847761628096176,4.776576704117575,9.336036285320715,True,0.03614444349065713,1.0006030040016944,28183.82931264455,1185.0,0.03449775854640877,0,1.0,2.0,0.0,0.0,0.0,0.0,1080.0,404.0
GLD,23,2010-04-19,2010-05-21,2010-04-16,32,0.08767123287671233,25,estimation,2010,2010-05-22,0.00263757,202,202,158,0,OK,OK,57,111.0,111.2000462531503,111.0,0.0017989763483991117,0.1725315,4.53,0.02000000000000024,111.0,21,35,90.0,150.0,0.036593869598061546,0.0016053675609156329,4.249276200704313e-05,4.105291438883567,5.894149484657575,3.703389244108423,6.877722881915642,True,0.03664758472149478,0.9985342793026759,26607.25059798814,767.0,0.03533430443115459,0,1.0,1.0,0.0,0.0,0.0,0.0,1392.0,383.0
GLD,24,2010-05-24,2010-06-18,2010-05-21,25,0.0684931506849315,19,estimation,2010,2010-06-19,0.0035471888571428573,236,236,183,0,OK,OK,65,117.0,116.88997327135766,117.0,0.0009412845735443372,0.2309615,5.640000000000001,0.040000000000000036,116.0,29,35,85.0,155.0,0.06674616597078797,0.0023146963579535923,8.165763650639656e-05,5.144130086408791,4.794988327232646,4.42120386545113,5.562159701696584,True,0.06675551948468514,0.999859884037015,40738.02778041122,991.0,0.06369899989060458,0,1.0,4.0,0.0,0.0,0.0,0.0,1188.0,401.0
GLD,25,2010-06-21,2010-07-16,2010-06-18,25,0.0684931506849315,19,estimation,2010,2010-07-17,0.0034889943750000003,212,212,157,0,OK,OK,51,120.0,120.49011711037906,120.0,0.004067695526680183,0.2023565,5.09,0.050000000000000044,120.0,21,29,99.0,170.0,0.05063448707500081,0.0017419822324776818,6.39833455273405e-05,3.632460384090135,6.576897752736329,3.304435790839425,7.867704263903393,True,0.050868102390544526,0.9954074301071797,38018.93963205613,1010.0,0.047849443772509104,0,0.0,0.0,0.0,0.0,0.0,0.0,936.0,247.0
GLD,26,2010-07-19,2010-08-20,2010-07-16,32,0.08767123287671233,25,estimation,2010,2010-08-21,0.003464802142857143,220,220,167,0,OK,OK,57,116.0,115.7849346809325,116.0,0.0018574551141749087,0.18415700000000002,5.045,0.03500000000000014,115.0,37,19,77.0,135.0,0.0439601675820063,0.0019497225547976198,9.489655511093619e-05,7.356390744329743,2.9405750546958984,6.05994898105656,3.1894468321350318,True,0.04434812659653876,0.9912519638526797,33113.112148259075,986.0,0.04262856950095547,0,1.0,2.0,0.0,0.0,0.0,0.0,1392.0,432.0
GLD,27,2010-08-23,2010-09-17,2010-08-20,25,0.0684931506849315,19,estimation,2010,2010-09-18,0.0026679077142857145,238,238,174,0,OK,OK,55,120.0,119.80996527748064,120.0,0.001586134526282813,0.1560295,3.91,0.020000000000000018,119.0,27,27,90.0,150.0,0.031544222563674895,0.0011032437275628282,3.0613129556977234e-05,6.840095099343467,5.669474999795923,5.967889147678052,6.379467709586883,True,0.03149093091793919,1.0016922854987862,33496.54391578279,1440.0,0.029966125293530987,0,3.0,7.0,2.0,2.0,0.1111111111111111,0.1111111111111111,1008.0,364.0
GLD,28,2010-09-20,2010-10-15,2010-09-17,25,0.0684931506849315,20,estimation,2010,2010-10-16,0.0025833412499999997,216,216,152,0,OK,OK,44,125.0,124.88998053474798,125.0,0.0008809310785456679,0.1594,4.16,0.010000000000000009,124.0,19,24,105.0,150.0,0.029860164687827234,0.0010481794448155986,2.1020195135700416e-05,3.98690383874793,4.562989807401433,3.67299237378388,5.026200090441099,True,0.0298477156591175,1.000417084806486,27861.211686297724,789.0,0.028572821084060143,0,1.0,2.0,0.0,0.0,0.0,0.0,855.0,167.0
GLD,29,2010-10-18,2010-11-19,2010-10-15,32,0.08767123287671233,25,estimation,2010,2010-11-20,0.002617467857142857,232,232,187,0,OK,OK,71,134.0,134.31507229343424,134.0,0.0023457701958117688,0.190271,6.035,0.03500000000000014,134.0,35,35,99.0,169.0,0.044724874540124124,0.0019628562366572387,3.671481731244365e-05,5.373285109714478,4.119050340596969,4.636199207204228,4.636199207204228,True,0.04497625012776248,0.9944109260571017,39810.71705534969,862.0,0.043369929694957926,0,0.0,0.0,0.0,0.0,0.0,0.0,1728.0,666.0
GLD,30,2010-11-22,2010-12-17,2010-11-19,25,0.0684931506849315,19,estimation,2010,2010-12-18,0.002580653714285714,268,268,185,0,OK,OK,51,133.0,133.46508219931766,133.0,0.003484673231782876,0.183272,5.115,0.03499999999999992,133.0,29,21,104.0,154.0,0.03954892227799437,0.0013602886947449693,3.5976203428302865e-05,5.127925017066145,3.056501202290103,4.545971049084867,3.2919100700269723,True,0.039780467578894294,0.9941794223398528,27227.013080779154,640.0,0.038028105816434024,0,0.0,0.0,0.0,0.0,0.0,0.0,936.0,222.0
GLD,31,2010-12-20,2011-01-21,2010-12-17,32,0.08767123287671233,23,estimation,2010,2011-01-22,0.0026658592857142856,308,308,203,0,OK,OK,49,135.0,135.12002804957817,135.0,0.0008883068728651115,0.155391,4.96,0.040000000000000036,135.0,23,25,110.0,260.0,0.03028385188417539,0.001327596240954829,8.492271258004206e-05,4.451062425492336,14.244806668425031,4.024869667515629,20.124348337578144,True,0.029638589238110816,1.0217710310325723,26001.595631652723,1178.0,0.027053128305346133,0,1.0,4.0,0.0,0.0,0.0,0.0,1100.0,312.0
GLD,32,2011-01-24,2011-02-18,2011-01-21,25,0.0684931506849315,20,estimation,2011,2011-02-19,0.0026419857142857147,266,266,190,0,OK,OK,57,130.0,130.33005972151884,130.0,0.0025324911399878676,0.169202,4.609999999999999,0.020000000000000018,130.0,28,28,102.0,158.0,0.03438117458578687,0.0011804469150175482,2.437722508173981e-05,5.4776345094397065,4.404944619374462,4.863910945653475,4.863910945653475,True,0.03440063972493972,0.9994341634542703,22908.6765276777,687.0,0.03305908677990755,0,1.0,4.0,0.0,0.0,0.0,0.0,1102.0,389.0
GLD,33,2011-02-22,2011-03-18,2011-02-18,24,0.06575342465753424,19,estimation,2011,2011-03-19,0.002652406571428571,262,262,170,0,OK,OK,39,136.0,136.35006104700878,136.0,0.002567369932369083,0.154092,4.300000000000001,0.019999999999999907,136.0,21,17,110.0,156.0,0.02684377489295103,0.0008856932644428874,1.613415335509079e-05,5.3697485275177685,3.4723091180625096,4.838326353748457,3.7217895028834285,True,0.02672317953487284,1.0045127623350663,28183.82931264455,944.0,0.02536802548149853,0,0.0,0.0,0.0,0.0,0.0,0.0,720.0,181.0
GLD,34,2011-03-21,2011-04-15,2011-03-18,25,0.0684931506849315,20,estimation,2011,2011-04-16,0.0025316749999999997,240,240,170,0,OK,OK,50,139.0,139.16502861387633,139.0,0.0011858483091626037,0.1498745,4.3549999999999995,0.015000000000000124,139.0,21,28,110.0,170.0,0.029200304246480284,0.00100054169668799,1.9167681096442725e-05,5.965578970423026,5.1326933491174564,5.31902312284003,5.685852303725549,True,0.02912651659261943,1.0025333497614182,25703.957827688646,924.0,0.027203715458988656,0,1.0,2.0,0.0,0.0,0.0,0.0,969.0,325.0
GLD,35,2011-04-18,2011-05-20,2011-04-15,32,0.08767123287671233,24,estimation,2011,2011-05-21,0.002184067142857143,236,236,192,0,OK,OK,74,146.0,145.88997893519883,146.0,0.0007541372313861454,0.14729,5.08,0.010000000000000231,145.0,40,33,98.0,178.0,0.028799227459230876,0.0012810227820942268,3.186425224508713e-05,8.98307893084365,4.701728503196302,7.432382234987929,5.218481143714929,True,0.028858055358549392,0.9979614738904752,35481.3389233576,1392.0,0.027477968850783272,0,0.0,0.0,0.0,0.0,0.0,0.0,1725.0,682.0
GLD,36,2011-05-23,2011-06-17,2011-05-20,25,0.0684931506849315,19,estimation,2011,2011-06-18,0.001903873142857143,288,288,214,0,OK,OK,70,148.0,147.86998304659954,148.0,0.0008792653567795659,0.1644095,5.08,0.009999999999999787,147.0,37,32,110.0,185.0,0.0339015155812493,0.0011783699889085376,2.192721806879924e-05,6.738697464371284,5.343580875700799,5.849704238031032,6.007804352572411,True,0.033920496616083,0.9994404257977549,38904.51449942805,1266.0,0.032445202357193156,0,0.0,0.0,0.0,0.0,0.0,0.0,1278.0,507.0
GLD,37,2011-06-20,2011-07-15,2011-06-17,25,0.0684931506849315,19,estimation,2011,2011-07-16,0.00183209125,294,294,200,0,OK,OK,53,150.0,149.98499811759638,150.0,0.00010002255286799735,0.14761999999999997,4.625,0.015000000000000124,149.0,28,24,119.0,174.0,0.02682259698332053,0.0009403149316078783,2.325079267899497e-05,5.819311486543132,4.014839663373421,5.21154165316793,4.342951377639942,True,0.02684055053261554,0.999331103537791,27861.211686297724,813.0,0.025791110679861534,0,1.0,2.0,0.0,0.0,0.0,0.0,972.0,349.0
GLD,38,2011-07-18,2011-08-19,2011-07-15,32,0.08767123287671233,25,estimation,2011,2011-08-20,0.0019218105714285713,286,286,201,0,OK,OK,58,156.0,156.5000842508485,157.0,0.0031943481151755462,0.179319,6.65,0.050000000000000266,156.0,27,30,129.0,186.0,0.036451073542118864,0.0016027233714943788,3.9796166611283163e-05,3.579302387000898,3.312744405798532,3.2597500494112084,3.6219444993457874,True,0.03662119358864386,0.9953546012607916,43651.58322401666,661.0,0.03534675047756035,0,1.0,15.0,0.0,0.0,0.0,0.0,1416.0,202.0
GLD,39,2011-08-22,2011-09-16,2011-08-19,25,0.0684931506849315,19,estimation,2011,2011-09-17,0.002112013125,306,306,251,0,OK,OK,98,184.0,184.45006510100353,184.0,0.00244003763705412,0.31032150000000003,11.95,0.09999999999999964,184.0,60,37,112.0,265.0,0.11782285769242605,0.004037436754143534,0.00026942649569262287,6.1126369883365745,4.49171642350236,4.818138007388696,5.420405258312283,True,0.1179985118545216,0.9985113866324677,69183.09709189362,946.0,0.11205392095696613,0,0.0,0.0,0.0,0.0,0.0,0.0,1782.0,365.0
GLD,40,2011-09-19,2011-10-21,2011-09-16,32,0.08767123287671233,25,estimation,2011,2011-10-22,0.0023955685714285714,310,310,246,0,OK,OK,91,173.0,173.27505776223924,173.0,0.0015874053992044569,0.287826,11.775,0.07499999999999973,173.0,53,37,115.0,250.0,0.09507660313239066,0.004168129951903395,0.00011481619480836179,4.79163852744106,4.3200524556321085,3.933899957953508,5.222591323490001,True,0.09546378321195882,0.9959442202420524,63095.73444801943,722.0,0.09122459482771933,0,2.0,5.0,0.0,0.0,0.0,0.0,2208.0,452.0
GLD,41,2011-10-24,2011-11-18,2011-10-21,25,0.0684931506849315,20,estimation,2011,2011-11-19,0.002388331142857143,290,290,245,0,OK,OK,100,161.0,160.94999182011472,161.0,0.0003107063213844293,0.23943550000000002,8.05,0.09999999999999964,160.0,61,38,70.0,200.0,0.07542106264921286,0.0026001143812541677,0.00013170154660267053,13.19242298210464,3.5610020752396303,8.976569815821234,3.9895865848094374,True,0.07479575250307094,1.0083602360457067,44157.044735331205,2151.0,0.06822475442046529,0,0.0,13.0,0.0,2.0,0.0,0.10526315789473684,1919.0,622.0
GLD,42,2011-11-21,2011-12-16,2011-11-18,25,0.0684931506849315,19,estimation,2011,2011-12-17,0.0024600200000000003,284,284,248,0,OK,OK,106,164.0,163.74995787282086,164.0,0.0015269752153056542,0.2644645,9.05,0.10000000000000053,163.0,66,39,93.0,210.0,0.09205461277647396,0.0031626067610404205,0.00014603860981242424,8.10752990786737,3.660517756839072,6.2046813140205,4.166000310842335,True,0.0927003230387447,0.9930344335261824,46238.102139926035,896.0,0.08723276151387975,0,1.0,11.0,0.0,0.0,0.0,0.0,1926.0,739.0
GLD,43,2011-12-19,2012-01-20,2011-12-16,32,0.08767123287671233,22,estimation,2011,2012-01-21,0.003000421428571428,280,280,232,0,OK,OK,92,155.0,154.87496711434417,155.0,0.0008073150102011977,0.2110345,7.725,0.07500000000000018,154.0,43,48,70.0,240.0,0.06388638870253578,0.002815898725020154,0.00029519114223093665,12.618164795491166,7.100583235588952,8.729242301467485,8.937081403883377,True,0.06285483730725676,1.0164116468910172,46773.51412871981,2266.0,0.0547915102048958,0,0.0,4.0,0.0,2.0,0.0,0.09523809523809523,1953.0,700.0
GLD,44,2012-01-23,2012-02-17,2012-01-20,25,0.0684931506849315,20,estimation,2012,2012-02-18,0.002677076285714286,262,262,222,0,OK,OK,91,163.0,163.1850339249672,163.0,0.0011338902870975248,0.17509,5.965,0.04500000000000015,163.0,53,37,110.0,200.0,0.03993623441857021,0.0013680727001249267,8.42295914368802e-05,8.582340108865107,4.464275759757037,7.095832420282144,4.9536943311403645,True,0.04051757919886142,0.9856520356895472,32734.069487883862,991.0,0.03840063602810343,0,0.0,0.0,0.0,0.0,0.0,0.0,1748.0,608.0
GLD,45,2012-02-21,2012-03-16,2012-02-17,24,0.06575342465753424,19,estimation,2012,2012-03-17,0.00239268,282,282,218,0,OK,OK,77,171.0,171.02500393348203,171.0,0.00014620045552959463,0.17932700000000001,6.275,0.07499999999999996,171.0,43,33,128.0,220.0,0.03975505223135965,0.0013068204920416405,2.6880847232386352e-05,6.2985939201722685,5.479407565394621,5.468490644018335,6.231535850160427,True,0.039833513007710694,0.9980302822817597,27542.28703338163,707.0,0.038165150600671036,0,2.0,15.0,1.0,1.0,0.05555555555555555,0.05555555555555555,1404.0,358.0
GLD,46,2012-03-19,2012-04-20,2012-03-16,32,0.08767123287671233,24,estimation,2012,2012-04-21,0.00251463,264,264,220,0,OK,OK,88,162.0,161.57990739629346,162.0,0.002599906204155755,0.160161,6.13,0.029999999999999805,161.0,47,40,114.0,205.0,0.03276064377455948,0.0014422518951238419,4.0482458907805036e-05,7.27935503907462,5.094736099060686,6.1558305019141635,5.7629051507281535,True,0.033012176713525306,0.9923806012203136,35075.18739525679,972.0,0.03176823494353119,0,0.0,0.0,0.0,0.0,0.0,0.0,2047.0,551.0
GLD,47,2012-04-23,2012-05-18,2012-04-20,25,0.0684931506849315,20,estimation,2012,2012-05-19,0.0023845957142857145,268,268,210,0,OK,OK,76,159.0,159.15502531798091,159.0,0.00097405229694246,0.150069,4.985,0.014999999999999902,159.0,34,41,125.0,200.0,0.02853292692123314,0.000977470684165843,3.5529311123185786e-05,6.125814629680802,5.841222837987454,5.444615711024126,6.565566004470269,True,0.02871679487591905,0.9935971978948077,37153.52290971728,1158.0,0.02743576881289696,0,2.0,6.0,1.0,1.0,0.05263157894736842,0.05263157894736842,1463.0,341.0
GLD,48,2012-05-21,2012-06-15,2012-05-18,25,0.0684931506849315,19,estimation,2012,2012-06-16,0.002337328125,278,278,231,0,OK,OK,92,155.0,154.67494796627062,155.0,0.0021015170071384845,0.17657499999999998,5.715,0.03499999999999992,154.0,41,50,104.0,220.0,0.042181902572311254,0.0014539572963572858,5.2995388463992e-05,8.494838805458636,7.718267292630373,7.0258115456412895,9.274071240246501,True,0.042264362283224666,0.9980489540961052,38018.93963205613,1400.0,0.039907495759295954,0,0.0,1.0,0.0,0.0,0.0,0.0,1674.0,569.0
GLD,49,2012-06-18,2012-07-20,2012-06-15,32,0.08767123287671233,24,estimation,2012,2012-07-21,0.0025501799999999995,212,212,190,0,OK,OK,84,158.0,157.949988819879,158.0,0.00031662667718219994,0.186219,6.95,0.09999999999999987,157.0,41,42,116.0,235.0,0.043664222151477236,0.001931922711537235,6.405132190863325e-05,5.4890373682226485,7.3150691065609434,4.736217708004083,9.010365395715084,True,0.04383920925515349,0.9960084338506702,60953.689724016935,1403.0,0.04234151582549884,0,0.0,0.0,0.0,0.0,0.0,0.0,1955.0,632.0
GLD,50,2012-07-23,2012-08-17,2012-07-20,25,0.0684931506849315,20,estimation,2012,2012-08-18,0.0024357751428571426,252,252,210,0,OK,OK,84,153.0,153.0800133478265,153.0,0.0005226897102804846,0.16271750000000001,5.199999999999999,0.020000000000000018,153.0,44,39,109.0,200.0,0.033779602511529346,0.0011567794414882157,3.073032218600027e-05,7.962642127576145,6.290447694573935,6.753103570915856,7.21354245075103,True,0.033898159366852164,0.9965025577335992,29853.82618917957,1106.0,0.03248068006103244,0,0.0,0.0,0.0,0.0,0.0,0.0,1615.0,699.0
GLD,51,2012-08-20,2012-09-21,2012-08-17,32,0.08767123287671233,24,estimation,2012,2012-09-22,0.0024387021428571424,266,266,204,0,OK,OK,71,157.0,157.30506521719877,157.0,0.0019393222766066378,0.1370845,5.095000000000001,0.025000000000000133,157.0,29,41,128.0,200.0,0.022441391671859715,0.0009854093311198453,2.171626670353528e-05,5.03120346560522,5.963852060974593,4.55073384693339,6.747639842004683,True,0.022501825029405557,0.9973142908423265,32359.36569296281,947.0,0.021761556623284446,0,2.0,22.0,1.0,1.0,0.043478260869565216,0.043478260869565216,1656.0,401.0
GLD,52,2012-09-24,2012-10-19,2012-09-21,25,0.0684931506849315,20,estimation,2012,2012-10-20,0.002160122857142857,240,240,173,0,OK,OK,53,171.0,171.14002071503924,171.0,0.0008181646493568367,0.1567785,5.6000000000000005,0.020000000000000018,171.0,31,21,133.0,200.0,0.02785849286632112,0.0009542520244309387,1.6958863907277356e-05,6.125017665920102,3.8179557000568924,5.4159844549384575,4.133251294558296,True,0.027829073546283823,1.0010571433500426,30902.95432513592,872.0,0.026570414098436877,0,0.0,0.0,0.0,0.0,0.0,0.0,1026.0,267.0
GLD,53,2012-10-22,2012-11-16,2012-10-19,25,0.0684931506849315,18,estimation,2012,2012-11-17,0.002083128125,318,318,239,0,OK,OK,80,168.0,167.5649379297683,168.0,0.002596378906033772,0.133962,4.705,0.02499999999999991,167.0,41,38,126.0,205.0,0.02234864004047009,0.0007709762513661479,2.728323694914994e-05,8.03526133808611,5.84767078061656,7.002646296570249,6.490257543162669,True,0.022441503654517213,0.9958619700588364,23988.329190194898,966.0,0.021489215698201267,0,0.0,0.0,0.0,0.0,0.0,0.0,1377.0,560.0
GLD,54,2012-11-19,2012-12-21,2012-11-16,32,0.08767123287671233,24,estimation,2012,2012-12-22,0.0021438385714285715,256,256,184,0,OK,OK,56,168.0,167.91498402249604,168.0,0.0005063036988561268,0.12510100000000002,4.965,0.025000000000000133,167.0,30,25,115.0,200.0,0.01972438208897011,0.000879474558308617,3.262178292577431e-05,10.071433932967915,4.86814068455954,8.406157722494683,5.334677016198548,True,0.01953465736533484,1.0097122114858255,31260.793671239557,1595.0,0.018189730053060904,0,0.0,1.0,0.0,0.0,0.0,0.0,1311.0,333.0
GLD,55,2012-12-24,2013-01-18,2012-12-21,25,0.0684931506849315,18,estimation,2012,2013-01-19,0.002119068857142857,270,270,193,0,OK,OK,58,161.0,160.6899550028068,161.0,0.0019294609746313787,0.119092,4.01,0.020000000000000018,160.0,30,27,130.0,190.0,0.01877960175826595,0.0006523399732597077,3.114844713889064e-05,6.661983162710291,5.513711330101288,6.015823850849386,6.015823850849386,True,0.018848721376018483,0.9963329280340217,28183.82931264455,1084.0,0.017970861368899683,0,0.0,0.0,0.0,0.0,0.0,0.0,1003.0,344.0
GLD,56,2013-01-22,2013-02-15,2013-01-18,24,0.06575342465753424,19,estimation,2013,2013-02-16,0.0020027633333333334,252,252,175,0,OK,OK,49,164.0,163.70496114932033,164.0,0.0018022596786823105,0.1096645,3.6849999999999996,0.015000000000000013,163.0,25,23,138.0,190.0,0.01532857842209246,0.0005132381161526082,2.129893700871074e-05,5.920793272937737,5.450581970966689,5.454150942489107,5.890483017888235,True,0.015357934736662108,0.9980885245918145,21134.890398366475,856.0,0.014600500207422217,0,1.0,1.0,0.0,0.0,0.0,0.0,900.0,277.0
GLD,57,2013-02-19,2013-03-15,2013-02-15,24,0.06575342465753424,19,estimation,2013,2013-03-16,0.001998997142857143,258,258,192,0,OK,OK,63,155.0,155.36004732183684,155.0,0.0023175026529889454,0.1395675,4.44,0.020000000000000018,155.0,34,28,121.0,186.0,0.025819977588089973,0.0008514619507734994,3.5610606463831126e-05,6.919389638262695,5.094417488538122,6.129199125811179,5.588387438239605,True,0.025932274254965783,0.9956696174900932,31260.793671239557,1093.0,0.02466324432338379,0,0.0,0.0,0.0,0.0,0.0,0.0,1152.0,479.0
GLD,58,2013-03-18,2013-04-19,2013-03-15,32,0.08767123287671233,24,estimation,2013,2013-04-20,0.0020778214285714284,356,178,135,0,OK,OK,46,155.0,155.39507196179497,155.0,0.0025423712400101084,0.1228095,4.515,0.025000000000000133,155.0,21,24,134.0,200.0,0.01831314821783391,0.0008058696479494532,2.8541242360006572e-05,4.00365877497709,7.0096463925817165,3.725864669346036,7.983995720027219,True,0.018203501592332798,1.006023380993209,25409.727055493066,866.0,0.017395465240858075,0,1.0,7.0,0.0,0.0,0.0,0.0,1081.0,268.0
GLD,59,2013-04-22,2013-05-17,2013-04-19,25,0.0684931506849315,20,estimation,2013,2013-05-18,0.0019719488571428574,390,210,171,0,OK,OK,66,138.0,137.874983115736,138.0,0.0009067408853936672,0.2195615,6.324999999999999,0.07499999999999996,137.0,31,34,105.0,171.0,0.05748343562531352,0.0019887373937430126,3.8652895393829775e-05,4.629514702771913,3.857908342126528,4.06489797712677,4.318954100697193,True,0.05778297554429745,0.9948161215970214,49545.019080479055,946.0,0.055272894976600644,0,0.0,0.0,0.0,0.0,0.0,0.0,1273.0,263.0
GLD,60,2013-05-20,2013-06-21,2013-05-17,32,0.08767123287671233,24,estimation,2013,2013-06-22,0.0020043157142857143,480,248,199,0,OK,OK,75,135.0,135.2000351472539,135.0,0.0014795495210932765,0.236614,7.55,0.050000000000000044,135.0,44,30,91.0,165.0,0.0693594262263167,0.003040976573989987,7.875234262910543e-05,5.629693205663936,2.8642766425224733,4.6521093409885355,3.1718927324921826,True,0.06967067569432185,0.9955325613695675,51286.13839913648,845.0,0.0672580796873547,0,0.0,0.0,0.0,0.0,0.0,0.0,1748.0,566.0
GLD,61,2013-06-24,2013-07-19,2013-06-21,25,0.0684931506849315,19,estimation,2013,2013-07-20,0.0019067751428571429,390,228,197,0,OK,OK,83,124.0,123.97499673476085,124.0,0.00020167990238098611,0.25014749999999997,6.475,0.07499999999999973,123.0,40,42,83.0,165.0,0.08069320839821842,0.0027945181509262144,7.900491192669573e-05,6.008312492277692,4.487191188562146,4.967468718540368,5.215842154467387,True,0.08101353504035949,0.9960460108057069,39355.007545577806,857.0,0.07759014187611571,0,0.0,0.0,0.0,0.0,0.0,0.0,1512.0,608.0
GLD,62,2013-07-22,2013-08-16,2013-07-19,25,0.0684931506849315,20,estimation,2013,2013-08-17,0.00185862,326,244,183,0,OK,OK,61,129.0,128.81997708404825,129.0,0.0013974766959809139,0.193108,5.2,0.020000000000000018,128.0,32,28,91.0,158.0,0.04833709763325499,0.0016756855956182473,4.9492867571851626e-05,6.750686836504254,4.166408709426553,5.719629749431695,4.637537634674347,True,0.048324000667592876,1.0002710240352866,26001.595631652723,792.0,0.045814381269375995,0,0.0,1.0,0.0,0.0,0.0,0.0,1178.0,387.0
GLD,63,2013-08-19,2013-09-20,2013-08-16,32,0.08767123287671233,24,estimation,2013,2013-09-21,0.0018842378571428573,528,270,210,0,OK,OK,75,132.0,131.94999173964493,132.0,0.000378994039300464,0.2148475,6.7,0.050000000000000044,131.0,36,38,95.0,177.0,0.05861195700248443,0.002595157157894672,4.720849504029829e-05,5.051024559502499,4.730847656996471,4.319886572304452,5.519855064611243,True,0.05864397258132385,0.9994540687230042,47863.0092322638,928.0,0.05668877840663487,0,0.0,0.0,0.0,0.0,0.0,0.0,1748.0,478.0
GLD,64,2013-09-23,2013-10-18,2013-09-20,25,0.0684931506849315,20,estimation,2013,2013-10-19,0.0018010765714285715,404,202,159,0,OK,OK,58,127.0,127.50506230135426,128.0,0.003881710182423757,0.204415,5.465,0.014999999999999902,127.0,29,28,98.0,160.0,0.051897850236170606,0.0017850111647411222,3.435019625800006e-05,4.8454209848647265,4.317682417558663,4.268329554700007,4.857064665693112,True,0.05194198109089819,0.9991503817567075,33113.112148259075,761.0,0.04978474075241946,0,0.0,0.0,0.0,0.0,0.0,0.0,1121.0,302.0
GLD,65,2013-10-21,2013-11-15,2013-10-18,25,0.0684931506849315,20,estimation,2013,2013-11-16,0.0017239525,376,188,147,0,OK,OK,53,127.0,126.9699964574227,127.0,0.00023630419323013717,0.1957145,5.19,0.020000000000000018,126.0,27,25,99.0,151.0,0.04652826501668499,0.0016228746574091936,2.158194283854536e-05,4.708281324280227,3.5336784905450753,4.183566187601137,3.873672395926979,True,0.04658705993955802,0.998737955927047,43651.58322401666,952.0,0.04473893154282802,0,0.0,0.0,0.0,0.0,0.0,0.0,1026.0,309.0
GLD,66,2013-11-18,2013-12-20,2013-11-15,32,0.08767123287671233,24,estimation,2013,2013-12-21,0.0017283785714285716,538,288,195,0,OK,OK,51,123.0,122.90498560364668,123.0,0.0007730719456713529,0.17572949999999998,5.1049999999999995,0.014999999999999902,122.0,25,25,97.0,165.0,0.03862193799462791,0.0017202684994556733,3.329609520516948e-05,4.40706939902145,5.8026319318510025,3.938283244388619,6.773847180348425,True,0.038603431122399355,1.0004794100340426,38904.51449942805,1055.0,0.03703336324037449,0,0.0,0.0,0.0,0.0,0.0,0.0,1196.0,296.0
GLD,67,2013-12-23,2014-01-17,2013-12-20,25,0.0684931506849315,18,estimation,2013,2014-01-18,0.001724376,548,294,202,0,OK,OK,55,116.0,115.5799503917335,116.0,0.003634277457663092,0.18270799999999998,4.43,0.010000000000000009,115.0,24,30,85.0,156.0,0.04403809438040864,0.0015206904618450313,3.8810911186864015e-05,6.321636653359249,6.37691018061612,5.45559695857095,7.455982510046964,True,0.04385118340823711,1.0042623928853063,30549.21113215509,1206.0,0.04153467874172745,0,1.0,2.0,0.0,0.0,0.0,0.0,952.0,377.0
GLD,68,2014-01-21,2014-02-21,2014-01-17,31,0.08493150684931507,23,estimation,2014,2014-02-22,0.0016302464285714285,304,222,153,0,OK,OK,42,120.0,119.70995984402722,120.0,0.002422857349135153,0.144727,4.04,0.009999999999999787,119.0,21,20,98.0,145.0,0.025990857846067958,0.0011213629577113084,2.268351300789797e-05,4.603274506018687,4.6851714864024885,4.1839680435585125,5.1801509110724435,True,0.025956532467421568,1.0013224177262303,30199.51720402019,950.0,0.02501093764970658,0,1.0,8.0,0.0,0.0,0.0,0.0,946.0,195.0
GLD,69,2014-02-24,2014-03-21,2014-02-21,25,0.0684931506849315,20,estimation,2014,2014-03-22,0.0015204528571428572,500,286,194,0,OK,OK,51,129.0,128.88998854393677,129.0,0.0008535298769596223,0.1440285,3.88,0.010000000000000009,128.0,25,25,101.0,161.0,0.02605278825402379,0.0009162956985925944,2.2718913173980594e-05,6.2850815813811085,6.085165155200185,5.596052557660633,6.839619792696329,True,0.0260518297891015,1.0000367906949357,28510.182675039097,1185.0,0.024853861278497036,0,0.0,0.0,0.0,0.0,0.0,0.0,988.0,319.0
GLD,70,2014-03-24,2014-04-17,2014-03-21,24,0.06575342465753424,19,estimation,2014,2014-04-19,0.0014638579999999997,290,208,149,0,OK,OK,45,126.0,126.16001540132947,126.0,0.001268352740925457,0.155219,4.09,0.009999999999999898,126.0,21,23,105.0,149.0,0.03048697756688667,0.0010030214457405922,1.8827763719931688e-05,4.580722159217263,4.212469667816265,4.187402228391853,4.586202440619648,True,0.03053462684588138,0.9984395002029921,24266.100950824144,699.0,0.02814212089286133,0,0.0,0.0,0.0,0.0,0.0,0.0,828.0,326.0
GLD,71,2014-04-21,2014-05-16,2014-04-17,25,0.0684931506849315,20,estimation,2014,2014-05-17,0.00152832,284,202,147,0,OK,OK,46,124.0,124.23002407753417,124.0,0.0018515981079630609,0.1479445,3.8400000000000003,0.01000000000000012,124.0,20,25,104.0,149.0,0.0262773805900733,0.0009015364903943115,1.6779093530925673e-05,4.542766327157494,4.743549016439459,4.165680084378373,5.207100105472966,True,0.026286790938008755,0.9996420122959228,23713.737056616552,784.0,0.025266844196728297,0,0.0,0.0,0.0,0.0,0.0,0.0,893.0,305.0
GLD,72,2014-05-19,2014-06-20,2014-05-16,32,0.08767123287671233,24,estimation,2014,2014-06-21,0.0015188771428571429,380,250,173,0,OK,OK,48,125.0,124.54994007318584,125.0,0.0036134897098280935,0.12978,3.84,0.009999999999999898,124.0,21,26,103.0,150.0,0.02042847504714515,0.0009052088644083293,1.938734160827972e-05,4.8287048952098655,4.9536470664451855,4.407185016085413,5.456514781820036,True,0.020417461477821874,1.0005394191307886,23988.329190194898,827.0,0.019809539418546598,0,1.0,2.0,0.0,0.0,0.0,0.0,1127.0,405.0
GLD,73,2014-06-23,2014-07-18,2014-06-20,25,0.0684931506849315,19,estimation,2014,2014-07-19,0.0014827728571428572,224,142,113,0,OK,OK,42,127.0,126.81998171831042,127.0,0.0014194788490778725,0.11574,3.07,0.009999999999999898,126.0,18,23,108.0,149.0,0.016732070212588636,0.0005941314347976944,1.6091730581175027e-05,5.0890696439213885,5.535206229662782,4.716229276097362,6.0262929639021845,True,0.01670530260406476,1.0016023420322457,16218.100973589299,714.0,0.01608861672714902,0,0.0,0.0,0.0,0.0,0.0,0.0,774.0,239.0
GLD,74,2014-07-21,2014-08-15,2014-07-18,25,0.0684931506849315,20,estimation,2014,2014-08-16,0.0014889430434782609,274,172,135,0,OK,OK,49,126.5,126.3249821521699,126.5,0.001385457134830863,0.136473,3.6049999999999995,0.015000000000000013,126.0,22,26,109.0,147.0,0.02197143004544889,0.0007556953596273766,1.7909844184145355e-05,4.0578878670487475,4.315937369204614,3.7775312491863042,4.666362131347788,True,0.022052063802131556,0.9963434825236235,21877.616239495517,707.0,0.02112648222607159,0,0.0,0.0,0.0,0.0,0.0,0.0,950.0,181.0
GLD,75,2014-08-18,2014-09-19,2014-08-15,32,0.08767123287671233,24,estimation,2014,2014-09-20,0.001589647142857143,348,190,156,0,OK,OK,61,125.0,124.94999303119816,125.0,0.00040021585907053654,0.1239365,3.66,0.010000000000000009,124.5,28,32,103.0,148.0,0.018477326127131894,0.0008163831470598218,2.3661617971303577e-05,5.166033739312708,4.71176564024551,4.705885154448835,5.143641913002215,True,0.01858024245057574,0.9944609805971257,21877.616239495517,808.0,0.017917508374521496,0,2.0,19.0,1.0,1.0,0.043478260869565216,0.043478260869565216,1426.0,269.0
GLD,76,2014-09-22,2014-10-17,2014-09-19,25,0.0684931506849315,20,estimation,2014,2014-10-18,0.0015313148571428573,300,176,158,0,OK,OK,70,117.0,116.83998321758723,117.0,0.0013695378757011126,0.1424445,3.48,0.030000000000000027,116.5,34,35,90.0,142.0,0.028019076933081793,0.0009637146143101425,3.568390728443981e-05,6.922895718624805,5.309517538380512,6.101697756334304,5.871445010812256,True,0.028032598154416232,0.9995176607869182,15488.166189124795,706.0,0.02694156354855645,0,0.0,0.0,0.0,0.0,0.0,0.0,1349.0,252.0
GLD,77,2014-10-20,2014-11-21,2014-10-17,32,0.08767123287671233,25,estimation,2014,2014-11-22,0.001647217857142857,294,176,170,0,OK,OK,82,120.0,119.77496750458909,120.0,0.0018787940426892012,0.1539995,4.365,0.025000000000000133,119.5,36,45,94.0,157.0,0.030381307216294055,0.0013342378960687577,4.4774197337434054e-05,5.263837079612552,5.9855285520859765,4.679768905348026,6.882013096100038,True,0.030537556916157265,0.9948833595204685,19724.227361148533,643.0,0.0294608303472426,0,2.0,8.0,0.0,0.0,0.0,0.0,1992.0,688.0
GLD,78,2014-11-24,2014-12-19,2014-11-21,25,0.0684931506849315,19,estimation,2014,2014-12-20,0.0014974214285714289,362,230,193,0,OK,OK,78,115.0,115.09500974399528,115.0,0.0008254896907051515,0.1903785,4.575,0.025000000000000133,115.0,33,44,92.0,149.0,0.04379359098998847,0.0014999679439148574,4.962132212511672e-05,4.478606105132872,5.198548065600234,4.0141030997812885,5.9338915388071225,True,0.04398381911429426,0.9956750430468198,20183.663636815596,570.0,0.042109443570054916,0,0.0,0.0,0.0,0.0,0.0,0.0,1422.0,396.0
GLD,79,2014-12-22,2015-01-16,2014-12-19,25,0.0684931506849315,18,estimation,2014,2015-01-17,0.001610044347826087,454,280,215,0,OK,OK,75,112.5,112.56000661698545,112.5,0.0005331077954680229,0.183834,4.32,0.08000000000000007,112.5,40,34,86.0,159.0,0.04212117560708922,0.001442489185368884,5.9336268852886855e-05,5.582981384420371,7.190600436923104,4.896028558377031,8.591144451491772,True,0.04210673894479078,1.0003428587124112,20183.663636815596,814.0,0.03981007106639768,0,0.0,6.0,0.0,0.0,0.0,0.0,1292.0,346.0
GLD,80,2015-01-20,2015-02-20,2015-01-16,31,0.08493150684931507,23,estimation,2015,2015-02-20,0.0017139342857142856,190,190,176,0,OK,OK,81,124.0,124.15002183664254,124.0,0.0012083915445454934,0.214782,6.199999999999999,0.050000000000000044,124.0,39,41,97.0,170.0,0.05435997257428225,0.002308832949883421,5.435200729198977e-05,3.923232549871826,5.040693491420551,3.4786423685536736,5.926575887165518,True,0.054464612301319104,0.9980787575158353,41686.93834703355,824.0,0.05435997257428225,0,1.0,12.0,0.0,2.0,0.0,0.09090909090909091,1804.0,610.0
GLD,81,2015-02-23,2015-03-20,2015-02-20,25,0.0684931506849315,20,estimation,2015,2015-03-20,0.001705482857142857,342,266,205,0,OK,OK,72,115.5,115.41999065434261,115.5,0.0006932018032907135,0.180397,4.35,0.040000000000000036,115.0,32,39,95.0,139.0,0.0379815230242076,0.0013072532659550125,3.69632333166625e-05,4.0467470891505775,4.014691037585327,3.683657744147929,4.420389292977514,True,0.038134386760835116,0.9959914463136322,22908.6765276777,597.0,0.0379815230242076,0,1.0,3.0,0.0,0.0,0.0,0.0,1387.0,368.0
GLD,82,2015-03-23,2015-04-17,2015-03-20,25,0.0684931506849315,19,estimation,2015,2015-04-17,0.0016933202857142857,224,224,188,0,OK,OK,76,114.5,114.25497158304596,114.5,0.0021445755362684074,0.151597,3.625,0.025000000000000022,114.0,38,37,89.0,139.0,0.028834747172891195,0.000989877701782553,3.794141864724326e-05,6.239789536571777,4.997523456340826,5.527401069520423,5.527401069520423,True,0.02896331212582016,0.995561110125442,16982.43652461746,725.0,0.028656330415926884,0,0.0,0.0,0.0,0.0,0.0,0.0,1386.0,536.0
GLD,83,2015-04-20,2015-05-15,2015-04-17,25,0.0684931506849315,20,estimation,2015,2015-05-15,0.0017577843478260868,224,224,181,0,OK,OK,69,114.5,114.71502588673877,114.5,0.0018744352370287814,0.1357715,3.255,0.025000000000000022,114.5,34,34,94.0,145.0,0.02330904688179216,0.0007999220749664893,4.120381165014627e-05,5.5520192174503205,6.646181003477308,5.038673136434775,7.496562471281007,True,0.023304443094241838,1.0001975497775983,14962.35656094436,771.0,0.0228370676804983,0,1.0,2.0,0.0,0.0,0.0,0.0,1330.0,335.0
GLD,84,2015-05-18,2015-06-19,2015-05-15,32,0.08767123287671233,24,estimation,2015,2015-06-19,0.0018862435714285717,234,180,162,0,OK,OK,72,117.5,117.50500082691487,117.5,4.2558417766682815e-05,0.1438815,3.995,0.04500000000000004,117.5,34,37,93.0,147.0,0.02533161261637618,0.0011102441446249021,3.510944117891794e-05,5.488872402393557,5.257791530219208,4.89434640562449,5.893192610853977,True,0.02544282995550336,0.995628735509309,15848.93192461114,578.0,0.02533161261637618,0,0.0,0.0,0.0,0.0,0.0,0.0,1679.0,573.0
GLD,85,2015-06-22,2015-07-17,2015-06-19,25,0.0684931506849315,19,estimation,2015,2015-07-17,0.0018174165714285714,176,176,144,0,OK,OK,56,113.5,113.62501556104189,113.5,0.0011002468111850805,0.121945,2.895,0.03499999999999992,113.5,25,30,97.0,132.0,0.018556849001221825,0.0006360359540023549,2.662247376041351e-05,4.9222776514271045,4.731368208632845,4.555127237507864,5.107263872357302,True,0.01864478392629927,0.9952836715391798,12882.495516931323,574.0,0.018556849001221825,0,1.0,1.0,0.0,0.0,0.0,0.0,1026.0,250.0
GLD,86,2015-07-20,2015-08-21,2015-07-17,32,0.08767123287671233,25,estimation,2015,2015-08-21,0.0019486007142857143,180,180,161,0,OK,OK,71,105.5,105.69503331590997,105.5,0.0018452457962431928,0.1776305,4.4350000000000005,0.04499999999999993,105.5,22,48,80.0,134.0,0.03908289893749808,0.001714638786074061,5.451967474486268e-05,5.260638390006428,4.546590861603611,4.59559370208855,5.136251784687203,True,0.0390750040030192,1.000202045647347,21877.616239495517,695.0,0.03908289893749808,0,2.0,7.0,1.0,1.0,0.041666666666666664,0.041666666666666664,1728.0,672.0
GLD,87,2015-08-24,2015-09-18,2015-08-21,25,0.0684931506849315,19,estimation,2015,2015-09-18,0.0019140645714285714,262,262,230,0,OK,OK,99,110.5,110.58001048871257,110.5,0.0007235529130352285,0.1906495,4.4,0.06999999999999984,110.5,41,57,86.0,153.0,0.04720931270928959,0.0016168074503281572,7.623621199252975e-05,5.02388908304078,6.522111236272734,4.443698282469704,7.7084562042841815,True,0.04745462864243394,0.9948305162180747,19952.62314968883,639.0,0.04720931270928959,0,0.0,0.0,0.0,0.0,0.0,0.0,1800.0,572.0
GLD,88,2015-09-21,2015-10-16,2015-09-18,25,0.0684931506849315,20,estimation,2015,2015-10-16,0.0018890352173913045,240,240,188,0,OK,OK,68,108.5,108.53000388183034,108.5,0.0002764570234698234,0.148696,3.37,0.040000000000000036,108.5,31,36,92.0,128.0,0.026616560153762497,0.0009114463320432692,2.759279756565155e-05,4.238966569511727,4.247150836172535,3.907791176826629,4.6182986635223795,True,0.02672766299375881,0.9958431517180437,18620.871366628657,643.0,0.026616560153762497,0,1.0,7.0,0.0,1.0,0.0,0.05263157894736842,1311.0,297.0
GLD,89,2015-10-19,2015-11-20,2015-10-16,32,0.08767123287671233,25,estimation,2015,2015-11-20,0.002020127142857143,240,240,205,0,OK,OK,85,112.0,111.98999822877279,112.0,8.930950428963798e-05,0.157941,4.18,0.030000000000000027,111.5,41,43,88.0,147.0,0.029931635652188864,0.0013214939007638253,4.687753252817671e-05,5.061187063738079,5.91054001268024,4.506813167752656,6.808164572562523,True,0.03003067645097406,0.9967020123923321,23442.288153199228,850.0,0.02976838319324185,0,3.0,22.0,1.0,0.0,0.041666666666666664,0.0,2064.0,564.0
GLD,90,2015-11-23,2015-12-18,2015-11-20,25,0.0684931506849315,19,estimation,2015,2015-12-18,0.002134844285714286,296,296,215,0,OK,OK,67,102.5,102.26496563526796,102.5,0.002298288209183032,0.16278199999999998,3.485,0.03499999999999981,102.0,28,38,79.0,123.0,0.033486633377970636,0.0011500083725188963,4.544901913728174e-05,5.997957417699321,4.394431189638691,5.29294903269505,4.8326925950693935,True,0.03350154574672405,0.999554875202889,17179.08387157586,735.0,0.03307869024970832,0,0.0,0.0,0.0,0.0,0.0,0.0,1224.0,287.0
GLD,91,2015-12-21,2016-01-15,2015-12-18,25,0.0684931506849315,18,estimation,2015,2016-01-15,0.004179243043478261,316,264,195,0,OK,OK,63,103.0,103.17505010083694,103.0,0.001696632089500882,0.138017,2.975,0.025000000000000022,103.0,25,37,85.0,127.0,0.02366405329792074,0.0008116246003042374,3.294567178561015e-05,5.317663638981753,5.7988383284014935,4.838147729821245,6.4508636397616606,True,0.02365337833252981,1.0004513082757507,15667.5107010815,821.0,0.02323086546836404,0,0.0,0.0,0.0,0.0,0.0,0.0,1088.0,336.0
GLD,92,2016-01-19,2016-02-19,2016-01-15,31,0.08493150684931507,23,estimation,2016,2016-02-19,0.004353287142857143,294,294,224,0,OK,OK,77,104.0,103.99499815100202,104.0,4.809701511523645e-05,0.146553,3.545,0.03500000000000003,103.5,25,51,88.0,140.0,0.026789285350462846,0.0011486390074029603,3.979852757680076e-05,3.798524092028222,7.072608721782049,3.5064061602301395,8.257020957961297,True,0.02685975840075638,0.9973762589654734,17782.794100389227,677.0,0.026710098051253336,0,2.0,25.0,0.0,0.0,0.0,0.0,1716.0,439.0
GLD,93,2016-02-22,2016-03-18,2016-02-19,25,0.0684931506849315,20,estimation,2016,2016-03-18,0.004358501714285714,270,270,241,0,OK,OK,106,115.5,115.5,115.5,0.0,0.223473,5.390000000000001,0.040000000000000036,115.5,42,63,94.0,154.0,0.056522025352769456,0.001935108030525679,3.999654450476992e-05,3.5218224432115592,4.918856664552901,3.1827889703531227,5.699412807376522,True,0.056645909388563245,0.9978130100278909,26302.679918953814,576.0,0.056522025352769456,0,1.0,7.0,0.0,0.0,0.0,0.0,2033.0,628.0
GLD,94,2016-03-21,2016-04-15,2016-03-18,25,0.0684931506849315,19,estimation,2016,2016-04-15,0.004300798260869565,276,276,222,0,OK,OK,84,119.0,118.95998821525541,119.0,0.0003363465762302552,0.1621625,4.03,0.029999999999999805,118.5,35,48,100.0,160.0,0.0305342485356108,0.001052917253033533,3.110637418529912e-05,3.9996067587252386,7.074971801271727,3.6785729658350275,8.251933950386682,True,0.03054056881291537,0.999793053058596,21134.890398366475,813.0,0.030160333583240405,0,0.0,0.0,0.0,0.0,0.0,0.0,1530.0,500.0
GLD,95,2016-04-18,2016-05-20,2016-04-15,32,0.08767123287671233,25,estimation,2016,2016-05-20,0.004524068571428571,212,212,185,0,OK,OK,79,117.5,117.7100833089609,117.5,0.0017847520200073718,0.163498,4.55,0.030000000000000027,117.5,35,43,94.0,150.0,0.03068903591960804,0.0013463370731303147,3.727765189981351e-05,4.609388767243117,5.044280778673079,4.131321510387373,5.713529748408069,True,0.030710676288554423,0.9992953470401286,19054.607179632483,603.0,0.030419117872847137,0,1.0,1.0,0.0,0.0,0.0,0.0,1920.0,601.0
GLD,96,2016-05-23,2016-06-17,2016-05-20,25,0.0684931506849315,19,estimation,2016,2016-06-17,0.004488068,206,206,174,0,OK,OK,71,119.5,119.40997232957464,119.5,0.0007539376206945126,0.154694,3.8600000000000003,0.029999999999999916,119.0,33,37,102.0,150.0,0.02744911042896014,0.0009456817935004727,2.9553363047864974e-05,3.8075744410737418,5.7184205559404875,3.5286202206647226,6.434542755329789,True,0.027480670581580234,0.9988515508554857,23173.946499684796,812.0,0.027261843921106258,0,1.0,5.0,0.0,1.0,0.0,0.05555555555555555,1296.0,383.0
GLD,97,2016-06-20,2016-07-15,2016-06-17,25,0.0684931506849315,19,estimation,2016,2016-07-15,0.004462614782608695,266,266,220,0,OK,OK,87,123.5,123.31994497305229,123.5,0.0014600641200988064,0.20635900000000001,5.32,0.039999999999999813,123.0,32,54,106.0,170.0,0.04672954719502491,0.0016032199111314274,4.32307886226517e-05,2.7542043004854215,5.992118928042409,2.5591563708886333,7.075314672456811,True,0.0467412036519384,0.9997506171000582,24547.089156850336,577.0,0.046447246357563775,0,3.0,13.0,1.0,1.0,0.05555555555555555,0.05555555555555555,1584.0,501.0
GLD,98,2016-07-18,2016-08-19,2016-07-15,32,0.08767123287671233,25,estimation,2016,2016-08-19,0.004985965714285714,292,292,232,0,OK,OK,86,127.0,127.16006995541034,127.0,0.0012588067580213312,0.161883,4.859999999999999,0.039999999999999813,127.0,39,46,107.5,157.0,0.02871691103864865,0.0012590673022214681,3.086104608396436e-05,3.4777311079105986,4.424114234930182,3.203325636016028,4.928193286178504,True,0.02878916044155608,0.997490395628101,26915.348039269138,635.0,0.02871691103864865,0,0.0,0.0,0.0,0.0,0.0,0.0,2088.0,617.0
GLD,99,2016-08-22,2016-09-16,2016-08-19,25,0.0684931506849315,19,estimation,2016,2016-09-16,0.0050965117391304346,322,322,240,0,OK,OK,79,128.0,127.80493191826926,128.0,0.0015262954160132403,0.142696,3.815,0.025000000000000022,127.5,37,41,109.0,153.0,0.023248442424090424,0.0007987605881518042,2.098639925970879e-05,4.197815846667002,4.882054790168448,3.885314440340929,5.355433417767227,True,0.023331254322355815,0.9964506023927723,18407.72001468958,619.0,0.023248442424090424,0,0.0,0.0,0.0,0.0,0.0,0.0,1440.0,337.0
GLD,100,2016-09-19,2016-10-21,2016-09-16,32,0.08767123287671233,25,estimation,2016,2016-10-21,0.0055577149999999995,214,214,172,0,OK,OK,65,125.5,125.40995613665928,125.5,0.0007179961313645939,0.1490785,4.42,0.030000000000000027,125.0,28,36,105.0,152.0,0.025034869728661955,0.0011022597872461387,2.656091965794059e-05,3.949906519751064,4.430487563316776,3.624736252673939,4.893393941109817,True,0.025092394786033905,0.9977074704163363,24547.089156850336,671.0,0.025034869728661955,0,2.0,7.0,0.0,0.0,0.0,0.0,1584.0,500.0
GLD,101,2016-10-24,2016-11-18,2016-10-21,25,0.0684931506849315,20,estimation,2016,2016-11-18,0.005288866,190,190,157,0,OK,OK,62,120.5,120.66005797067469,120.5,0.00132651992189152,0.137371,3.46,0.040000000000000036,120.5,25,36,104.0,147.0,0.02209645918056657,0.0007573358251213084,2.6595715292084063e-05,4.096026747070644,5.529173855072977,3.8087131508148837,6.117024151308752,True,0.022167912797349722,0.9967767097680169,24547.089156850336,935.0,0.02209645918056657,0,1.0,6.0,0.0,0.0,0.0,0.0,1197.0,202.0
GLD,102,2016-11-21,2016-12-16,2016-11-18,25,0.0684931506849315,19,estimation,2016,2016-12-16,0.00551765652173913,230,230,185,0,OK,OK,70,115.5,115.64505480899965,115.5,0.0012543105214418353,0.1422525,3.435,0.03500000000000003,115.5,32,37,91.0,140.0,0.025616394375940228,0.0008777306284374277,3.4457014970267185e-05,6.403875091730528,5.1672341063470615,5.697713667355247,5.697713667355247,True,0.025744122833241886,0.9950385391598299,21379.620895022323,965.0,0.025616394375940228,0,1.0,13.0,0.0,0.0,0.0,0.0,1278.0,243.0
GLD,103,2016-12-19,2017-01-20,2016-12-16,32,0.08767123287671233,22,estimation,2016,2017-01-20,0.007618982857142857,250,250,206,0,OK,OK,81,108.5,108.65510356925766,108.5,0.0014274853565327246,0.146245,3.755,0.03500000000000003,108.5,32,48,85.0,135.0,0.026673297830393582,0.0011694807911899346,4.3235950636853025e-05,5.637106863836636,5.046505617707131,5.00182554625914,5.640356467058179,True,0.0267772085742932,0.9961194333004757,19498.445997580457,743.0,0.026673297830393582,0,2.0,7.0,1.0,1.0,0.047619047619047616,0.047619047619047616,1722.0,478.0
GLD,104,2017-01-23,2017-02-17,2017-01-20,25,0.0684931506849315,20,estimation,2017,2017-02-17,0.007768815,236,236,189,0,OK,OK,71,116.0,115.88493879099558,116.0,0.0009928918305073466,0.136783,3.315,0.03500000000000003,115.5,33,37,98.0,138.0,0.02231947109445687,0.0007695096644212915,2.3435980374032486e-05,4.589759527741554,4.971909382785541,4.232533144080417,5.4418283281033935,True,0.022400103734179996,0.9964003452537548,17782.794100389227,698.0,0.02231947109445687,0,0.0,1.0,0.0,0.0,0.0,0.0,1368.0,453.0
GLD,105,2017-02-21,2017-03-17,2017-02-17,24,0.06575342465753424,19,estimation,2017,2017-03-17,0.007835676857142856,242,242,184,0,OK,OK,63,118.0,117.85492527347601,118.0,0.0012309602351140505,0.125573,3.035,0.03500000000000003,117.5,27,35,104.0,140.0,0.018776337269262335,0.0006215460568050602,1.9788543480728494e-05,3.7902966011882024,5.441125953836298,3.5681281469125388,5.946880244854231,True,0.0188480551888732,0.9961949432505268,15667.5107010815,638.0,0.018776337269262335,0,1.0,1.0,0.0,0.0,0.0,0.0,1152.0,298.0
GLD,106,2017-03-20,2017-04-21,2017-03-17,32,0.08767123287671233,24,estimation,2017,2017-04-21,0.009966645,188,188,151,0,OK,OK,57,117.5,117.69016609228457,117.5,0.0016158197290286386,0.1081265,3.01,0.020000000000000018,117.5,26,30,94.0,139.0,0.014167199487457127,0.0006217940347431571,1.932488586925529e-05,6.969853316871583,5.248565212634689,6.246968174363499,5.715311308460222,True,0.014251094601315933,0.9941130757878023,21877.616239495517,1242.0,0.013812433810917298,0,2.0,10.0,0.0,0.0,0.0,0.0,1334.0,394.0
GLD,107,2017-04-24,2017-05-19,2017-04-21,25,0.0684931506849315,20,estimation,2017,2017-05-19,0.00998374,218,218,154,0,OK,OK,45,121.5,121.55503762284157,121.5,0.0004527794480417735,0.117889,2.995,0.025000000000000022,121.5,20,24,111.5,136.0,0.014941776304856406,0.0005114574021883636,1.0259163755683612e-05,2.7838388267707646,3.654126470230633,2.6676378214804353,3.8680748411466315,True,0.014972337013025944,0.9979588551778557,13803.842646028867,450.0,0.014941776304856406,0,3.0,13.0,1.0,3.0,0.05263157894736842,0.15789473684210525,874.0,224.0
GLD,108,2017-05-22,2017-06-16,2017-05-19,25,0.0684931506849315,19,estimation,2017,2017-06-16,0.010227646956521739,280,280,193,0,OK,OK,53,120.0,120.03502452692159,120.0,0.00029178589382246203,0.112218,2.8149999999999995,0.025000000000000022,120.0,27,25,106.5,138.0,0.014881599543197559,0.0005093294919150875,1.3047103933834091e-05,4.063727036730007,4.7588589351073844,3.8305966638793514,5.107462218505802,True,0.014934291318870878,0.9964717592185484,15667.5107010815,672.0,0.014881599543197559,0,0.0,0.0,0.0,0.0,0.0,0.0,972.0,242.0
GLD,109,2017-06-19,2017-07-21,2017-06-16,32,0.08767123287671233,24,estimation,2017,2017-07-21,0.012333116428571428,172,172,143,0,OK,OK,57,118.5,118.57007572910061,118.5,0.0005910068680457947,0.0965655,2.71,0.020000000000000018,118.5,27,29,100.0,138.0,0.011790929581451098,0.0005164787681501486,1.5544251114835274e-05,5.936640442661396,5.3280153386082,5.460128046992665,5.755270103586862,True,0.01184819422877664,0.995166803799818,10232.929922807536,561.0,0.011790929581451098,0,0.0,0.0,0.0,0.0,0.0,0.0,1334.0,304.0
GLD,110,2017-07-24,2017-08-18,2017-07-21,25,0.0684931506849315,20,estimation,2017,2017-08-18,0.012403757714285715,244,244,174,0,OK,OK,52,119.5,119.4599660026626,119.5,0.0003351248010275743,0.1048125,2.62,0.020000000000000018,119.0,22,29,106.0,141.0,0.013715475051592686,0.0004767729439152604,1.361809018813066e-05,4.217335412470524,6.184183793355224,3.982536262037455,6.739676751140308,True,0.013765969146314153,0.9963319622334773,17179.08387157586,867.0,0.013715475051592686,0,0.0,1.0,0.0,0.0,0.0,0.0,1007.0,305.0
GLD,111,2017-08-21,2017-09-15,2017-08-18,25,0.0684931506849315,19,estimation,2017,2017-09-15,0.012426408695652173,266,266,191,0,OK,OK,58,123.0,122.85487653450217,123.0,0.0011812593003345387,0.114866,2.955,0.025000000000000022,122.5,26,31,105.0,148.0,0.016863031014901476,0.000581202339810315,1.660231148608034e-05,5.1277916928199945,6.290415248510167,4.752114432604153,6.9245096017946235,True,0.01692905091794668,0.9961002005744328,18620.871366628657,908.0,0.016863031014901476,0,0.0,1.0,0.0,0.0,0.0,0.0,1062.0,290.0
GLD,112,2017-09-18,2017-10-20,2017-09-15,32,0.08767123287671233,25,estimation,2017,2017-10-20,0.012571360714285716,178,178,153,0,OK,OK,64,124.5,124.4899889724572,124.5,8.041632604704579e-05,0.115761,3.41,0.020000000000000018,124.0,27,36,104.0,149.0,0.016209823023849105,0.000717583537138907,1.7055604742626508e-05,5.1315902083032015,5.358397930319759,4.705626834496567,5.882033543120707,True,0.01627238256747411,0.9961554773331072,19054.607179632483,789.0,0.016209823023849105,0,1.0,0.0,0.0,0.0,0.0,0.0,1560.0,439.0
GLD,113,2017-10-23,2017-11-17,2017-10-20,25,0.0684931506849315,20,estimation,2017,2017-11-17,0.012488684857142858,150,150,129,0,OK,OK,54,122.0,121.95996576978706,122.0,0.0003282571453693901,0.105012,2.68,0.020000000000000018,121.5,24,29,105.0,141.0,0.013750528100711956,0.0004776655942920627,1.4438733144320516e-05,5.310717985341685,5.4159366975192755,4.941344855590186,5.83977119297022,True,0.013811234970537854,0.9956045299384597,12882.495516931323,676.0,0.013750528100711956,0,0.0,0.0,0.0,0.0,0.0,0.0,1045.0,285.0
GLD,114,2017-11-20,2017-12-15,2017-11-17,25,0.0684931506849315,19,estimation,2017,2017-12-15,0.012915714782608697,314,314,207,0,OK,OK,50,121.5,121.41992919764749,121.5,0.0006594535417836525,0.1014945,2.58,0.020000000000000018,121.0,23,26,105.0,139.0,0.012787781867246401,0.0004435673128353084,1.542963306930815e-05,5.3395249579167645,5.2210561135644795,4.978156342595201,5.600425885419601,True,0.012843188086216359,0.9956859450630159,11885.022274370189,643.0,0.012787781867246401,0,1.0,2.0,0.0,0.0,0.0,0.0,918.0,170.0
GLD,115,2017-12-18,2018-01-19,2017-12-15,32,0.08767123287671233,22,estimation,2017,2018-01-19,0.015242529714285713,196,196,153,0,OK,OK,55,120.0,119.94492645264366,120.0,0.0004591569563226795,0.08802099999999999,2.505,0.015000000000000013,119.5,26,28,101.0,139.0,0.010208810220438451,0.0004538338466900974,1.6218834306760488e-05,6.4535760542125855,5.799826777574292,5.940034507573684,6.261117453929019,True,0.010265534794845481,0.9944742699196234,14454.39770745928,886.0,0.010208810220438451,0,2.0,15.0,0.0,1.0,0.0,0.047619047619047616,1176.0,247.0
GLD,116,2018-01-22,2018-02-16,2018-01-19,25,0.0684931506849315,20,estimation,2018,2018-02-16,0.015570882608695652,156,156,139,0,OK,OK,61,127.0,126.83482393382606,127.0,0.0013022927067736498,0.100841,2.6849999999999996,0.025000000000000022,126.5,30,30,105.0,150.0,0.013578030256455997,0.0004680044969325608,1.954946291370157e-05,7.058461956314084,6.456408455484767,6.440020036280184,7.0390916675620625,True,0.013659888023845275,0.9940074349623962,16032.453906900417,1000.0,0.013578030256455997,0,0.0,1.0,0.0,0.0,0.0,0.0,1178.0,159.0
GLD,117,2018-02-20,2018-03-16,2018-02-16,24,0.06575342465753424,19,estimation,2018,2018-03-16,0.015932358571428572,266,266,204,0,OK,OK,71,126.5,126.37486898049113,126.5,0.0009901574618303855,0.125164,3.245,0.025000000000000022,126.0,35,35,98.0,151.0,0.020129614122317556,0.0006655237207221015,2.690368672288142e-05,7.830307190248221,5.6394270767679,6.923869339306882,6.1820261958097165,True,0.02025134189233644,0.993989150414524,13963.683610559363,766.0,0.020129614122317556,0,0.0,0.0,0.0,0.0,0.0,0.0,1296.0,378.0
GLD,118,2018-03-19,2018-04-20,2018-03-16,32,0.08767123287671233,24,estimation,2018,2018-04-20,0.01873047142857143,216,216,168,0,OK,OK,60,125.0,125.14523830351912,125.0,0.001160557968389259,0.0976275,2.895,0.014999999999999902,125.0,31,28,101.0,145.0,0.012184002919445151,0.0005338908569686958,1.78493631385515e-05,7.375180689431585,5.134423849437812,6.642024963592248,5.5350208029935395,True,0.012253908604138974,0.9942952337125959,14454.39770745928,833.0,0.012184002919445151,0,0.0,1.0,0.0,0.0,0.0,0.0,1403.0,298.0
GLD,119,2018-04-23,2018-05-18,2018-04-20,25,0.0684931506849315,20,estimation,2018,2018-05-18,0.018923124,170,170,142,0,OK,OK,57,126.0,125.78472115689168,126.0,0.0017114864279883753,0.1103505,2.915,0.025000000000000022,125.5,25,31,108.0,147.0,0.014851779464565904,0.000510533937439286,1.4725400418668312e-05,5.199940906124199,5.475297005574637,4.828324446376942,5.931941462691672,True,0.014915118931085785,0.9957533381522108,17179.08387157586,848.0,0.014851779464565904,0,2.0,5.0,1.0,2.0,0.05263157894736842,0.10526315789473684,1102.0,307.0
GLD,120,2018-05-21,2018-06-15,2018-05-18,25,0.0684931506849315,19,estimation,2018,2018-06-15,0.019338560434782607,182,182,151,0,OK,OK,60,122.5,122.7002650873099,122.5,0.0016321487746371102,0.101185,2.5999999999999996,0.020000000000000018,122.5,36,23,94.0,139.0,0.013761900425636596,0.0004720086556341449,1.8950775776813807e-05,10.000113275236268,4.771774225151877,8.785552193841264,5.086372322750206,True,0.01387387256703922,0.9919292799568707,12882.495516931323,962.0,0.013761900425636596,0,0.0,0.0,0.0,0.0,0.0,0.0,1098.0,291.0
GLD,121,2018-06-18,2018-07-20,2018-06-15,32,0.08767123287671233,24,estimation,2018,2018-07-20,0.021198066428571426,144,144,126,0,OK,OK,54,121.5,121.38478607830794,121.5,0.0009491627856701354,0.088057,2.545,0.025000000000000022,121.0,24,29,101.0,140.0,0.010035066834369851,0.00044412354685923616,1.6883457593818873e-05,6.929368720096044,5.593962879731298,6.339458788811519,6.022485849370943,True,0.01009111994817585,0.9944453029897706,10115.794542598982,645.0,0.010035066834369851,0,0.0,4.0,0.0,0.0,0.0,0.0,1265.0,379.0
GLD,122,2018-07-23,2018-08-17,2018-07-20,25,0.0684931506849315,20,estimation,2018,2018-08-17,0.020641368285714282,112,112,104,0,OK,OK,48,116.0,116.23533247617262,116.0,0.0020246208373934584,0.106608,2.5949999999999998,0.025000000000000022,116.0,21,26,100.0,135.0,0.015028716151674063,0.0005160098823615269,1.530909317263892e-05,5.319601186308936,5.436608832302814,4.943660351437119,5.870596667331578,True,0.015085628038193303,0.9962274101963039,12022.644346174131,621.0,0.015028716151674063,0,2.0,7.0,0.0,0.0,0.0,0.0,931.0,173.0
GLD,123,2018-08-20,2018-09-21,2018-08-17,32,0.08767123287671233,24,estimation,2018,2018-09-21,0.020993965,224,224,169,0,OK,OK,57,113.0,112.89981577383227,113.0,0.000887372804650292,0.10896549999999999,2.92,0.020000000000000018,112.5,26,30,91.0,135.0,0.015618320869082896,0.0006896833124308191,2.1634061136546414e-05,6.5737052367785225,5.6509367661028165,5.9233632225344595,6.198868488698853,True,0.0156930320726091,0.9952392116972344,15135.612484362071,805.0,0.015618320869082896,0,1.0,2.0,0.0,0.0,0.0,0.0,1334.0,448.0
GLD,124,2018-09-24,2018-10-19,2018-09-21,25,0.0684931506849315,20,estimation,2018,2018-10-19,0.022280962,150,150,125,0,OK,OK,50,113.5,113.62018327100327,113.5,0.001057763396813162,0.0969105,2.31,0.020000000000000018,113.5,24,25,97.0,131.0,0.012186859494636148,0.0004172815222525136,1.5333553229161145e-05,6.1938298554158555,5.653768815042549,5.731834950577042,6.079218886975651,True,0.012252085921632645,0.9946763002305321,9885.53094656939,653.0,0.012186859494636148,0,0.0,0.0,0.0,0.0,0.0,0.0,969.0,184.0
GLD,125,2018-10-22,2018-11-16,2018-10-19,25,0.0684931506849315,20,estimation,2018,2018-11-16,0.022975477826086957,128,128,117,0,OK,OK,53,116.0,115.83974801572448,116.0,0.00138339375750166,0.1060695,2.58,0.019999999999999907,115.5,27,25,95.0,134.0,0.014164895902832843,0.0004886559221983231,1.6580341981950635e-05,7.038762734563839,5.351985099774126,6.393781388056704,5.76999783800239,True,0.014244558856634042,0.9944074818600579,16595.86907437563,1067.0,0.014164895902832843,0,0.0,0.0,0.0,0.0,0.0,0.0,1026.0,302.0
GLD,126,2018-11-19,2018-12-21,2018-11-16,32,0.08767123287671233,23,estimation,2018,2018-12-21,0.02344966642857143,248,248,191,0,OK,OK,67,116.0,115.9549073910846,116.0,0.00038888055650211927,0.1091675,3.005,0.015000000000000013,115.5,31,35,91.0,143.0,0.016111244160022232,0.0007125361910215885,2.3422455404195694e-05,7.375719810083523,6.607340129356794,6.562392140153272,7.365950361396529,True,0.016186475861001887,0.9953521877383507,17378.00828749376,1009.0,0.016111244160022232,0,1.0,6.0,0.0,0.0,0.0,0.0,1496.0,369.0
GLD,127,2018-12-24,2019-01-18,2018-12-21,25,0.0684931506849315,18,estimation,2018,2019-01-18,0.02519032714285714,160,160,140,0,OK,OK,60,120.5,120.31968916624919,120.5,0.0014985979019748676,0.126948,3.21,0.040000000000000036,120.0,34,25,95.0,155.0,0.022814080055239917,0.0007834997731231363,2.9130478462285373e-05,7.031549083085143,7.703311981853115,6.270603309538421,8.77884463335379,True,0.022859044584873842,0.9980329654869443,19724.227361148533,1064.0,0.022814080055239917,0,1.0,2.0,0.0,0.0,0.0,0.0,1037.0,228.0
GLD,128,2019-01-22,2019-02-15,2019-01-18,24,0.06575342465753424,19,estimation,2019,2019-02-15,0.025192494545454545,126,126,122,0,OK,OK,59,121.5,121.6001657865534,121.5,0.0008237306742593325,0.093504,2.34,0.019999999999999907,121.5,35,23,94.0,138.0,0.012076751578308344,0.0003967259948836651,1.989891202820431e-05,10.702869815909565,5.310965704622704,9.439892254396595,5.663935352637957,True,0.012190981791040811,0.9906299414854007,10715.193052376071,940.0,0.012076751578308344,0,1.0,4.0,0.0,0.0,0.0,0.0,1080.0,380.0
GLD,129,2019-02-19,2019-03-15,2019-02-15,24,0.06575342465753424,19,estimation,2019,2019-03-15,0.0250054219047619,204,204,155,0,OK,OK,53,127.0,126.85476139604022,127.0,0.0011449203984259455,0.0997555,2.605,0.02499999999999991,126.5,32,20,105.0,142.0,0.013001731536830777,0.0004306779238067691,1.4805955318439765e-05,7.282403790383116,4.518606237437858,6.644340737771788,4.790106113277336,True,0.013064330001146318,0.9952084443434873,15488.166189124795,920.0,0.013001731536830777,0,4.0,13.0,1.0,1.0,0.05555555555555555,0.05555555555555555,972.0,343.0
GLD,130,2019-03-18,2019-04-18,2019-03-15,31,0.08493150684931507,24,estimation,2019,2019-04-18,0.02518983107142857,134,134,110,0,OK,OK,43,123.5,123.32462520241577,123.5,0.0014220582247574554,0.091335,2.6449999999999996,0.015000000000000013,123.0,19,23,111.0,138.0,0.009787605793923774,0.00041822510696676426,1.1153107990529904e-05,3.8566025197354463,4.323026878508372,3.6652574638549242,4.581571829818655,True,0.009812114686333294,0.9975021803970904,14125.375446227554,618.0,0.009787605793923774,0,2.0,7.0,0.0,1.0,0.0,0.043478260869565216,1012.0,282.0
GLD,131,2019-04-22,2019-05-17,2019-04-18,25,0.0684931506849315,20,estimation,2019,2019-05-17,0.02497778,140,140,108,0,OK,OK,38,120.5,120.58514554304472,120.5,0.0007061030831058991,0.086269,2.185,0.02499999999999991,120.5,18,19,110.0,132.0,0.009135054685127026,0.0003125587963384617,1.079532359011794e-05,4.038040769260347,4.037278178888785,3.8594366455074867,4.227002040317723,True,0.009153775792562603,0.9979548212825151,8317.63771102671,423.0,0.009135054685127026,0,1.0,2.0,0.0,0.0,0.0,0.0,741.0,202.0
GLD,132,2019-05-20,2019-06-21,2019-05-17,32,0.08767123287671233,24,estimation,2019,2019-06-21,0.024686470714285712,144,144,112,0,OK,OK,40,121.0,120.88976166991941,121.0,0.0009118913674558213,0.085033,2.45,0.020000000000000018,120.5,17,22,111.0,135.0,0.00843467216571288,0.00037415949975396536,1.0599342030582045e-05,3.261598592572472,4.512923122123606,3.1312698764792417,4.779306653573579,True,0.008450657111322675,0.9981084375570773,16032.453906900417,715.0,0.00843467216571288,0,8.0,40.0,6.0,6.0,0.2608695652173913,0.2608695652173913,943.0,240.0
GLD,133,2019-06-24,2019-07-19,2019-06-21,25,0.0684931506849315,19,estimation,2019,2019-07-19,0.02418153657142857,138,138,115,0,OK,OK,46,134.0,134.10517405241004,134.0,0.0007842654331064954,0.164882,4.625,0.02499999999999991,134.0,25,20,118.0,150.0,0.029512978904338943,0.0010093533282407902,1.5989766409962867e-05,2.946708818003082,2.6139358933735672,2.7670586562645783,2.7670586562645783,True,0.02981978833280261,0.9897112137403682,33113.112148259075,614.0,0.029512978904338943,0,0.0,0.0,0.0,0.0,0.0,0.0,846.0,205.0
GLD,134,2019-07-22,2019-08-16,2019-07-19,25,0.0684931506849315,20,estimation,2019,2019-08-16,0.023254680869565218,148,148,124,0,OK,OK,50,134.5,134.64523113805024,134.5,0.0010786207340780698,0.14429599999999998,4.0649999999999995,0.014999999999999902,134.5,18,31,122.0,157.5,0.023075731958214215,0.0007895891124762249,1.1420050310670593e-05,2.5829674369723414,4.180206135679621,2.4609900866907104,4.528221759510908,True,0.023115163947675026,0.9982941072989977,20183.663636815596,495.0,0.023075731958214215,0,1.0,13.0,0.0,0.0,0.0,0.0,969.0,138.0
GLD,135,2019-08-19,2019-09-20,2019-08-16,32,0.08767123287671233,24,estimation,2019,2019-09-20,0.021893177857142856,248,248,199,0,OK,OK,75,141.5,141.31464456965182,141.5,0.0013116505434567513,0.1410495,4.725,0.025000000000000133,141.0,28,46,120.0,165.0,0.02206940101805645,0.0009680557703283605,1.5349482436613938e-05,3.8614328735798495,3.7636792417702982,3.5661538394112915,4.075604387898618,True,0.022177420238682792,0.9951293153367798,25409.727055493066,607.0,0.02206940101805645,0,0.0,0.0,0.0,0.0,0.0,0.0,1748.0,321.0
GLD,136,2019-09-23,2019-10-18,2019-09-20,25,0.0684931506849315,20,estimation,2019,2019-10-18,0.020202402857142858,172,172,153,0,OK,OK,67,144.0,143.9349099955391,144.0,0.00045221832884681106,0.15327,4.615,0.014999999999999902,143.5,28,38,124.0,173.0,0.02808885170625827,0.0009652031421272622,1.3727346824600707e-05,3.641087777979356,4.660794741560753,3.3876768845994456,5.124947081829931,True,0.02817926586775856,0.9967914649755393,33884.415613920275,816.0,0.02808885170625827,0,0.0,0.0,0.0,0.0,0.0,0.0,1292.0,331.0
GLD,137,2019-10-21,2019-11-15,2019-10-18,25,0.0684931506849315,20,estimation,2019,2019-11-15,0.018524082173913044,172,172,152,0,OK,OK,66,140.0,139.89987304220156,140.0,0.0007157044221779497,0.129407,3.79,0.010000000000000009,139.5,25,40,122.0,169.0,0.019778952871543742,0.0006806056526938261,1.2996932990215053e-05,3.957898029767911,5.664277195929246,3.704098267656149,6.2440513654775085,True,0.01983704305027519,0.9970716311607419,22908.6765276777,786.0,0.019778952871543742,0,0.0,0.0,0.0,0.0,0.0,0.0,1273.0,364.0
GLD,138,2019-11-18,2019-12-20,2019-11-15,32,0.08767123287671233,24,estimation,2019,2019-12-20,0.017519517857142855,244,244,180,0,OK,OK,58,139.0,138.88482322913953,139.0,0.0008292970260000803,0.10393350000000001,3.425,0.015000000000000013,138.5,24,33,121.0,171.0,0.013646566313531333,0.0006011416597496623,1.506851240932576e-05,4.389410874474994,6.849715772854049,4.105860273278047,7.6251690789449444,True,0.013661435095766577,0.9989116236961189,19952.62314968883,848.0,0.013551068091870266,0,0.0,0.0,0.0,0.0,0.0,0.0,1357.0,419.0
GLD,139,2019-12-23,2020-01-17,2019-12-20,25,0.0684931506849315,18,estimation,2019,2020-01-17,0.01756738142857143,260,260,182,0,OK,OK,52,140.0,140.14016855572908,140.0,0.001000202562717311,0.090258,2.65,0.010000000000000009,140.0,24,27,123.0,160.0,0.010739293290212538,0.00036784235051397056,1.073775008978169e-05,5.480495694096656,5.652936413505387,5.140573909827188,6.047734011561397,True,0.010774719889127678,0.9967120631181431,13182.567385564074,704.0,0.010739293290212538,0,4.0,17.0,2.0,2.0,0.11764705882352941,0.11764705882352941,901.0,229.0
GLD,140,2020-01-21,2020-02-21,2020-01-17,31,0.08493150684931507,23,estimation,2020,2020-02-21,0.016758222857142856,162,162,140,0,OK,OK,59,147.0,146.97496439213768,147.0,0.00017033926809143386,0.1025395,3.515,0.015000000000000013,146.5,23,35,130.0,170.0,0.013263662611520776,0.0005676983790472159,1.0150996148233316e-05,3.998614215534879,4.9785002767385205,3.76895289343828,5.367902605806035,True,0.013309979902170858,0.9965201081451274,17378.00828749376,571.0,0.013263662611520776,0,1.0,3.0,0.0,0.0,0.0,0.0,1320.0,268.0
GLD,141,2020-02-24,2020-03-20,2020-02-21,25,0.0684931506849315,20,estimation,2020,2020-03-20,0.016314697142857142,268,268,220,0,OK,OK,86,156.5,156.29977638608318,156.5,0.0012810230350057414,0.164492,5.38,0.020000000000000018,156.0,39,46,125.0,210.0,0.033281709578263964,0.0011403559341846136,2.0534624840219466e-05,5.146218812306084,6.904873649717695,4.61603127149841,8.0408286664811,True,0.03337791760611675,0.9971176144363436,36728.23004980842,1070.0,0.033281709578263964,0,1.0,21.0,0.0,0.0,0.0,0.0,1653.0,154.0
GLD,142,2020-03-23,2020-04-17,2020-03-20,25,0.0684931506849315,19,estimation,2020,2020-04-17,0.00823053794871795,216,216,214,0,OK,OK,106,146.0,146.20011277888094,146.0,0.001368759401599056,0.378437,11.55,0.15000000000000036,146.0,50,55,80.0,205.0,0.17943722485985283,0.006142585991333609,0.0001843807355660201,6.074019989924381,3.4268805846422437,4.56429721340066,4.08020508470665,True,0.18046689713658787,0.9942943980692719,60255.95860743581,794.0,0.17943722485985283,0,2.0,18.0,0.0,0.0,0.0,0.0,1926.0,442.0
GLD,143,2020-04-20,2020-05-15,2020-04-17,25,0.0684931506849315,20,estimation,2020,2020-05-15,0.00571061,230,230,222,0,OK,OK,107,159.5,159.60003912141755,159.5,0.000626811384058912,0.2429505,8.1,0.10000000000000009,159.5,70,36,97.0,240.0,0.08005785426469393,0.002740831778344341,8.084295681790523e-05,7.821784724555804,6.426162148745798,6.162798393018241,7.937684330207493,True,0.08024509590342917,0.9976666282639804,81283.05161640995,1864.0,0.08005785426469393,0,0.0,3.0,0.0,0.0,0.0,0.0,2052.0,601.0
GLD,144,2020-05-18,2020-06-19,2020-05-15,32,0.08767123287671233,24,estimation,2020,2020-06-19,0.0017631514285714287,262,262,254,0,OK,OK,123,163.0,162.7499613525982,162.5,0.0015358612101705124,0.2049675,7.874999999999999,0.07499999999999996,162.5,69,53,102.0,240.0,0.05197261505639994,0.0022790823625517855,3.6211011862543475e-05,7.673570995254496,6.425508864933284,6.134631049083247,7.858411674445483,True,0.05211224162881139,0.9973206569503191,57543.993733715666,1446.0,0.05197261505639994,0,0.0,0.0,0.0,0.0,0.0,0.0,2852.0,844.0
GLD,145,2020-06-22,2020-07-17,2020-06-19,25,0.0684931506849315,19,estimation,2020,2020-07-17,0.001668651142857143,272,272,246,0,OK,OK,110,165.0,165.11501314423614,165.0,0.0006965638196429449,0.17363099999999998,5.984999999999999,0.06500000000000017,165.0,62,47,115.0,220.0,0.037731285549830025,0.001292262549610267,2.736832498331373e-05,7.944606990851463,6.330849073020547,6.668608497869064,7.33546934765597,True,0.03783985226820672,0.997130889475805,31622.776601683792,1043.0,0.037731285549830025,0,3.0,4.0,2.0,2.0,0.1111111111111111,0.1111111111111111,1998.0,536.0
GLD,146,2020-07-20,2020-08-21,2020-07-17,32,0.08767123287671233,25,estimation,2020,2020-08-21,0.001767662857142857,194,194,188,0,OK,OK,91,171.0,170.9449914758145,171.0,0.0003217907919418541,0.134042,5.415,0.02499999999999991,170.5,45,45,115.0,230.0,0.024444364716717976,0.001074773064868664,2.8818435068034334e-05,9.922240508384712,7.542253395665622,8.201610559876814,8.792717627255323,True,0.024501750555221254,0.9976578882241927,41209.751909733044,1755.0,0.024444364716717976,0,0.0,0.0,0.0,0.0,0.0,0.0,2208.0,277.0
GLD,147,2020-08-24,2020-09-18,2020-08-21,25,0.0684931506849315,19,estimation,2020,2020-09-18,0.0015312342857142856,338,338,291,0,OK,OK,122,181.0,180.89998951154394,181.0,0.0005528496089253898,0.21166600000000002,8.0,0.09999999999999987,180.5,80,41,109.0,260.0,0.05768471113886244,0.001977751717062747,3.436433286737099e-05,9.105120037287394,6.588092807750162,7.150792249210532,7.950880892478843,True,0.057815055796705886,0.9977454893704198,58884.36553555884,1610.0,0.05768471113886244,0,0.0,3.0,0.0,0.0,0.0,0.0,2214.0,747.0
GLD,148,2020-09-21,2020-10-16,2020-09-18,25,0.0684931506849315,20,estimation,2020,2020-10-16,0.00144945,190,190,180,0,OK,OK,85,179.5,179.55000496411628,179.5,0.0002785016025272562,0.1813995,6.8,0.050000000000000044,179.5,39,45,130.0,275.0,0.044359577176401176,0.0015190515901390305,3.190605573218467e-05,6.7960970306214525,8.985805396177224,5.8087286367979445,11.20673908715563,True,0.044336868042547835,1.0005121952644815,49545.019080479055,1425.0,0.04412132013560662,0,0.0,0.0,0.0,0.0,0.0,0.0,1634.0,338.0
GLD,149,2020-10-19,2020-11-20,2020-10-16,32,0.08767123287671233,25,estimation,2020,2020-11-20,0.001469487142857143,226,226,210,0,OK,OK,97,178.5,178.44999355799757,178.5,0.00028022663943764645,0.19450499999999998,8.2,0.050000000000000266,178.0,51,45,120.0,265.0,0.04586807347612494,0.002013591372201827,3.696684037998623e-05,6.846339426116102,6.909794281463658,5.657813979783926,8.486720969675888,True,0.04593189373168148,0.9986105459546398,75857.75750291836,1815.0,0.04586807347612494,0,0.0,0.0,0.0,0.0,0.0,0.0,2352.0,434.0
GLD,150,2020-11-23,2020-12-18,2020-11-20,25,0.0684931506849315,19,estimation,2020,2020-12-18,0.0014092522222222221,312,312,250,0,OK,OK,94,172.5,172.27997876366766,172.5,0.0012771143687808698,0.1660415,5.9799999999999995,0.07000000000000006,172.0,48,45,127.0,240.0,0.03651911308285308,0.0012518585568256774,2.3588334565562478e-05,6.979796685009733,7.666415581858311,6.020656455768561,9.097880866494714,True,0.03660699417121697,0.9975993361281493,52480.746024977336,1586.0,0.03634143261554369,0,0.0,0.0,0.0,0.0,0.0,0.0,1710.0,412.0
GLD,151,2020-12-21,2021-01-15,2020-12-18,25,0.0684931506849315,18,estimation,2020,2021-01-15,0.0013487327272727273,320,320,244,0,OK,OK,84,176.0,176.05000461916106,176.0,0.00028403645469496044,0.1755405,6.45,0.09999999999999987,176.0,48,35,137.0,235.0,0.038666809576801554,0.0013241238418778992,2.0966139675277267e-05,5.452706831071123,6.2928802951339895,4.823375088830636,7.296900775410449,True,0.03871731279681489,0.998695590774123,47315.12589614812,1112.0,0.038666809576801554,0,0.0,0.0,0.0,0.0,0.0,0.0,1445.0,246.0
GLD,152,2021-01-19,2021-02-19,2021-01-15,31,0.08493150684931507,23,estimation,2021,2021-02-19,0.0013149177777777776,178,178,172,0,OK,OK,83,172.5,172.60001116841843,172.5,0.0005794389452318463,0.16324,6.550000000000001,0.050000000000000044,172.5,31,51,125.0,270.0,0.03582722511095105,0.001521428257438373,3.1185047221166885e-05,6.770293169045193,9.41761601048368,5.788199740341122,11.881041572279145,True,0.03588712494935678,0.9983308822177798,53088.444423098794,1569.0,0.03582722511095105,0,2.0,3.0,1.0,1.0,0.045454545454545456,0.045454545454545456,1848.0,292.0
GLD,153,2021-02-22,2021-03-19,2021-02-19,25,0.0684931506849315,20,estimation,2021,2021-03-19,0.0011153145714285714,326,326,263,0,OK,OK,100,169.5,169.59000687548942,169.5,0.0005307321884567401,0.168376,5.96,0.040000000000000036,169.5,59,40,118.0,225.0,0.0371402111630709,0.0012719688565684562,2.451523837112717e-05,8.218767165342957,6.427798996254422,6.8949919956428065,7.430525354527685,True,0.0372497315618677,0.9970598338778658,37153.52290971728,1207.0,0.0371402111630709,0,3.0,14.0,1.0,1.0,0.05263157894736842,0.05263157894736842,1919.0,437.0
GLD,154,2021-03-22,2021-04-16,2021-03-19,25,0.0684931506849315,19,estimation,2021,2021-04-16,0.0010170714285714286,180,180,171,0,OK,OK,81,163.0,162.97999860670294,163.0,0.00012272299342283983,0.141012,4.8,0.020000000000000018,162.5,34,46,125.0,235.0,0.026282625573389458,0.0009043894909595234,2.3757754875857125e-05,7.109270465790245,9.996267165630718,6.253141524630572,12.089406947619107,True,0.026319705770277816,0.9985911621804591,27542.28703338163,1203.0,0.026282625573389458,0,0.0,0.0,0.0,0.0,0.0,0.0,1476.0,255.0
GLD,155,2021-04-19,2021-05-21,2021-04-16,32,0.08767123287671233,25,estimation,2021,2021-05-21,0.0011817585714285713,158,158,150,0,OK,OK,71,166.0,165.8399834221443,166.0,0.0009648853946662142,0.13618449999999999,5.34,0.040000000000000036,165.5,36,34,115.0,230.0,0.02604552090401357,0.0011437129965328598,3.0180718229471396e-05,9.028004240703536,8.161732417188624,7.567233628046384,9.665080574435478,True,0.026069812146533557,0.9990682233388009,38904.51449942805,1561.0,0.02604552090401357,0,2.0,20.0,1.0,1.0,0.041666666666666664,0.041666666666666664,1728.0,259.0
GLD,156,2021-05-24,2021-06-18,2021-05-21,25,0.0684931506849315,19,estimation,2021,2021-06-18,0.0008435062857142858,344,344,285,0,OK,OK,113,176.5,176.29998844478558,176.5,0.0011344955662152929,0.1419235,5.2299999999999995,0.029999999999999805,176.0,67,45,118.0,245.0,0.028556439482281284,0.000979356298576552,2.643616492545709e-05,10.763765338349831,8.905406805896922,8.872324976319529,10.555007299414612,True,0.028698849222138882,0.9950377891895491,27227.013080779154,1241.0,0.028556439482281284,0,0.0,0.0,0.0,0.0,0.0,0.0,2052.0,590.0
GLD,157,2021-06-21,2021-07-16,2021-06-18,25,0.0684931506849315,19,estimation,2021,2021-07-16,0.0009569157142857144,194,194,172,0,OK,OK,75,167.0,166.9199947564544,167.0,0.0004793029358905246,0.14597100000000002,5.09,0.030000000000000027,166.5,34,40,125.0,220.0,0.028621962223156393,0.0009833212151016044,2.174810419591448e-05,7.5042902288179425,7.293587647061535,6.524446939024654,8.411034005730578,True,0.028640696969392185,0.9993458697511513,35892.193464500495,1335.0,0.028621962223156393,0,1.0,4.0,0.0,0.0,0.0,0.0,1368.0,310.0
GLD,158,2021-07-19,2021-08-20,2021-07-16,32,0.08767123287671233,25,estimation,2021,2021-08-20,0.0009017200000000001,168,168,150,0,OK,OK,66,170.0,169.50996126156576,170.0,0.0028909141078622067,0.1421355,5.709999999999999,0.07000000000000006,169.0,23,42,130.0,220.0,0.025891156632240758,0.001139417451466466,2.2902688950394505e-05,6.234097105463194,6.266520892155391,5.483360306283966,7.170548092832878,True,0.025923263119616454,0.9987614797092654,40271.703432545946,1187.0,0.025891156632240758,0,0.0,0.0,0.0,0.0,0.0,0.0,1608.0,276.0
GLD,159,2021-08-23,2021-09-17,2021-08-20,25,0.0684931506849315,19,estimation,2021,2021-09-17,0.0008850794285714287,316,316,243,0,OK,OK,85,168.5,168.66501000291316,168.5,0.00097832978464421,0.1369215,4.825,0.03499999999999992,168.5,48,36,125.0,210.0,0.02475108211887665,0.0008480678879123727,2.0008959537301722e-05,8.333483839939877,6.14421543492357,7.204338851159496,6.873104880991244,True,0.02482545169171669,0.9970043013209361,34276.778654645044,1350.0,0.02475108211887665,0,1.0,3.0,0.0,0.0,0.0,0.0,1548.0,396.0
GLD,160,2021-09-20,2021-10-15,2021-09-17,25,0.0684931506849315,20,estimation,2021,2021-10-15,0.00082482,136,136,134,0,OK,OK,66,165.0,165.01000056496116,165.0,6.060581132610374e-05,0.1486155,5.119999999999999,0.030000000000000027,165.0,30,35,125.0,210.0,0.02885903496417846,0.0009882691185992512,2.1725830043858394e-05,7.1380803215167505,6.20042273679961,6.232874294234467,7.011983581013775,True,0.02886067891202645,0.9999430384900854,42657.95188015926,1492.0,0.02885903496417846,0,0.0,0.0,0.0,0.0,0.0,0.0,1273.0,198.0
GLD,161,2021-10-18,2021-11-19,2021-10-15,32,0.08767123287671233,25,estimation,2021,2021-11-19,0.0009065257142857143,210,210,186,0,OK,OK,81,165.0,164.89499165466455,165.0,0.0006368194951327888,0.13713599999999998,5.345000000000001,0.025000000000000133,164.5,38,42,115.0,215.0,0.02438834226971015,0.0010718756221429456,2.4195037302836026e-05,8.81610671915338,6.593452467539044,7.4107005024704,7.560411623732428,True,0.024427158584622886,0.9984109361398599,33884.415613920275,1356.0,0.02438834226971015,0,3.0,30.0,1.0,1.0,0.041666666666666664,0.041666666666666664,1968.0,321.0
GLD,162,2021-11-22,2021-12-17,2021-11-19,25,0.0684931506849315,19,estimation,2021,2021-12-17,0.0009787544444444444,196,196,173,0,OK,OK,75,169.0,168.75998391034653,169.0,0.001422233423422071,0.1453625,5.130000000000001,0.030000000000000027,168.5,35,39,120.0,225.0,0.02820465753741328,0.0009670384172653538,2.4748937529396684e-05,8.922615734033803,7.600974016486127,7.565992000172092,8.81399068061285,True,0.028241996353733343,0.9986778974172934,36307.80547701017,1544.0,0.02820465753741328,0,0.0,0.0,0.0,0.0,0.0,0.0,1368.0,216.0
GLD,163,2021-12-20,2022-01-21,2021-12-17,32,0.08767123287671233,23,estimation,2021,2022-01-21,0.005542979333333333,298,298,243,0,OK,OK,94,167.0,167.08003888623438,167.0,0.000479045173606139,0.133675,5.279999999999999,0.030000000000000027,167.0,47,46,105.0,235.0,0.025457383998523844,0.0011155127465085617,3.187503658531955e-05,11.72385800295961,8.630353049418998,9.37986242594583,10.287591047811556,True,0.025531451310283285,0.9970989776155181,36728.23004980842,1823.0,0.025457383998523844,0,0.0,1.0,0.0,0.0,0.0,0.0,2090.0,480.0
GLD,164,2022-01-24,2022-02-18,2022-01-21,25,0.0684931506849315,20,holdout,2022,2022-02-18,0.0049915325,182,182,177,0,OK,OK,86,172.0,172.05501880693305,172.0,0.00031977449605690794,0.13481,4.845000000000001,0.04499999999999993,172.0,45,40,115.0,235.0,0.026341514185228156,0.0009018494285426928,2.8156533544438065e-05,11.410048020506016,8.845769447694344,9.392922260519454,10.381650919521501,True,0.026413997364112603,0.9972558799834316,34673.685045253165,1794.0,0.026341514185228156,0,0.0,0.0,0.0,0.0,0.0,0.0,1653.0,319.0
GLD,165,2022-02-22,2022-03-18,2022-02-18,24,0.06575342465753424,19,holdout,2022,2022-03-18,0.004699559000000001,300,300,251,0,OK,OK,101,177.5,177.46498918290533,177.5,0.000197282952856625,0.16172799999999998,5.875,0.03500000000000014,177.0,61,39,128.0,255.0,0.034373703363183336,0.0011331948477529732,2.4631784551394057e-05,7.815571017741994,8.804077532466286,6.675417134345048,10.626174213855382,True,0.0344675480025318,0.9972773044563085,41209.751909733044,1442.0,0.034373703363183336,0,1.0,2.0,0.0,0.0,0.0,0.0,1836.0,318.0
GLD,166,2022-03-21,2022-04-14,2022-03-18,24,0.06575342465753424,19,holdout,2022,2022-04-14,0.004617553999999999,190,190,188,0,OK,OK,93,181.0,180.69990890017414,181.0,0.0016607152801147542,0.1944785,7.2,0.09999999999999987,180.0,56,36,130.0,270.0,0.048246006315932025,0.0015932460161956206,3.213620232825352e-05,6.525543055346198,8.130602001787954,5.570147741170661,10.026265934107188,True,0.04828094093995481,0.9992764303399506,67608.29753919819,1719.0,0.048246006315932025,0,0.0,0.0,0.0,0.0,0.0,0.0,1692.0,458.0
GLD,167,2022-04-18,2022-05-20,2022-04-14,32,0.08767123287671233,25,holdout,2022,2022-05-20,0.005521294666666666,174,174,168,0,OK,OK,81,185.0,184.69985474723424,185.0,0.0016250432528846024,0.17049,7.45,0.050000000000000044,184.0,44,36,130.0,280.0,0.03699091237925979,0.0016279647537702112,2.848163069987396e-05,6.881830639602609,8.317075955202842,5.813644468578898,10.335367944140263,True,0.03697585178010608,1.0004073090524939,51286.13839913648,1353.0,0.03699091237925979,0,3.0,27.0,2.0,2.0,0.08333333333333333,0.08333333333333333,1968.0,383.0
GLD,168,2022-05-23,2022-06-17,2022-05-20,25,0.0684931506849315,19,holdout,2022,2022-06-17,0.00893537,204,204,185,0,OK,OK,83,173.0,173.02501530497403,173.0,0.00014457623326859053,0.16813450000000002,6.074999999999999,0.07499999999999996,173.0,42,40,105.0,250.0,0.038458203245094566,0.0013162663922172918,3.5068039296031026e-05,11.347712728002472,8.366950324374505,8.932692843736156,10.114961014230646,True,0.03852967677246984,0.9981449746439,66069.34480075965,2927.0,0.038458203245094566,0,0.0,1.0,0.0,0.0,0.0,0.0,1512.0,332.0
GLD,169,2022-06-21,2022-07-15,2022-06-17,24,0.06575342465753424,18,holdout,2022,2022-07-15,0.011240414,190,190,173,0,OK,OK,78,171.0,170.81986691359555,171.0,0.0010545207045241892,0.1533955,5.369999999999999,0.030000000000000027,170.5,32,45,115.0,235.0,0.03278842567757409,0.0010789376918027814,2.6144744602659837e-05,10.01169009732271,8.157001270072037,8.275548567385355,9.617529416150548,True,0.032832379553020166,0.9986612643967795,66834.39175686149,2892.0,0.03278842567757409,0,0.0,0.0,0.0,0.0,0.0,0.0,1343.0,335.0
GLD,170,2022-07-18,2022-08-19,2022-07-15,32,0.08767123287671233,25,holdout,2022,2022-08-19,0.017335014666666666,210,210,199,0,OK,OK,94,159.0,159.42564639846378,159.0,0.0026698740640507435,0.1731655,6.525,0.07499999999999996,159.0,48,45,100.0,210.0,0.03803694068158232,0.001668418403705639,3.412522852300118e-05,9.044384679856202,5.425907598043966,7.237106425020782,6.255803858916269,True,0.03807770103510747,0.9989295479396832,79432.82347242821,2640.0,0.03803694068158232,0,0.0,1.0,0.0,0.0,0.0,0.0,2280.0,754.0
GLD,171,2022-08-22,2022-09-16,2022-08-19,25,0.0684931506849315,19,holdout,2022,2022-09-16,0.0248183175,204,204,180,0,OK,OK,78,162.0,161.88981285365782,162.0,0.0006806305128154627,0.148979,5.05,0.020000000000000018,161.5,34,43,125.0,205.0,0.027036669349770122,0.0009272487557983615,1.850032867936094e-05,6.570764909093303,6.117142017152629,5.7965783560021125,6.908250917427175,True,0.02705339545693714,0.9993817372317039,31988.951096913974,1150.0,0.027036669349770122,0,0.0,0.0,0.0,0.0,0.0,0.0,1422.0,302.0
GLD,172,2022-09-19,2022-10-21,2022-09-16,32,0.08767123287671233,25,holdout,2022,2022-10-21,0.028171652,282,282,254,0,OK,OK,113,156.5,156.2995054207922,156.5,0.0012827588844124879,0.168726,6.25,0.04999999999999982,156.0,53,59,110.0,205.0,0.033865665423114096,0.0014826987805438704,2.4172830255566275e-05,6.993298321971571,5.467602736365232,5.902318832741964,6.287252669659917,True,0.03396450991236833,0.9970897713669573,32359.36569296281,943.0,0.033865665423114096,0,1.0,3.0,0.0,0.0,0.0,0.0,2736.0,664.0
GLD,173,2022-10-24,2022-11-18,2022-10-21,25,0.0684931506849315,20,holdout,2022,2022-11-18,0.032424935,212,212,197,0,OK,OK,91,154.0,153.95489994907211,154.0,0.0002929432641819428,0.18015599999999998,5.805,0.03499999999999992,153.5,33,57,110.0,205.0,0.03837031069303371,0.0013155180919469972,2.6315237445818373e-05,7.067389380100902,6.1360693593623195,6.010471945613925,7.115846096531428,True,0.03840811458016463,0.9990157317654316,35892.193464500495,1220.0,0.03837031069303371,0,3.0,14.0,1.0,1.0,0.05263157894736842,0.05263157894736842,1748.0,580.0
GLD,174,2022-11-21,2022-12-16,2022-11-18,25,0.0684931506849315,19,holdout,2022,2022-12-16,0.035451285,226,226,204,0,OK,OK,91,162.5,162.26442868665941,162.5,0.0014517742135307145,0.15400550000000002,5.245,0.02499999999999991,162.0,40,50,120.0,205.0,0.028157850463356542,0.0009633002106056474,2.0011975906284473e-05,7.445825231333699,5.840793155758674,6.432421171191918,6.585574056220298,True,0.02819589466104701,0.9986507185479372,28840.31503126606,1102.0,0.028157850463356542,0,0.0,0.0,0.0,0.0,0.0,0.0,1656.0,483.0
GLD,175,2022-12-19,2023-01-20,2022-12-16,32,0.08767123287671233,22,holdout,2022,2023-01-20,0.040315618000000004,230,230,201,0,OK,OK,86,167.0,166.85448658781124,167.0,0.0008720976892172598,0.132825,5.275,0.03500000000000014,166.5,37,48,135.0,215.0,0.021588587022084563,0.0009452684623387438,1.7520330320391e-05,5.332520910127915,6.500174954947334,4.810474695049067,7.406603895551738,True,0.021601061070175676,0.9994225261411656,26607.25059798814,832.0,0.021588587022084563,0,3.0,28.0,1.0,2.0,0.047619047619047616,0.09523809523809523,1827.0,324.0
GLD,176,2023-01-23,2023-02-17,2023-01-20,25,0.0684931506849315,20,holdout,2023,2023-02-17,0.0407272275,206,206,183,0,OK,OK,80,180.0,180.1103072773557,180.0,0.0006124428913767669,0.1495915,5.65,0.040000000000000036,180.0,43,36,145.0,230.0,0.026377375352995985,0.0009010056487749146,1.6700507694237297e-05,5.522956434060298,6.2611284534190395,4.966667083423844,7.095238690605492,True,0.026404885874011477,0.9989581276303652,33496.54391578279,989.0,0.026377375352995985,0,2.0,19.0,0.0,1.0,0.0,0.05263157894736842,1539.0,372.0
GLD,177,2023-02-21,2023-03-17,2023-02-17,24,0.06575342465753424,19,holdout,2023,2023-03-17,0.041062420999999995,220,220,188,0,OK,OK,78,171.0,171.16544610110722,171.0,0.0009665858669248737,0.1454745,5.115,0.025000000000000133,171.0,37,40,140.0,205.0,0.024003339959370824,0.0007874898597684157,1.4732153876500435e-05,5.362037205521792,4.861417622897814,4.8598125881593655,5.330117032174788,True,0.02404459543986848,0.9982842098299874,32734.069487883862,976.0,0.024003339959370824,0,1.0,4.0,0.0,0.0,0.0,0.0,1422.0,396.0
GLD,178,2023-03-20,2023-04-21,2023-03-17,32,0.08767123287671233,24,holdout,2023,2023-04-21,0.04333266266666667,184,184,178,0,OK,OK,86,184.5,184.65057093801204,184.5,0.0008154371646247723,0.1955925,8.55,0.10000000000000009,184.5,51,34,130.0,260.0,0.04569927377088551,0.00199599159846056,3.137640134905353e-05,6.045468730326008,5.9231685736949276,5.100577809304479,7.0659380661007,True,0.045703127732748594,0.999915674001884,79432.82347242821,1606.0,0.04569927377088551,0,0.0,0.0,0.0,0.0,0.0,0.0,2001.0,382.0
GLD,179,2023-04-24,2023-05-19,2023-04-21,25,0.0684931506849315,20,holdout,2023,2023-05-19,0.045379449999999995,178,178,165,0,OK,OK,76,185.0,185.42632303218738,185.0,0.002299150547861426,0.153624,5.975,0.06500000000000017,185.0,40,35,145.0,240.0,0.028002746918718478,0.0009586690713044963,2.227515915806787e-05,6.059461222078024,6.473860347490284,5.37781207456121,7.394491602521664,True,0.027986010433663985,1.0005980304014452,36307.80547701017,1096.0,0.028002746918718478,0,1.0,1.0,0.0,0.0,0.0,0.0,1463.0,318.0
GLD,180,2023-05-22,2023-06-16,2023-05-19,25,0.0684931506849315,19,holdout,2023,2023-06-16,0.046451095000000005,272,272,234,0,OK,OK,98,184.0,183.86958573570115,184.0,0.000709275891263008,0.1597735,6.17,0.07999999999999985,183.5,60,37,134.0,250.0,0.031671134316509024,0.001083204377684041,2.5932402623035404e-05,7.518297353657638,7.395646108524071,6.451204503677076,8.666769686758093,True,0.03174323920672592,0.9977284961453582,42657.95188015926,1391.0,0.031671134316509024,0,1.0,1.0,0.0,0.0,0.0,0.0,1782.0,601.0
GLD,181,2023-06-20,2023-07-21,2023-06-16,31,0.08493150684931507,23,holdout,2023,2023-07-21,0.04788478933333333,226,226,184,0,OK,OK,71,180.5,180.58032601667878,180.5,0.0004448215287382036,0.118068,5.01,0.030000000000000027,180.5,28,42,140.0,210.0,0.01637992815620537,0.0006928614564790247,1.6250569743476114e-05,7.384449767100479,4.39939102012686,6.520954886493471,4.749831337075491,True,0.016377917969949692,1.000122737594569,29174.27014001166,1082.0,0.01637992815620537,0,0.0,0.0,0.0,0.0,0.0,0.0,1584.0,295.0
GLD,182,2023-07-24,2023-08-18,2023-07-21,25,0.0684931506849315,20,holdout,2023,2023-08-18,0.048664860000000004,240,240,196,0,OK,OK,76,182.0,182.08026710167275,182.0,0.00044083361118931743,0.1143235,4.390000000000001,0.029999999999999805,182.0,35,40,155.0,215.0,0.015033685774588277,0.0005132359282296876,1.104260732960952e-05,5.367062047935779,5.569261439362714,4.95830561898026,6.060151312086985,True,0.015056317398087719,0.9984968685966785,21877.616239495517,809.0,0.015033685774588277,0,3.0,16.0,1.0,1.0,0.05263157894736842,0.05263157894736842,1463.0,346.0
GLD,183,2023-08-21,2023-09-15,2023-08-18,25,0.0684931506849315,19,holdout,2023,2023-09-15,0.0503816475,238,238,196,0,OK,OK,77,176.5,176.4548444458616,176.5,0.0002559043039039834,0.11443500000000001,4.265000000000001,0.02499999999999991,176.0,33,43,135.0,225.0,0.0165077669713194,0.0005667149041967661,1.812163813369353e-05,8.855358882822927,8.201153266289401,7.778372598937217,9.296103837754234,True,0.016528102311323498,0.9987696506458479,31988.951096913974,1777.0,0.0165077669713194,0,0.0,0.0,0.0,0.0,0.0,0.0,1404.0,411.0
GLD,184,2023-09-18,2023-10-20,2023-09-15,32,0.08767123287671233,25,holdout,2023,2023-10-20,0.051348274666666666,182,182,165,0,OK,OK,74,180.0,180.21094750209113,180.0,0.0011705587535889442,0.100129,4.329999999999999,0.020000000000000018,180.0,37,36,150.0,225.0,0.012486233020546989,0.0005455668808355721,1.2085531614265774e-05,6.14963846824373,7.526549198201472,5.621604832310609,8.432407248465914,True,0.01252061079615359,0.9972543052278917,22908.6765276777,962.0,0.012486233020546989,0,6.0,41.0,4.0,5.0,0.16666666666666666,0.20833333333333334,1800.0,155.0
GLD,185,2023-10-23,2023-11-17,2023-10-20,25,0.0684931506849315,20,holdout,2023,2023-11-17,0.0516829775,224,224,193,0,OK,OK,81,183.5,183.63046100637928,183.5,0.0007104540590068319,0.1561265,6.0200000000000005,0.040000000000000036,183.5,39,41,145.0,280.0,0.030666023687594055,0.001046747044712699,2.4951837412895285e-05,5.763091796275789,10.341976295245017,5.1348110235238345,12.870370487533766,True,0.030681096099451386,0.9995087394593571,50118.72336272725,1666.0,0.030666023687594055,0,0.0,0.0,0.0,0.0,0.0,0.0,1558.0,404.0
GLD,186,2023-11-20,2023-12-15,2023-11-17,25,0.0684931506849315,19,holdout,2023,2023-12-15,0.051834954999999995,292,292,224,0,OK,OK,78,184.0,184.00501778324653,184.0,2.7269817459218906e-05,0.1141295,4.435,0.02499999999999991,184.0,46,31,151.0,240.0,0.015874218153437102,0.0005417113027086024,1.3161084667706738e-05,6.617414541481559,8.895599917147056,6.004469320033597,10.189402482481258,True,0.015920617115603705,0.9970856052984826,26001.595631652723,1214.0,0.015874218153437102,0,1.0,2.0,0.0,0.0,0.0,0.0,1422.0,321.0
GLD,187,2023-12-18,2024-01-19,2023-12-15,32,0.08767123287671233,22,holdout,2023,2024-01-19,0.053025138,254,254,220,0,OK,OK,93,189.0,188.74883509961006,188.5,0.001318339789905152,0.12005450000000001,5.415,0.03499999999999992,188.5,54,38,130.0,260.0,0.019025751086452485,0.0008310046821049908,2.437330422747691e-05,10.452642833277428,9.046632011786395,8.73046772686691,10.670571666170668,True,0.019068473033799882,0.997759550684962,34673.685045253165,1681.0,0.019025751086452485,0,1.0,1.0,0.0,0.0,0.0,0.0,1974.0,342.0
GLD,188,2024-01-22,2024-02-16,2024-01-19,25,0.0684931506849315,20,holdout,2024,2024-02-16,0.0536655375,214,214,196,0,OK,OK,89,188.0,187.9146869887328,188.0,0.0004539986343500583,0.114357,4.545,0.04499999999999993,187.5,52,36,143.0,240.0,0.016493099411624156,0.0005651965721429577,2.025030280885492e-05,9.052687483087565,8.248301663645156,7.9299858631446405,9.355601299215587,True,0.016567030544482473,0.9955374541828838,25703.957827688646,1318.0,0.016493099411624156,0,1.0,2.0,0.0,0.0,0.0,0.0,1710.0,440.0
GLD,189,2024-02-20,2024-03-15,2024-02-16,24,0.06575342465753424,19,holdout,2024,2024-03-15,0.052819282,192,192,170,0,OK,OK,74,188.0,188.12041749040412,188.0,0.0006401085645595317,0.105724,4.12,0.030000000000000027,188.0,42,31,145.0,225.0,0.01408088423629339,0.00046153260045559894,1.5849323370270126e-05,9.579722341822043,6.626967613345422,8.436801508972117,7.259573391441124,True,0.014101181687721231,0.9985605850717095,21134.890398366475,1201.0,0.01408088423629339,0,2.0,21.0,0.0,0.0,0.0,0.0,1350.0,200.0
GLD,190,2024-03-18,2024-04-19,2024-03-15,32,0.08767123287671233,24,holdout,2024,2024-04-19,0.05304292133333333,134,134,132,0,OK,OK,65,200.0,200.91424166280035,200.0,0.004550407453617678,0.12331,5.9399999999999995,0.040000000000000036,200.0,48,16,150.0,255.0,0.019075358670172692,0.0008427001120924426,1.9307045472850677e-05,7.879269297163435,6.654006451197531,6.847202217027358,7.531922438730095,True,0.019238857760007656,0.9915016217763805,58210.321777087214,2000.0,0.019075358670172692,0,2.0,4.0,0.0,0.0,0.0,0.0,1518.0,419.0
GLD,191,2024-04-22,2024-05-17,2024-04-19,25,0.0684931506849315,20,holdout,2024,2024-05-17,0.052261405000000004,204,204,167,0,OK,OK,65,217.5,216.29569684497395,217.5,0.005567855360013086,0.1675335,7.7,0.09999999999999964,215.0,42,22,164.0,300.0,0.03267820207619626,0.0011332121857958355,2.673924393834066e-05,6.17558179137392,7.598140926054352,5.410114822029321,9.016858036715535,True,0.03246956236946575,1.0064257012261648,48977.88193684456,1228.0,0.03267820207619626,0,0.0,0.0,0.0,0.0,0.0,0.0,1254.0,595.0
GLD,192,2024-05-20,2024-06-21,2024-05-17,32,0.08767123287671233,23,holdout,2024,2024-06-21,0.053156706000000005,216,216,186,0,OK,OK,78,225.0,225.52745237480386,225.0,0.00233875020202545,0.15897250000000002,8.525,0.07499999999999973,225.0,52,25,158.0,330.0,0.030660252026429535,0.0013404970448615248,2.764784991666933e-05,7.51009539390738,8.136533700360681,6.326182605091528,9.91416676917329,True,0.03051832783971153,1.004650457504206,57543.993733715666,1437.0,0.030660252026429535,0,8.0,13.0,6.0,6.0,0.2727272727272727,0.2727272727272727,1738.0,567.0
GLD,193,2024-06-24,2024-07-19,2024-06-21,25,0.0684931506849315,19,holdout,2024,2024-07-19,0.054308945,162,162,138,0,OK,OK,57,217.5,216.38084470969605,217.5,0.005172155103680493,0.142564,6.585,0.06499999999999995,215.0,38,18,168.0,280.0,0.02380718582870167,0.0008328353095286525,1.7726751183455156e-05,6.611348003332677,7.079779965745556,5.859033130797962,8.102918159614202,True,0.02359018110893028,1.0091989425078742,38904.51449942805,1137.0,0.02380718582870167,0,0.0,1.0,0.0,0.0,0.0,0.0,1044.0,471.0
GLD,194,2024-07-22,2024-08-16,2024-07-19,25,0.0684931506849315,20,holdout,2024,2024-08-16,0.052937112499999994,238,238,195,0,OK,OK,76,222.5,222.6505448616343,222.5,0.0006761486334015373,0.1506925,7.05,0.10000000000000009,222.5,36,39,183.0,280.0,0.025098622397463737,0.0008566590232777379,1.5871338622100203e-05,4.955646874741755,5.828447900450987,4.501444192685361,6.55273521720021,True,0.02510795897203454,0.9996281428298811,95499.25860214369,2163.0,0.025098622397463737,0,0.0,0.0,0.0,0.0,0.0,0.0,1463.0,235.0
GLD,195,2024-08-19,2024-09-20,2024-08-16,32,0.08767123287671233,24,holdout,2024,2024-09-20,0.05295234866666666,292,292,250,0,OK,OK,104,233.0,232.62325505363216,233.0,0.0016195498007324164,0.172033,9.524999999999999,0.07499999999999973,232.0,60,43,164.0,375.0,0.034795111294638775,0.001521792453945683,2.4853029085654147e-05,6.8096940836823165,9.426958055484802,5.754142435578394,12.100623063054565,True,0.03479959321882306,0.9998712075696948,42169.65034285822,962.0,0.034795111294638775,0,0.0,0.0,0.0,0.0,0.0,0.0,2415.0,866.0
GLD,196,2024-09-23,2024-10-18,2024-09-20,25,0.0684931506849315,20,holdout,2024,2024-10-18,0.0520526875,246,246,206,0,OK,OK,83,243.0,243.45160722703852,243.0,0.0018550184662258632,0.1633715,8.350000000000001,0.10000000000000031,243.0,59,23,176.0,330.0,0.03150692327272027,0.0010768849503886963,2.1235096208553374e-05,7.544563766054368,7.157574092200923,6.4486478345812985,8.373617337441386,True,0.03134792106713697,1.0050721770430253,71614.34102129027,1790.0,0.03150692327272027,0,0.0,0.0,0.0,0.0,0.0,0.0,1596.0,626.0
GLD,197,2024-10-21,2024-11-15,2024-10-18,25,0.0684931506849315,20,holdout,2024,2024-11-15,0.0488320725,238,238,205,0,OK,OK,86,252.0,252.02508375655313,252.0,9.952880951072261e-05,0.17359249999999998,9.174999999999999,0.07500000000000018,252.0,56,29,188.0,325.0,0.034374908060347445,0.0011732969803227077,2.0585432472242527e-05,6.449024188862989,5.5995858890359225,5.590168560564502,6.3762860143938855,True,0.034380302471821535,0.999843095869255,43151.9076827765,836.0,0.034374908060347445,0,2.0,14.0,0.0,2.0,0.0,0.10526315789473684,1653.0,309.0
GLD,198,2024-11-18,2024-12-20,2024-11-15,32,0.08767123287671233,24,holdout,2024,2024-12-20,0.04871950533333333,340,340,281,0,OK,OK,111,242.0,241.97489298914758,242.0,0.00010375874348893382,0.15422950000000002,8.875,0.07499999999999973,241.0,64,46,169.0,315.0,0.028494183917285216,0.001251883330808036,2.5764156731425045e-05,7.771552976461023,5.863746198048943,6.5421341644754865,6.723860113488695,True,0.028545552153858084,0.9982004819421254,42169.65034285822,940.0,0.028494183917285216,0,0.0,0.0,0.0,0.0,0.0,0.0,2576.0,752.0
GLD,199,2024-12-23,2025-01-17,2024-12-20,25,0.0684931506849315,17,holdout,2024,2025-01-17,0.048651280000000005,306,306,245,0,OK,OK,92,242.0,241.54849797304968,242.0,0.0018691982386108564,0.13650099999999998,6.95,0.09999999999999987,241.0,53,38,180.0,315.0,0.024117200488555788,0.0008257651712442861,2.124443317068784e-05,8.16931297109596,7.495692584258041,7.08522077397947,8.595185856958704,True,0.024163638216131617,0.9980781980279432,31622.776601683792,926.0,0.024131505891319405,0,1.0,1.0,0.0,0.0,0.0,0.0,1488.0,433.0
GLD,200,2025-01-21,2025-02-21,2025-01-17,31,0.08493150684931507,23,holdout,2025,2025-02-21,0.04601509733333334,158,158,154,0,OK,OK,75,254.0,253.74902105543535,254.0,0.0009890834002855926,0.13783,8.2,0.1499999999999997,253.0,44,30,189.0,345.0,0.02383609170846273,0.0010126347902517344,3.110759493904039e-05,7.2606015219465,7.721479372193705,6.297690043859961,9.052929438048695,True,0.02381635200455319,1.000828829868897,46238.102139926035,1135.0,0.023767611649076804,0,10.0,53.0,8.0,10.0,0.36363636363636365,0.45454545454545453,1672.0,458.0
GLD,201,2025-02-24,2025-03-21,2025-02-21,25,0.0684931506849315,20,holdout,2025,2025-03-21,0.0448157125,376,376,280,0,OK,OK,92,273.0,272.67400085727706,273.0,0.0011955637196725973,0.15846149999999998,9.075,0.125,272.0,53,38,205.0,360.0,0.02860526994135675,0.0009796907872978381,3.061913303447748e-05,6.818987879224559,6.758943371155551,5.939618672889592,7.801290197228121,True,0.02855590469762918,1.001728722807079,47863.0092322638,1143.0,0.028309453577053008,0,0.0,0.0,0.0,0.0,0.0,0.0,1767.0,428.0
GLD,202,2025-03-24,2025-04-17,2025-03-21,24,0.06575342465753424,19,holdout,2025,2025-04-17,0.044199264,190,190,178,0,OK,OK,83,278.0,277.8746361899722,278.0,0.0004511524036403967,0.145584,8.325,0.125,277.0,43,39,210.0,370.0,0.02496729235494079,0.0008234309111816415,2.269544420595636e-05,7.417640220857654,7.754503175404537,6.479212104686384,8.993533219937817,True,0.024989086063007114,0.9991278709428839,41686.93834703355,1082.0,0.02496729235494079,0,0.0,0.0,0.0,0.0,0.0,0.0,1512.0,76.0
GLD,203,2025-04-21,2025-05-16,2025-04-17,25,0.0684931506849315,20,holdout,2025,2025-05-16,0.04510676,244,244,237,0,OK,OK,115,316.0,316.45139242669575,316.0,0.0014264194675658128,0.26927199999999996,17.8,0.14999999999999947,316.0,86,28,198.0,400.0,0.08433163710302108,0.0028801779271594137,5.086930825046519e-05,6.633516168724081,3.344921758341509,5.298832075016451,3.772049951706626,True,0.08469091710450455,0.9957577504912347,127350.30810166629,1140.0,0.08433163710302108,0,0.0,15.0,0.0,2.0,0.0,0.10526315789473684,2204.0,262.0
GLD,204,2025-05-19,2025-06-20,2025-05-16,32,0.08767123287671233,23,holdout,2025,2025-06-20,0.04550722533333333,258,258,239,0,OK,OK,110,299.0,299.2007995287792,299.0,0.0006711196263360916,0.196126,13.899999999999999,0.10000000000000009,299.0,63,46,180.0,405.0,0.045267614858538106,0.001976657333249437,3.1338748831824745e-05,8.738984242983712,5.225334560780112,6.853494130499452,6.104793091033125,True,0.0453003703334317,0.9992769269952432,78523.5634610071,1290.0,0.045267614858538106,0,0.0,0.0,0.0,0.0,0.0,0.0,2442.0,479.0
GLD,205,2025-06-23,2025-07-18,2025-06-20,25,0.0684931506849315,19,holdout,2025,2025-07-18,0.04429018,330,330,327,0,OK,OK,162,312.0,312.0501519089957,312.0,0.00016071746380795678,0.178194,11.649999999999999,0.10000000000000009,312.0,61,100,215.0,460.0,0.03682991665918375,0.0012574909511789485,3.2009150584068e-05,7.984585773769612,8.324630194291258,6.666540032610137,10.171628090992787,True,0.0368832707592068,0.998553433604862,70794.57843841374,1436.0,0.03682991665918375,0,0.0,0.0,0.0,0.0,0.0,0.0,2934.0,1019.0
GLD,206,2025-07-21,2025-08-15,2025-07-18,25,0.0684931506849315,20,holdout,2025,2025-08-15,0.04598973,286,286,269,0,OK,OK,126,314.0,313.9498422526044,314.0,0.00015976356935140827,0.16933,11.149999999999999,0.10000000000000009,313.0,75,50,230.0,460.0,0.03190899772440494,0.0010939271308654608,2.5754976836799327e-05,6.9529303640559625,8.68819441077157,5.9837890452563665,10.597795056056455,True,0.03192752690841625,0.9994196486290824,62373.483548241915,1278.0,0.03190899772440494,0,1.0,3.0,0.0,0.0,0.0,0.0,2413.0,649.0
SLV,1,2008-12-22,2009-01-16,2008-12-19,25,0.0684931506849315,18,estimation,2008,2009-01-17,0.00493938375,22,22,17,0,OK,OK,6,11.0,10.69989848864297,11.0,0.028047136304663215,0.6105775,1.4000000000000001,0.09999999999999998,10.0,1,4,9.0,14.0,0.4383335632023035,0.017454806665658313,0.0025050782312062694,0.6593462174085253,2.1056436094113167,0.6258001048038228,2.503200419215291,False,0.44265575475647717,0.9902357723632182,8317.63771102671,231.0,0.42148029295499523,0,0.0,2.0,0.0,0.0,0.0,0.0,119.0,43.0
SLV,2,2009-01-20,2009-02-20,2009-01-16,31,0.08493150684931507,23,estimation,2009,2009-02-21,0.0037434014285714283,18,18,15,0,OK,OK,6,11.0,11.100031798327004,11.0,0.00901184790678535,0.5253635000000001,1.35,0.050000000000000044,11.0,2,3,9.0,14.0,0.32023680534296445,0.013636109756260437,0.0019209156405501728,1.3106587901944975,1.5751237065307109,1.1875256507601417,1.7812884761402124,False,0.3170754778403499,1.0099702680388494,7852.356346100718,280.0,0.3102360030432006,0,4.0,11.0,0.0,1.0,0.0,0.045454545454545456,154.0,45.0
SLV,3,2009-02-23,2009-03-20,2009-02-20,25,0.0684931506849315,20,estimation,2009,2009-03-21,0.004867642142857143,44,44,32,0,OK,OK,10,14.0,14.325108373112503,14.0,0.022695002693502456,0.5245280000000001,1.575,0.07500000000000001,14.0,3,6,11.0,20.0,0.3509336201446924,0.01228380981659774,0.0015803596840600986,1.75677737935981,2.5982465134296127,1.5609930539899923,3.1219861079799847,False,0.3520726712031161,0.9967647274225198,8035.261221856177,304.0,0.33744415482137446,0,1.0,3.0,0.0,0.0,0.0,0.0,209.0,114.0
SLV,4,2009-03-23,2009-04-17,2009-03-20,25,0.0684931506849315,19,estimation,2009,2009-04-18,0.005325316857142858,52,52,33,0,OK,OK,7,13.0,13.525191527485703,14.0,0.03510548974847404,0.4557445,1.375,0.07499999999999998,13.0,2,4,11.0,17.0,0.25690186368792095,0.009610556632561607,0.0012337071054251095,1.4005934492627308,2.2491445393580216,1.2898572082547806,2.579714416509561,False,0.2528806772396806,1.0159015172378278,9015.711376059571,358.0,0.24702635626307065,0,2.0,1.0,0.0,0.0,0.0,0.0,144.0,62.0
SLV,5,2009-04-20,2009-05-15,2009-04-17,25,0.0684931506849315,20,estimation,2009,2009-05-16,0.004321133125,24,24,17,0,OK,OK,5,12.0,11.87496299852186,12.0,0.010529464512327596,0.42984750000000005,1.0750000000000002,0.07499999999999998,11.0,1,3,10.0,14.0,0.22420940348210427,0.010838667957361763,0.001112314266097982,0.8472299726868151,2.143734522687331,0.8081078722757511,2.424323616827253,False,0.21457114680128217,1.0449186986438035,7852.356346100718,262.0,0.2155906421139926,0,2.0,9.0,1.0,1.0,0.05263157894736842,0.05263157894736842,114.0,33.0
SLV,6,2009-05-18,2009-06-19,2009-05-15,32,0.08767123287671233,24,estimation,2009,2009-06-20,0.0033394421428571425,14,14,11,0,OK,OK,4,14.0,13.574875553254406,14.0,0.03131700508618478,0.3459105,1.175,0.07500000000000001,13.0,1,2,12.0,15.0,0.12186778509024272,0.006318056561875243,0.0006341667337546459,0.7815008765180212,1.3971720595932402,0.7510422096793098,1.5020844193586196,False,0.1160714722066798,1.0499374460697963,6606.9344800759645,234.0,0.11817747054539934,0,0.0,4.0,0.0,0.0,0.0,0.0,115.0,41.0
SLV,7,2009-06-22,2009-07-17,2009-06-19,25,0.0684931506849315,19,estimation,2009,2009-07-18,0.0032595837142857143,52,52,31,0,OK,OK,5,14.0,13.499888357958653,13.0,0.037029073478518935,0.37392800000000004,1.125,0.07499999999999998,13.0,1,3,12.0,16.0,0.1640464100711849,0.006355923271058916,0.0007318229837546458,0.8179188415527499,2.1217691609440688,0.7860407998965988,2.358122399689796,False,0.1553117850169988,1.0562392934523939,7498.942093324558,310.0,0.1577398505969912,0,0.0,0.0,0.0,0.0,0.0,0.0,108.0,41.0
SLV,8,2009-07-20,2009-08-21,2009-07-17,32,0.08767123287671233,25,estimation,2009,2009-08-22,0.0029687599999999995,18,18,14,0,OK,OK,5,13.0,13.475123646643782,13.0,0.03525931628554073,0.32371700000000003,1.075,0.07500000000000001,13.0,1,3,12.0,16.0,0.12747180598834434,0.006254054367679024,0.0010329851152739201,0.8350792789590507,2.16628517528099,0.802532416497357,2.407597249492071,False,0.12238269565980879,1.0415835776544906,6531.305526474723,275.0,0.12361026925152736,0,2.0,2.0,0.0,0.0,0.0,0.0,144.0,54.0
SLV,9,2009-08-24,2009-09-18,2009-08-21,25,0.0684931506849315,19,estimation,2009,2009-09-19,0.0027137834285714283,24,24,17,0,OK,OK,5,14.0,13.899981410714677,14.0,0.007195591586059583,0.3595835,1.0499999999999998,0.04999999999999996,13.0,1,3,12.0,16.0,0.1617765256418428,0.00793516759206148,0.0007318229837546456,0.8505472486477735,2.2064107469155116,0.8173975285955429,2.452192585786629,False,0.15513462260788888,1.0428138021178013,10715.193052376071,356.0,0.1555564792055495,0,7.0,19.0,6.0,7.0,0.3333333333333333,0.3888888888888889,108.0,27.0
SLV,10,2009-09-21,2009-10-16,2009-09-18,25,0.0684931506849315,20,estimation,2009,2009-10-17,0.0024961749999999998,52,52,33,0,OK,OK,7,17.0,16.524918781884285,17.0,0.028749382940177034,0.40818600000000005,1.475,0.07500000000000004,16.0,2,4,14.0,20.0,0.19321580216885312,0.007153919840141042,0.0007670694585315993,1.249976076617447,2.0888279176307822,1.1701144315669083,2.3402288631338166,False,0.19054430579074877,1.0140203422349348,7585.775750291836,269.0,0.18578598699253387,0,0.0,5.0,0.0,4.0,0.0,0.21052631578947367,152.0,57.0
SLV,11,2009-10-19,2009-11-20,2009-10-16,32,0.08767123287671233,25,estimation,2009,2009-11-21,0.002507269285714286,26,26,21,0,OK,OK,8,17.0,17.425093431809007,17.0,0.02439547503561794,0.35204599999999997,1.475,0.07500000000000001,17.0,3,4,14.0,21.0,0.1461715838517589,0.00671868186673255,0.0007316780807795179,1.8626140616145659,2.027170213319652,1.692950898558999,2.257267864745332,False,0.14578552132849437,1.0026481540810532,10000.0,410.0,0.14174323397167907,0,0.0,0.0,0.0,0.0,0.0,0.0,216.0,42.0
SLV,12,2009-11-23,2009-12-18,2009-11-20,25,0.0684931506849315,19,estimation,2009,2009-12-19,0.002357116,26,26,22,0,OK,OK,9,18.0,18.28504601591034,18.0,0.015589023711633678,0.36131,1.385,0.015000000000000013,18.0,3,5,15.0,23.0,0.15168752888748077,0.005319307237198988,0.000260120740801852,1.928121807693883,2.592265913037652,1.7625652186527545,2.937608697754591,False,0.14669732938447527,1.0340169757959725,9225.71427154763,458.0,0.1458543673622743,0,0.0,0.0,0.0,0.0,0.0,0.0,180.0,42.0
SLV,13,2009-12-21,2010-01-15,2009-12-18,25,0.0684931506849315,18,estimation,2009,2010-01-16,0.002315200625,66,66,44,0,OK,OK,11,17.0,16.67494845891332,17.0,0.019493406044858188,0.312145,1.125,0.024999999999999994,16.0,3,7,13.0,23.0,0.13105347517455637,0.005377036662151409,0.00031884003851360754,2.541731883622976,4.44235834104637,2.2952041328400425,5.3554763099601,False,0.12392367551555736,1.0575337975518968,7943.282347242822,553.0,0.1260141411337331,0,4.0,8.0,2.0,2.0,0.11764705882352941,0.11764705882352941,204.0,71.0
SLV,14,2010-01-19,2010-02-19,2010-01-15,31,0.08493150684931507,23,estimation,2010,2010-02-20,0.0023373957142857143,22,22,21,0,OK,OK,10,18.0,18.430085371445877,18.0,0.023336048790756944,0.28470300000000004,1.26,0.010000000000000009,18.0,5,4,12.0,22.0,0.10880644239606399,0.00490502653746947,0.00036096708209505836,4.886827725968315,2.4185635182008864,4.017466713530933,2.678311142353955,False,0.10355426380421166,1.0507190954665326,6918.309709189362,650.0,0.105406929412382,0,7.0,9.0,4.0,4.0,0.18181818181818182,0.18181818181818182,242.0,78.0
SLV,15,2010-02-22,2010-03-19,2010-02-19,25,0.0684931506849315,20,estimation,2010,2010-03-20,0.0022998859999999997,24,24,22,0,OK,OK,10,16.0,15.86497873225575,16.0,0.008510649148853416,0.33103400000000005,1.105,0.015000000000000013,15.0,3,6,12.0,21.0,0.14712125512430005,0.006699984100893144,0.0002764653580398946,2.5756578248338187,3.8837660509957823,2.308520958516986,4.617041917033972,False,0.13958422623814232,1.0539962794456368,8035.261221856177,484.0,0.1414641615432432,0,0.0,3.0,0.0,0.0,0.0,0.0,209.0,70.0
SLV,16,2010-03-22,2010-04-16,2010-03-19,25,0.0684931506849315,19,estimation,2010,2010-04-17,0.00247930125,60,60,39,0,OK,OK,9,17.0,16.609933766466327,17.0,0.023483912640348704,0.258013,0.9600000000000001,0.009999999999999981,16.0,4,4,12.0,20.0,0.1012538655868917,0.004193485957581824,0.0002253774719050485,4.26037314165422,3.304602141698436,3.702327629720751,3.702327629720751,False,0.09427245934325858,1.074055628677437,5754.399373371566,522.0,0.09736050892316107,0,2.0,5.0,1.0,1.0,0.05555555555555555,0.05555555555555555,180.0,53.0
SLV,17,2010-04-19,2010-05-21,2010-04-16,32,0.08767123287671233,25,estimation,2010,2010-05-22,0.00263757,22,22,20,0,OK,OK,9,17.0,17.375086724656814,17.0,0.02158761740881168,0.26649350000000005,1.125,0.015000000000000013,17.0,3,5,14.0,22.0,0.08973826153667304,0.004176174599166819,0.00016916619466830022,2.460569694702352,3.267508836064254,2.236439508033409,3.727399180055681,False,0.08452189567451188,1.0617161484670083,6237.348354824191,441.0,0.08701961015967853,0,1.0,1.0,0.0,0.0,0.0,0.0,240.0,37.0
SLV,18,2010-05-24,2010-06-18,2010-05-21,25,0.0684931506849315,19,estimation,2010,2010-06-19,0.0035471888571428573,52,52,38,0,OK,OK,12,18.0,17.599902804936953,18.0,0.022732920715381213,0.3568905,1.37,0.020000000000000018,17.0,4,7,13.0,24.0,0.16691564562988442,0.006337384925109833,0.00027678138584211805,2.8721281556036145,3.6919829696222166,2.5191411964032535,4.4084970937056935,False,0.16067865134313145,1.0388165710541957,7943.282347242822,492.0,0.16049870369708044,0,0.0,0.0,0.0,0.0,0.0,0.0,234.0,74.0
SLV,19,2010-06-21,2010-07-16,2010-06-18,25,0.0684931506849315,19,estimation,2010,2010-07-17,0.0034889943750000003,60,60,42,0,OK,OK,12,18.0,18.32507767525142,18.0,0.01773949780799285,0.30982,1.205,0.015000000000000013,18.0,4,7,14.0,25.0,0.12603077169313492,0.004478131508873737,0.00025212747378851574,3.0994483317295676,4.051424302646027,2.7406556028292846,4.796147304951249,False,0.1205036307093289,1.045867007917282,5956.62143529011,463.0,0.12118459979590136,0,0.0,0.0,0.0,0.0,0.0,0.0,234.0,51.0
SLV,20,2010-07-19,2010-08-20,2010-07-16,32,0.08767123287671233,25,estimation,2010,2010-08-21,0.003464802142857143,24,24,22,0,OK,OK,10,17.0,17.250075952404085,17.0,0.014497092829856959,0.278901,1.15,0.020000000000000018,17.0,4,5,13.0,22.0,0.10827561329789467,0.004853051051217905,0.00023992041009801042,3.248506543170614,3.1221468047934193,2.8492623644667283,3.561577955583411,False,0.10392586793852278,1.0418543087072891,7244.359600749906,529.0,0.10499578209691053,0,0.0,0.0,0.0,0.0,0.0,0.0,264.0,62.0
SLV,21,2010-08-23,2010-09-17,2010-08-20,25,0.0684931506849315,19,estimation,2010,2010-09-18,0.0026679077142857145,12,12,12,0,OK,OK,6,18.0,17.619930554961297,18.0,0.021570428092957842,0.238527,0.9400000000000001,0.01999999999999999,17.0,2,3,15.0,20.0,0.08039949823954046,0.0034176858205468893,0.00011626912332783545,2.0050044553260222,2.6034115956771378,1.8846033387309518,2.826905008096428,False,0.07411049506257571,1.0848598187295144,5495.408738576249,325.0,0.07730815428480253,0,3.0,9.0,2.0,2.0,0.1111111111111111,0.1111111111111111,126.0,18.0
SLV,22,2010-09-20,2010-10-15,2010-09-17,25,0.0684931506849315,20,estimation,2010,2010-10-16,0.0025833412499999997,60,60,43,0,OK,OK,13,20.0,20.295052202266774,20.0,0.014538134680620304,0.27616300000000005,1.185,0.015000000000000013,20.0,5,7,15.0,30.0,0.10930519267631106,0.0038514667255223982,0.00021409229369522348,3.98037266178898,5.610020179111305,3.459003047935965,6.91800609587193,False,0.10412735961985974,1.049725961316547,7328.245331389045,721.0,0.10198350348591173,0,5.0,10.0,2.0,2.0,0.10526315789473684,0.10526315789473684,266.0,73.0
SLV,23,2010-10-18,2010-11-19,2010-10-15,32,0.08767123287671233,25,estimation,2010,2010-11-20,0.002617467857142857,30,30,25,0,OK,OK,10,24.0,23.974994262425856,24.0,0.0010429924320496584,0.3416405,1.935,0.015000000000000013,23.0,5,4,18.0,27.0,0.1290606039673709,0.006554447634906815,0.00011329026877555133,2.423177329695569,1.5850798729882218,2.1490388297987617,1.7192310638390094,False,0.13275667666720603,0.9721590447077819,15135.612484362071,480.0,0.12515087162952104,0,1.0,3.0,0.0,0.0,0.0,0.0,264.0,21.0
SLV,24,2010-11-22,2010-12-17,2010-11-19,25,0.0684931506849315,19,estimation,2010,2010-12-18,0.002580653714285714,50,50,48,0,OK,OK,23,27.0,27.18503270295434,27.0,0.006806418258758725,0.435364,2.465,0.015000000000000013,27.0,9,13,18.0,40.0,0.22229154608708357,0.007634856783353982,0.00021993807334148532,3.5585854657801645,3.4495585773223882,2.925517218472022,4.225747093348477,True,0.2206374617393606,1.0074968427151185,18620.871366628657,790.0,0.21374353697290543,0,1.0,2.0,0.0,0.0,0.0,0.0,432.0,115.0
SLV,25,2010-12-20,2011-01-21,2010-12-17,32,0.08767123287671233,23,estimation,2010,2011-01-22,0.0026658592857142856,80,80,63,0,OK,OK,23,29.0,28.764945069576093,29.0,0.008171575848845196,0.3631875,2.4850000000000003,0.014999999999999902,28.0,9,13,19.0,41.0,0.1547397207885873,0.007154615314401934,0.00016593911254105282,3.6058673961537613,3.5463720420473464,2.9889938976560875,4.317435629947681,True,0.15359450314038545,1.00745611089451,19724.227361148533,827.0,0.15005202423393776,0,1.0,0.0,0.0,0.0,0.0,0.0,528.0,165.0
SLV,26,2011-01-24,2011-02-18,2011-01-21,25,0.0684931506849315,20,estimation,2011,2011-02-19,0.0026419857142857147,64,64,51,0,OK,OK,19,26.0,26.34506243613333,26.0,0.013097802936312717,0.37226000000000004,2.0549999999999997,0.015000000000000013,26.0,6,12,20.0,40.0,0.16916820329757218,0.005880435522161995,0.00014939139462211154,2.6929899718530432,4.421692395636201,2.3686885313254344,5.526939906426013,True,0.16815386902362808,1.0060321792167717,13182.567385564074,611.0,0.16156551486060824,0,4.0,11.0,3.0,3.0,0.15789473684210525,0.15789473684210525,380.0,120.0
SLV,27,2011-02-22,2011-03-18,2011-02-18,24,0.06575342465753424,19,estimation,2011,2011-03-19,0.002652406571428571,48,48,42,0,OK,OK,18,32.0,32.290050581807265,32.0,0.008982661116383748,0.382137,2.52,0.010000000000000009,32.0,10,7,22.0,39.0,0.1736023398546787,0.005747550478404823,0.0001157350088482004,3.8238233615830217,2.018852211041275,3.1891264773272825,2.2323885341290977,True,0.1763090231900038,0.9846480725356401,14962.35656094436,553.0,0.16665959140637002,0,1.0,2.0,0.0,0.0,0.0,0.0,342.0,74.0
SLV,28,2011-03-21,2011-04-15,2011-03-18,25,0.0684931506849315,20,estimation,2011,2011-04-16,0.0025316749999999997,90,90,71,0,OK,OK,26,35.0,35.270046822706725,35.0,0.007656548460629477,0.371962,2.7399999999999998,0.010000000000000009,35.0,12,13,23.0,48.0,0.1658176942474989,0.005707463808484615,0.00013714226407760924,4.312965548447143,3.244612151639271,3.5220138169953406,3.8155149684116187,True,0.16564643667806586,1.0010338741530909,17579.23613958693,732.0,0.1594412437652403,0,2.0,10.0,0.0,0.0,0.0,0.0,513.0,114.0
SLV,29,2011-04-18,2011-05-20,2011-04-15,32,0.08767123287671233,24,estimation,2011,2011-05-21,0.002184067142857143,86,86,78,0,OK,OK,35,42.0,42.41007851425894,42.0,0.009669364656353246,0.3999055,4.0,0.009999999999999898,42.0,17,17,25.0,60.0,0.18894397637937746,0.008328546418135234,0.00015275570953948223,4.38135897801357,3.012219860170679,3.4183277207544895,3.6194058219753416,True,0.18921432439257416,0.9985712074703404,31988.951096913974,939.0,0.18321969877639221,0,1.0,7.0,0.0,0.0,0.0,0.0,828.0,162.0
SLV,30,2011-05-23,2011-06-17,2011-05-20,25,0.0684931506849315,19,estimation,2011,2011-06-18,0.001903873142857143,112,112,93,0,OK,OK,37,34.0,34.27503586296252,34.0,0.008024378561182514,0.44602450000000005,3.185,0.015000000000000013,34.0,14,22,18.0,56.0,0.24470737396025105,0.008412010809413076,0.0002976259746415473,5.448377085786138,4.274748514055659,4.03142679899851,5.543211848622951,True,0.24429489262867488,1.0016884566318098,26607.25059798814,1298.0,0.23529704549600808,0,0.0,7.0,0.0,1.0,0.0,0.05555555555555555,684.0,252.0
SLV,31,2011-06-20,2011-07-15,2011-06-17,25,0.0684931506849315,19,estimation,2011,2011-07-16,0.00183209125,118,118,91,0,OK,OK,32,35.0,35.080010039486055,35.0,0.002280787245955623,0.39219899999999996,2.87,0.010000000000000009,35.0,15,16,20.0,51.0,0.1907161449157223,0.006533167855864925,0.00019083252161474434,5.452050931571414,3.6678287804201553,4.175352637937695,4.453709480466874,True,0.19033515782886576,1.0020016642810632,18620.871366628657,909.0,0.18338196334692455,0,0.0,6.0,0.0,1.0,0.0,0.05555555555555555,594.0,232.0
SLV,32,2011-07-18,2011-08-19,2011-07-15,32,0.08767123287671233,25,estimation,2011,2011-08-20,0.0019218105714285713,74,74,68,0,OK,OK,31,39.0,39.43007245572969,39.0,0.010907219514053875,0.42119249999999997,3.92,0.01000000000000012,39.0,14,16,25.0,55.0,0.20069566753271542,0.008856928760885107,0.00011945361218407173,3.5656942118398134,2.756517362521271,2.8784205225226382,3.2896234543115868,True,0.20111038996757685,0.9979378368520478,26607.25059798814,686.0,0.1946153790045015,0,0.0,1.0,0.0,0.0,0.0,0.0,768.0,167.0
SLV,33,2011-08-22,2011-09-16,2011-08-19,25,0.0684931506849315,19,estimation,2011,2011-09-17,0.002112013125,66,66,64,0,OK,OK,31,43.0,42.60994357913027,43.0,0.009154117281224875,0.4958955,4.4399999999999995,0.009999999999999787,42.0,17,13,25.0,55.0,0.2828479086308437,0.009790606828922587,0.00012510456160305758,3.9974315178565143,2.077822933547141,3.1187882658959554,2.384955732743966,True,0.28689511609266843,0.9858930764770584,37583.74042884443,876.0,0.2719710393674235,0,3.0,1.0,1.0,0.0,0.05555555555555555,0.0,576.0,131.0
SLV,34,2011-09-19,2011-10-21,2011-09-16,32,0.08767123287671233,25,estimation,2011,2011-10-22,0.0023955685714285714,116,116,102,0,OK,OK,44,39.0,38.6699306853129,39.0,0.008535554857160987,0.4156615,3.8200000000000003,0.01000000000000012,38.0,18,25,20.0,70.0,0.2097060782152547,0.009346036254369857,0.00023460243933595842,5.215162168113597,4.963730847353698,3.8487575250204116,6.842235600036287,True,0.20951196552889526,1.0009264992854676,26607.25059798814,1077.0,0.2023077526687795,0,4.0,42.0,1.0,2.0,0.041666666666666664,0.08333333333333333,1080.0,352.0
SLV,35,2011-10-24,2011-11-18,2011-10-21,25,0.0684931506849315,20,estimation,2011,2011-11-19,0.002388331142857143,100,100,82,0,OK,OK,32,31.0,30.849975460344176,31.0,0.004863035947910943,0.515639,3.33,0.020000000000000018,30.0,15,16,15.0,49.0,0.36859846958868264,0.013022470526470169,0.0002966618447116151,5.1363679980015995,3.635620136399302,3.70510631944884,4.6931346713018645,True,0.3719586763071146,0.9909661827174114,25118.864315095823,953.0,0.35307342161935495,0,0.0,15.0,0.0,2.0,0.0,0.10526315789473684,627.0,158.0
SLV,36,2011-11-21,2011-12-16,2011-11-18,25,0.0684931506849315,19,estimation,2011,2011-12-17,0.0024600200000000003,112,112,92,0,OK,OK,36,31.0,30.77996292808236,31.0,0.007148711401367171,0.4661665,3.0100000000000002,0.010000000000000009,30.0,15,20,14.0,50.0,0.2930379863562898,0.010371767616473978,0.0003738833464399524,6.246980531462736,4.187048978816946,4.3715363615458545,5.464420451932318,True,0.29265141811257084,1.001320917035742,23713.737056616552,1301.0,0.2817698939317266,0,0.0,14.0,0.0,2.0,0.0,0.1111111111111111,666.0,294.0
SLV,37,2011-12-19,2012-01-20,2011-12-16,32,0.08767123287671233,22,estimation,2011,2012-01-21,0.003000421428571428,142,142,97,0,OK,OK,26,28.0,27.9549881611639,28.0,0.0016101541011786917,0.4230635,2.795,0.014999999999999902,27.0,12,13,15.0,40.0,0.22549828361005364,0.010507607912345694,0.00044525107061547763,4.692298307559666,3.1376572166581855,3.5479980050555313,3.8436645054768253,True,0.224815585742279,1.0030367016838293,20892.96130854041,925.0,0.21866814483958438,0,1.0,10.0,0.0,1.0,0.0,0.047619047619047616,567.0,156.0
SLV,38,2012-01-23,2012-02-17,2012-01-20,25,0.0684931506849315,20,estimation,2012,2012-02-18,0.002677076285714286,94,94,73,0,OK,OK,26,31.0,31.375068766825436,31.0,0.011954356805171894,0.37234849999999997,2.4450000000000003,0.015000000000000013,31.0,11,14,20.0,45.0,0.16905857225558887,0.005861795016109346,0.00018019916147864716,4.497318345072335,3.824348065421683,3.6413113143608635,4.634396218277462,True,0.16824937556778186,1.004809507821805,22130.94709605641,1108.0,0.16255803657577506,0,0.0,3.0,0.0,0.0,0.0,0.0,513.0,148.0
SLV,39,2012-02-21,2012-03-16,2012-02-17,24,0.06575342465753424,19,estimation,2012,2012-03-17,0.00239268,96,96,81,0,OK,OK,33,33.5,33.38998269267913,33.5,0.0032949195671487493,0.3228075,2.21,0.020000000000000018,33.0,15,17,23.0,44.0,0.12571900827544488,0.004202394980193809,0.00014365448461409566,4.361345092287334,3.475441587787185,3.660861132345297,4.0269472455798265,True,0.12608143722768586,0.9971254376519639,15667.5107010815,819.0,0.12069122321389465,0,1.0,2.0,0.0,0.0,0.0,0.0,612.0,118.0
SLV,40,2012-03-19,2012-04-20,2012-03-16,32,0.08767123287671233,24,estimation,2012,2012-04-21,0.00251463,108,108,88,0,OK,OK,34,32.0,31.97499448787461,32.0,0.0007820333521831202,0.29446649999999996,2.225,0.014999999999999902,31.5,12,21,20.0,50.0,0.10842341260915175,0.004865425361589902,0.00018342626776156174,5.209973631688148,5.299206653856831,4.187191611448361,6.735916940156059,True,0.10865104489389601,0.9979049231881152,18836.49089489802,1217.0,0.1051389901296533,0,1.0,5.0,0.0,0.0,0.0,0.0,805.0,290.0
SLV,41,2012-04-23,2012-05-18,2012-04-20,25,0.0684931506849315,20,estimation,2012,2012-05-19,0.0023845957142857145,128,128,91,0,OK,OK,27,30.0,29.989998366581876,30.0,0.0003334989650839398,0.29389149999999997,1.84,0.010000000000000009,29.5,11,15,21.0,41.0,0.1140143573979889,0.004041889016838793,0.00013785876308688812,4.41875024722063,4.27981722691021,3.746159912148227,5.068333998788778,True,0.1143254965126763,0.9972784800925584,12302.68770812381,752.0,0.10910833015837064,0,1.0,3.0,0.0,0.0,0.0,0.0,532.0,167.0
SLV,42,2012-05-21,2012-06-15,2012-05-18,25,0.0684931506849315,19,estimation,2012,2012-06-16,0.002337328125,114,114,90,0,OK,OK,33,27.5,27.685029619199803,27.5,0.006683381659504639,0.331507,1.915,0.015000000000000013,27.5,14,18,17.0,38.0,0.14813313204838346,0.005094872104556169,0.0001819844920216036,5.543756106967922,3.727554040757499,4.400888138826071,4.400888138826071,True,0.14866018106147905,0.9964546726007443,11748.975549395303,800.0,0.14243676894487114,0,0.0,3.0,0.0,0.0,0.0,0.0,612.0,193.0
SLV,43,2012-06-18,2012-07-20,2012-06-15,32,0.08767123287671233,24,estimation,2012,2012-07-21,0.0025501799999999995,90,90,70,0,OK,OK,25,28.0,27.869970931685405,28.0,0.0046655616768787175,0.3027575,2.0,0.009999999999999953,27.0,9,15,18.0,42.0,0.12276797427574586,0.005899391825444624,0.00027898526607517403,4.523035745946811,4.928723316323052,3.718392906893662,6.197321511489437,True,0.12238686762032172,1.0031139505637683,15310.87461682032,872.0,0.11904914751329837,0,0.0,4.0,0.0,0.0,0.0,0.0,598.0,252.0
SLV,44,2012-07-23,2012-08-17,2012-07-20,25,0.0684931506849315,20,estimation,2012,2012-08-18,0.0024357751428571426,132,132,94,0,OK,OK,28,26.0,26.210035038044605,26.0,0.00801353518756207,0.3029765,1.6600000000000001,0.009999999999999953,26.0,12,15,18.0,40.0,0.11644078000712003,0.004019656503181561,0.0002625683484651613,4.6375689599086645,5.432827995569071,3.8804681448724296,6.7908192535267515,True,0.11624285072986662,1.0017027221546155,11350.108156723143,944.0,0.10990915428947988,0,0.0,4.0,0.0,0.0,0.0,0.0,551.0,187.0
SLV,45,2012-08-20,2012-09-21,2012-08-17,32,0.08767123287671233,24,estimation,2012,2012-09-22,0.0024387021428571424,138,138,105,0,OK,OK,36,28.0,27.94998930865594,28.0,0.001789291966869256,0.248113,1.6400000000000001,0.010000000000000009,27.5,16,19,19.5,37.0,0.08009040320536687,0.0036439109649914914,0.00021635377064424012,4.679418003948767,4.039114570486639,3.959854387786297,4.702327085496228,True,0.08066447584679867,0.9928832037225146,10715.193052376071,740.0,0.07766419642687064,0,3.0,25.0,1.0,2.0,0.043478260869565216,0.08695652173913043,851.0,189.0
SLV,46,2012-09-24,2012-10-19,2012-09-21,25,0.0684931506849315,20,estimation,2012,2012-10-20,0.002160122857142857,112,112,103,0,OK,OK,47,33.0,32.93999112212604,33.0,0.0018217636322814125,0.303578,2.0900000000000003,0.010000000000000009,32.5,22,24,21.0,49.0,0.12372824001795765,0.004328269335484683,0.00019989882350705845,5.4967613060905105,5.167781508965282,4.453696431985134,6.390086185022147,True,0.12469733842298225,0.9922283954310448,15848.93192461114,1047.0,0.11897038113114516,0,0.0,4.0,0.0,0.0,0.0,0.0,912.0,397.0
SLV,47,2012-10-22,2012-11-16,2012-10-19,25,0.0684931506849315,18,estimation,2012,2012-11-17,0.002083128125,126,126,98,0,OK,OK,35,31.5,31.379982877177458,31.5,0.0038246395255311046,0.26013450000000005,1.71,0.010000000000000009,31.0,16,18,23.0,41.0,0.08716020828981474,0.0030596253638065295,0.0001447363997992451,4.384424625838883,4.106691955665492,3.790589604951691,4.738237006189614,True,0.08780097097828031,0.9927021002008728,11481.53621496884,746.0,0.08380844538238612,0,0.0,0.0,0.0,0.0,0.0,0.0,612.0,209.0
SLV,48,2012-11-19,2012-12-21,2012-11-16,32,0.08767123287671233,24,estimation,2012,2012-12-22,0.0021438385714285715,138,138,104,0,OK,OK,35,32.0,32.080015037650796,32.0,0.002494233171552005,0.2153705,1.63,0.010000000000000009,32.0,18,16,23.0,42.0,0.05858327225820431,0.00257067681558814,0.00010703376760647651,5.178656684924756,4.264305233208454,4.410397749712002,4.900441944124447,True,0.05890193486930925,0.9945899466322798,9120.108393559096,723.0,0.05680845794846688,0,0.0,0.0,0.0,0.0,0.0,0.0,828.0,259.0
SLV,49,2012-12-24,2013-01-18,2012-12-21,25,0.0684931506849315,18,estimation,2012,2013-01-19,0.002119068857142857,162,162,116,0,OK,OK,35,29.0,28.959994193910557,29.0,0.0013814162330825018,0.2412465,1.46,0.020000000000000018,28.5,13,21,22.0,39.0,0.07622586915768208,0.002740329381304716,0.0001475058299609058,4.09999280560673,4.967880775819048,3.612300765953211,5.835255083462879,True,0.07656490885599256,0.9955718657100714,8413.951416451948,632.0,0.07329465892057535,0,1.0,1.0,0.0,0.0,0.0,0.0,612.0,251.0
SLV,50,2013-01-22,2013-02-15,2013-01-18,24,0.06575342465753424,19,estimation,2013,2013-02-16,0.0020027633333333334,150,150,106,0,OK,OK,31,31.0,31.140018437610696,31.0,0.0044964147304929775,0.21819,1.3900000000000001,0.010000000000000009,31.0,14,16,24.0,40.0,0.05840425880821589,0.0019300862255388978,9.145414097667407e-05,4.574386869327173,4.555778486201433,4.035917827245521,5.189037206458528,True,0.05860130057733261,0.9966375870983155,7943.282347242822,715.0,0.05606843409439047,0,1.0,1.0,0.0,0.0,0.0,0.0,576.0,218.0
SLV,51,2013-02-19,2013-03-15,2013-02-15,24,0.06575342465753424,19,estimation,2013,2013-03-16,0.001998997142857143,110,110,69,0,OK,OK,14,28.0,28.455059809543776,28.0,0.01599222818681794,0.242404,1.4449999999999998,0.015000000000000013,28.0,5,8,23.0,36.0,0.0736713111791113,0.0025538007717420793,9.395226373486451e-05,3.1646677212172856,4.0431369497212435,2.8728503411457513,4.596560545833201,False,0.0716239997862034,1.0285841533427216,7498.942093324558,502.0,0.07072487785248803,0,0.0,0.0,0.0,0.0,0.0,0.0,270.0,91.0
SLV,52,2013-03-18,2013-04-19,2013-03-15,32,0.08767123287671233,24,estimation,2013,2013-04-20,0.0020778214285714284,138,138,99,0,OK,OK,30,28.0,27.959992712729623,28.0,0.0014308761694405907,0.198138,1.31,0.010000000000000009,27.5,12,17,21.5,37.0,0.052177645848897204,0.002426693564679245,0.00010741708247424875,4.195402532149972,5.057872964434644,3.718966143736265,5.888363060915753,True,0.05226473829324211,0.9983336289975039,7762.4711662869195,661.0,0.05010157341675703,0,2.0,10.0,1.0,0.0,0.043478260869565216,0.0,713.0,235.0
SLV,53,2013-04-22,2013-05-17,2013-04-19,25,0.0684931506849315,20,estimation,2013,2013-05-18,0.0019719488571428574,102,102,76,0,OK,OK,25,22.5,22.60001350741119,22.5,0.004425373789196794,0.324195,1.5299999999999998,0.009999999999999953,22.5,9,15,16.0,30.0,0.13944301569234752,0.004784678668187453,0.00020848923930864223,4.018194789285224,3.390649625680934,3.4048732846871164,3.9286999438697494,True,0.14013374211830704,0.9950709485415984,9120.108393559096,601.0,0.1340806845280658,0,0.0,0.0,0.0,0.0,0.0,0.0,494.0,139.0
SLV,54,2013-05-20,2013-06-21,2013-05-17,32,0.08767123287671233,24,estimation,2013,2013-06-22,0.0020043157142857143,150,150,99,0,OK,OK,24,22.5,22.309966610108784,22.5,0.008517869758043948,0.35787349999999996,1.9,0.010000000000000009,22.0,10,13,15.0,28.5,0.16001516027965368,0.007112368763755266,0.00028315218351800055,3.614364024384562,2.442921942699758,3.00273676575738,2.7882555682032812,True,0.1607029526428594,0.9957201012682434,16405.89773199539,787.0,0.15516729741908547,0,2.0,5.0,0.0,0.0,0.0,0.0,575.0,139.0
SLV,55,2013-06-24,2013-07-19,2013-06-21,25,0.0684931506849315,19,estimation,2013,2013-07-20,0.0019067751428571429,154,154,96,0,OK,OK,19,19.0,19.00500065304783,19.0,0.00026312301373312367,0.37719400000000003,1.495,0.015000000000000013,19.0,6,12,13.0,28.0,0.19607356367262313,0.006714005792682779,0.0004212953895950748,3.844249400939347,3.928084788164589,3.198963622719254,4.798445434078881,True,0.19326926086820115,1.0145098231960143,8609.937521846008,576.0,0.18853351755939482,0,0.0,0.0,0.0,0.0,0.0,0.0,360.0,154.0
SLV,56,2013-07-22,2013-08-16,2013-07-19,25,0.0684931506849315,20,estimation,2013,2013-08-17,0.00185862,120,120,83,0,OK,OK,23,20.0,19.78497262816874,20.0,0.010868216796272657,0.3161645,1.3250000000000002,0.015000000000000013,19.5,9,13,15.0,26.0,0.12449359677898449,0.0043697072499685975,0.0001609327715232681,3.17079383334313,3.4767712864588853,2.788953195792716,4.028487949478367,True,0.12444062391535916,1.0004256878658961,9120.108393559096,620.0,0.11970613949331985,0,0.0,0.0,0.0,0.0,0.0,0.0,456.0,158.0
SLV,57,2013-08-19,2013-09-20,2013-08-16,32,0.08767123287671233,24,estimation,2013,2013-09-21,0.0018842378571428573,88,88,65,0,OK,OK,21,22.0,22.36005947455642,22.0,0.016102795923514046,0.3532815,1.87,0.010000000000000009,22.0,5,15,16.0,31.5,0.15224797658901035,0.006806687930538374,0.00017701847725248298,3.0443661819656,3.431457049882693,2.6072286327886403,4.128112001915348,False,0.1431984533103513,1.0631956775332356,9549.92586021436,465.0,0.14093677546950634,0,0.0,0.0,0.0,0.0,0.0,0.0,506.0,153.0
SLV,58,2013-09-23,2013-10-18,2013-09-20,25,0.0684931506849315,20,estimation,2013,2013-10-19,0.0018010765714285715,146,146,97,0,OK,OK,24,21.0,20.799975326196332,21.0,0.009616582263525514,0.362449,1.5899999999999999,0.010000000000000009,20.5,7,16,15.0,30.0,0.15994782691776252,0.0055840379147618,0.000254438301048278,3.2931032935042333,4.014163820273281,2.828383861036003,4.885390305425823,True,0.1588401305969342,1.0069736553140918,12882.495516931323,847.0,0.15232366224423827,0,0.0,0.0,0.0,0.0,0.0,0.0,475.0,138.0
SLV,59,2013-10-21,2013-11-15,2013-10-18,25,0.0684931506849315,20,estimation,2013,2013-11-16,0.0017239525,102,102,75,0,OK,OK,24,21.5,21.429991733986302,21.5,0.0032668358850867,0.32111449999999997,1.44,0.009999999999999953,21.0,9,14,16.5,30.0,0.1274919019465602,0.004575249881475771,0.00015649659457567055,2.8696272676594883,4.244134248675186,2.549821215246471,5.099642430492942,True,0.12699345421415878,1.0039249875947216,11748.975549395303,762.0,0.1204906900679792,0,1.0,2.0,0.0,0.0,0.0,0.0,475.0,175.0
SLV,60,2013-11-18,2013-12-20,2013-11-15,32,0.08767123287671233,24,estimation,2013,2013-12-21,0.0017283785714285716,110,110,78,0,OK,OK,23,19.5,19.66502500419262,19.5,0.008391802408460589,0.28284149999999997,1.315,0.015000000000000013,19.5,9,13,15.0,26.5,0.09955019351855529,0.004398987141798365,0.00018431592917623414,3.1328023261563946,3.6625616572975397,2.7555367893814195,4.286390561259986,True,0.10017497224240132,0.9937631255606021,6606.9344800759645,459.0,0.09653408328230112,0,0.0,0.0,0.0,0.0,0.0,0.0,552.0,148.0
SLV,61,2013-12-23,2014-01-17,2013-12-20,25,0.0684931506849315,18,estimation,2013,2014-01-18,0.001724376,88,88,53,0,OK,OK,9,19.0,18.719966927822338,19.0,0.014959058061233352,0.2657945,1.07,0.010000000000000009,18.0,3,5,15.0,23.0,0.10190446280835569,0.004289298741081009,0.00014738936616216772,2.6210086752655792,3.5238185780354154,2.3959579267119024,3.9932632111865045,False,0.09635917048202781,1.0575481534200437,7762.4711662869195,477.0,0.0979858585098968,0,0.0,1.0,0.0,0.0,0.0,0.0,170.0,46.0
SLV,62,2014-01-21,2014-02-21,2014-01-17,31,0.08493150684931507,23,estimation,2014,2014-02-22,0.0016302464285714285,114,114,84,0,OK,OK,27,19.0,19.185025616741253,19.0,0.009644272592463778,0.26300500000000004,1.1749999999999998,0.014999999999999958,19.0,10,16,14.0,27.0,0.08922374905998086,0.0038358387586331383,0.00022087485374712286,3.9842310619587966,4.584592354857752,3.433349253143268,5.493358805029229,True,0.08937562925333122,0.9983006531576986,8709.635899560806,817.0,0.08643600081176206,0,2.0,5.0,1.0,1.0,0.045454545454545456,0.045454545454545456,616.0,220.0
SLV,63,2014-02-24,2014-03-21,2014-02-21,25,0.0684931506849315,20,estimation,2014,2014-03-22,0.0015204528571428572,104,104,78,0,OK,OK,26,21.0,21.175018225555156,21.0,0.008265316406856028,0.271672,1.205,0.014999999999999958,21.0,10,15,16.0,28.5,0.09683311628128519,0.0033505831174066676,0.00016213757098699024,3.824675593781273,4.29511191633511,3.348746382988239,5.023119574482359,True,0.09696371987553114,0.9986530674110523,8609.937521846008,739.0,0.09310926490225632,0,0.0,0.0,0.0,0.0,0.0,0.0,513.0,229.0
SLV,64,2014-03-24,2014-04-17,2014-03-21,24,0.06575342465753424,19,estimation,2014,2014-04-19,0.0014638579999999997,110,110,73,0,OK,OK,18,19.0,19.205019732953396,19.0,0.010675320088404166,0.2610635,1.055,0.015000000000000013,19.0,6,11,16.0,24.5,0.0873552909837403,0.0029298903232035985,0.00011888293681416599,2.5671121427071415,3.797768798305631,2.358643527602649,4.324179800604857,True,0.08679849922647877,1.00641476249271,5370.317963702527,425.0,0.08063648327501018,0,0.0,0.0,0.0,0.0,0.0,0.0,342.0,137.0
SLV,65,2014-04-21,2014-05-16,2014-04-17,25,0.0684931506849315,20,estimation,2014,2014-05-17,0.00152832,108,108,69,0,OK,OK,15,18.5,18.66501727301364,18.5,0.008840992247686008,0.23313,0.915,0.015000000000000013,18.5,5,9,16.0,23.0,0.06642686049646031,0.0023144320817536073,0.00012445663359555238,2.3795293643077606,3.5684822359406807,2.2148613491999942,3.9867504285599895,False,0.0658824574650797,1.0082632471879052,4677.351412871981,414.0,0.06387230994966839,0,0.0,0.0,0.0,0.0,0.0,0.0,304.0,109.0
SLV,66,2014-05-19,2014-06-20,2014-05-16,32,0.08767123287671233,24,estimation,2014,2014-06-21,0.0015188771428571429,82,82,58,0,OK,OK,17,18.5,18.625016646337265,18.5,0.0067122971598444405,0.211841,0.935,0.014999999999999986,18.5,6,10,15.5,24.0,0.0559695541554449,0.0024759631435266626,0.00015172832878504764,2.820750286791892,4.149611063638578,2.585300031775418,4.7397167249216,True,0.05539189785173105,1.0104285342462913,5011.872336272725,502.0,0.05427379477462897,0,0.0,0.0,0.0,0.0,0.0,0.0,414.0,156.0
SLV,67,2014-06-23,2014-07-18,2014-06-20,25,0.0684931506849315,19,estimation,2014,2014-07-19,0.0014827728571428572,104,104,70,0,OK,OK,18,20.0,20.060006093896526,20.0,0.002991329794001567,0.18866650000000001,0.79,0.010000000000000009,20.0,6,11,17.0,25.5,0.04947040138080785,0.0016985202321317153,0.00010431664660553785,3.291437312305473,4.920301405081637,3.0378959446233647,5.569475898476169,True,0.04903991864023675,1.0087782107415222,4265.795188015925,525.0,0.04756793911821917,0,0.0,0.0,0.0,0.0,0.0,0.0,342.0,132.0
SLV,68,2014-07-21,2014-08-15,2014-07-18,25,0.0684931506849315,20,estimation,2014,2014-08-16,0.0014889430434782609,102,102,66,0,OK,OK,15,20.0,20.110011218636068,20.0,0.005470470276720657,0.194899,0.82,0.009999999999999981,20.0,5,9,17.5,24.5,0.049290793897483684,0.0017029952877790984,8.782145244944401e-05,2.6178827742069957,3.978654975731887,2.4506248331883183,4.4111246997389735,False,0.048677457465551195,1.012600009611565,4570.881896148751,470.0,0.04739523026251825,0,3.0,5.0,1.0,1.0,0.05263157894736842,0.05263157894736842,304.0,117.0
SLV,69,2014-08-18,2014-09-19,2014-08-15,32,0.08767123287671233,24,estimation,2014,2014-09-20,0.001589647142857143,102,102,64,0,OK,OK,13,19.0,18.879983274875585,19.0,0.006356823699315814,0.175131,0.79,0.010000000000000009,18.5,4,8,16.5,22.5,0.039009608830902466,0.0019206808865922119,9.605993100032978e-05,2.2063465819322365,3.774836579279234,2.0848109663864434,4.169621932772887,False,0.038335881814667135,1.0175743190020365,6237.348354824191,573.0,0.037827753678748605,0,1.0,1.0,0.0,0.0,0.0,0.0,322.0,94.0
SLV,70,2014-09-22,2014-10-17,2014-09-19,25,0.0684931506849315,20,estimation,2014,2014-10-18,0.0015313148571428573,102,102,71,0,OK,OK,20,17.0,17.080008391206388,17.0,0.004684329736487703,0.23820599999999997,0.85,0.009999999999999981,17.0,9,10,12.5,22.0,0.08338408747195565,0.0028663937650072104,0.00018339698645850394,4.932274535710384,4.1357633450315126,4.246071703900511,4.717857448778345,True,0.08327946251339291,1.001256311645214,4518.559443749226,579.0,0.08017742871390421,0,0.0,0.0,0.0,0.0,0.0,0.0,399.0,157.0
SLV,71,2014-10-20,2014-11-21,2014-10-17,32,0.08767123287671233,25,estimation,2014,2014-11-22,0.001647217857142857,106,106,71,0,OK,OK,18,16.5,16.730033217531155,16.5,0.013749716724417866,0.258154,1.03,0.01999999999999999,16.5,8,9,12.5,21.0,0.08706543847426279,0.003913183424488406,0.0002001279814773602,3.6321325907564552,3.1550159825060398,3.171528595711673,3.5679696701756316,True,0.08676826367468411,1.003424925047398,5754.399373371566,509.0,0.08442756082962873,0,0.0,0.0,0.0,0.0,0.0,0.0,456.0,166.0
SLV,72,2014-11-24,2014-12-19,2014-11-21,25,0.0684931506849315,19,estimation,2014,2014-12-20,0.0014974214285714289,100,100,67,0,OK,OK,17,16.0,15.784977947800165,16.0,0.013621941881128885,0.27072700000000005,0.9149999999999999,0.02499999999999994,15.5,6,10,12.5,23.0,0.10312809620370109,0.003700421075568451,0.00025352470574350837,3.0360452685699144,5.5700818547513204,2.7317088753318997,6.8292721883297505,True,0.10261525888897957,1.0049976711092876,5188.000389289609,548.0,0.09573537579278371,0,0.0,1.0,0.0,0.0,0.0,0.0,324.0,102.0
SLV,73,2014-12-22,2015-01-16,2014-12-19,25,0.0684931506849315,18,estimation,2014,2015-01-17,0.001610044347826087,134,134,83,0,OK,OK,16,15.0,14.989998897169091,15.0,0.0006671850277986203,0.3098365,0.97,0.020000000000000018,14.5,7,8,11.0,18.5,0.1240572728413459,0.004818989638193358,0.00029656419238414895,3.406837703019386,3.004419010608868,2.9767604843377544,3.4020119821002903,True,0.12347158050967623,1.0047435396003843,7585.775750291836,626.0,0.11928657290217115,0,2.0,4.0,0.0,0.0,0.0,0.0,289.0,95.0
SLV,74,2015-01-20,2015-02-20,2015-01-16,31,0.08493150684931507,23,estimation,2015,2015-02-20,0.0017139342857142856,98,98,71,0,OK,OK,22,17.0,17.20502984341147,17.0,0.01191685485451132,0.34420799999999996,1.375,0.03500000000000003,17.0,8,13,13.0,25.5,0.14272084633588325,0.006132584285251785,0.00031357588457955426,2.67428075896106,4.042016786554518,2.3456094107442507,4.984419997831533,True,0.1419087294146754,1.00572281158853,8912.509381337459,597.0,0.14024957541881994,0,0.0,3.0,0.0,0.0,0.0,0.0,506.0,216.0
SLV,75,2015-02-23,2015-03-20,2015-02-20,25,0.0684931506849315,20,estimation,2015,2015-03-20,0.001705482857142857,116,116,73,0,OK,OK,15,15.5,15.63501577079684,15.5,0.008635473911642853,0.319974,1.045,0.015000000000000013,15.5,6,8,12.5,19.5,0.1197550219808516,0.004138654005110575,0.00021128154998776595,2.5687694232160347,2.7414812135853652,2.3112732556144544,3.081697674152606,True,0.1191504049884004,1.0050744014886903,5069.907082747044,379.0,0.1197550219808516,0,0.0,0.0,0.0,0.0,0.0,0.0,304.0,129.0
SLV,76,2015-03-23,2015-04-17,2015-03-20,25,0.0684931506849315,19,estimation,2015,2015-04-17,0.0016933202857142857,116,116,70,0,OK,OK,12,16.5,16.30997796236217,16.5,0.011650661826541831,0.270601,0.94,0.019999999999999962,16.0,5,6,13.5,19.0,0.08677639920259286,0.0031590967045436323,0.00015542042687985912,2.3990425315181603,2.4265945422390263,2.2063126585062975,2.6475751902075575,False,0.08553234294389896,1.0145448635671057,6382.6348619054825,476.0,0.08677639920259286,0,1.0,1.0,0.0,0.0,0.0,0.0,234.0,74.0
SLV,77,2015-04-20,2015-05-15,2015-04-17,25,0.0684931506849315,20,estimation,2015,2015-05-15,0.0017577843478260868,112,112,69,0,OK,OK,13,15.5,15.289974715278415,15.5,0.013736143364038292,0.25613549999999996,0.8400000000000001,0.010000000000000009,15.0,4,8,13.0,19.5,0.08070211953893948,0.0029502722952780137,0.00017196341837168543,2.134758968600219,3.9139144980762692,1.9890485751531573,4.475359294094604,False,0.0798943344210649,1.0101106683437318,4518.559443749226,424.0,0.08070211953893948,0,0.0,1.0,0.0,0.0,0.0,0.0,266.0,108.0
SLV,78,2015-05-18,2015-06-19,2015-05-15,32,0.08767123287671233,24,estimation,2015,2015-06-19,0.0018862435714285717,102,102,65,0,OK,OK,14,17.0,16.894982634787766,17.0,0.006215890686741339,0.24265,0.9750000000000001,0.015000000000000013,16.5,6,7,13.0,20.0,0.07239228836429995,0.003459310571703236,0.00018343663315982279,3.318314001101558,2.677520257102239,2.952400346013527,2.952400346013527,True,0.0713389644773446,1.0147650571419475,7852.356346100718,691.0,0.07239228836429995,0,4.0,4.0,1.0,1.0,0.043478260869565216,0.043478260869565216,345.0,133.0
SLV,79,2015-06-22,2015-07-17,2015-06-19,25,0.0684931506849315,19,estimation,2015,2015-07-17,0.0018174165714285714,114,114,68,0,OK,OK,11,15.5,15.489998755116648,15.5,0.0006456582109180699,0.2225195,0.72,0.010000000000000009,15.0,4,6,13.0,21.0,0.06675477266557067,0.0028193242230616666,0.00021837162109847089,2.4572568058165745,5.777734584723308,2.2895339568943007,6.868601870682903,False,0.0634286506295533,1.052438795449759,5248.074602497723,650.0,0.060417385193499984,0,1.0,3.0,0.0,1.0,0.0,0.05555555555555555,216.0,70.0
SLV,80,2015-07-20,2015-08-21,2015-07-17,32,0.08767123287671233,25,estimation,2015,2015-08-21,0.0019486007142857143,104,104,67,0,OK,OK,15,14.0,14.050008542541017,14.0,0.003559324707141588,0.2986,0.99,0.01999999999999999,14.0,7,7,10.5,17.5,0.1094032401902418,0.004801317895417837,0.00023945296900734805,3.2538268487381887,2.5238641817371574,2.8276239296103265,2.8276239296103265,True,0.1086022158218494,1.0073757645028754,6683.439175686149,575.0,0.1094032401902418,0,0.0,0.0,0.0,0.0,0.0,0.0,384.0,163.0
SLV,81,2015-08-24,2015-09-18,2015-08-21,25,0.0684931506849315,19,estimation,2015,2015-09-18,0.0019140645714285714,104,104,64,0,OK,OK,12,14.0,14.155020321880606,14.0,0.01095161422276294,0.34384349999999997,1.015,0.015000000000000013,14.0,5,6,11.5,17.0,0.13070814943550876,0.004537015981545045,0.0003114061423583036,2.185962447873692,2.1575777628895914,1.9843925231082915,2.38127102772995,False,0.1299398837660517,1.005912470037608,6309.57344480193,431.0,0.13070814943550876,0,0.0,0.0,0.0,0.0,0.0,0.0,234.0,58.0
SLV,82,2015-09-21,2015-10-16,2015-09-18,25,0.0684931506849315,20,estimation,2015,2015-10-16,0.0018890352173913045,106,106,64,0,OK,OK,11,14.5,14.505000646971723,14.5,0.0003447533091125513,0.259364,0.785,0.015000000000000013,14.5,5,5,12.0,17.0,0.08236847142006087,0.002820532569786658,0.00015757826217741537,2.7879453791512487,2.3433681805624667,2.5400293735156403,2.5400293735156403,False,0.08084379287094598,1.0188595623110954,4415.704473533126,426.0,0.08236847142006087,0,1.0,1.0,0.0,0.0,0.0,0.0,228.0,65.0
SLV,83,2015-10-19,2015-11-20,2015-10-16,32,0.08767123287671233,25,estimation,2015,2015-11-20,0.002020127142857143,108,108,66,0,OK,OK,12,15.0,15.105018597885763,15.0,0.0069525632957818904,0.24758550000000001,0.885,0.015000000000000013,15.0,5,6,12.5,18.0,0.07475493927439672,0.0033008528686434813,0.00018183891151409243,2.48704851530795,2.48704851530795,2.2735001454222035,2.7282001745066444,False,0.07410066994439309,1.008829465786134,3758.374042884443,307.0,0.07475493927439672,0,2.0,4.0,1.0,1.0,0.041666666666666664,0.041666666666666664,312.0,102.0
SLV,84,2015-11-23,2015-12-18,2015-11-20,25,0.0684931506849315,19,estimation,2015,2015-12-18,0.002134844285714286,102,102,62,0,OK,OK,11,13.5,13.449992688354882,13.5,0.00371801775687316,0.26266500000000004,0.74,0.009999999999999981,13.0,4,6,11.0,16.0,0.08782750808593902,0.0036063569620768347,0.0001795538012999851,2.4301401451945197,3.0205352780670958,2.2380040296479193,3.3570060444718792,False,0.08596954604565475,1.021611862871738,6025.5958607435805,527.0,0.08782750808593902,0,0.0,0.0,0.0,0.0,0.0,0.0,216.0,83.0
SLV,85,2015-12-21,2016-01-15,2015-12-18,25,0.0684931506849315,18,estimation,2015,2016-01-15,0.004179243043478261,122,122,72,0,OK,OK,11,13.5,13.61003149195465,13.5,0.008084587608757106,0.217603,0.62,0.010000000000000009,13.5,5,5,11.0,16.0,0.06476897357631038,0.0022506863526538692,0.0001762680438699787,3.5960825539154624,2.9833380425423623,3.2517547968416833,3.2517547968416833,False,0.06301924560616586,1.0277649780366989,3235.936569296281,453.0,0.06476897357631038,0,0.0,0.0,0.0,0.0,0.0,0.0,204.0,94.0
SLV,86,2016-01-19,2016-02-19,2016-01-15,31,0.08493150684931507,23,estimation,2016,2016-02-19,0.004353287142857143,104,104,63,0,OK,OK,11,13.5,13.369951926052545,13.5,0.00972689166473699,0.24414049999999998,0.77,0.020000000000000018,13.0,4,6,11.0,16.0,0.07365481350525123,0.00353142557108653,0.00022252293995685227,2.347917618535417,2.918337039452445,2.162282328430488,3.2434234926457317,False,0.07204578686709873,1.0223333897528337,5688.529308438413,508.0,0.07365481350525123,0,1.0,1.0,0.0,0.0,0.0,0.0,264.0,78.0
SLV,87,2016-02-22,2016-03-18,2016-02-19,25,0.0684931506849315,20,estimation,2016,2016-03-18,0.004358501714285714,96,96,64,0,OK,OK,16,14.5,14.449985071396078,14.5,0.003461244309720909,0.257658,0.78,0.020000000000000018,14.0,3,12,12.5,20.0,0.08234376817576526,0.0033355435190182917,0.0002341442570980123,1.6806320725120125,5.289387665805867,1.5888980055408002,6.355592022163201,False,0.08091726921930559,1.0176291040246739,6760.829753919818,654.0,0.08234376817576526,0,1.0,2.0,0.0,0.0,0.0,0.0,323.0,118.0
SLV,88,2016-03-21,2016-04-15,2016-03-18,25,0.0684931506849315,19,estimation,2016,2016-04-15,0.004300798260869565,102,102,69,0,OK,OK,18,15.0,15.070020623303042,15.0,0.004646352188448126,0.2511945,0.79,0.020000000000000018,15.0,4,13,13.0,24.0,0.08699135213984192,0.0029891705358898847,0.00019734956103517736,2.176749713078516,7.14936571356263,2.0281731937647574,9.126779371941408,False,0.0858416869001746,1.013392854697791,5011.872336272725,625.0,0.08339581497467417,0,0.0,3.0,0.0,0.0,0.0,0.0,342.0,185.0
SLV,89,2016-04-18,2016-05-20,2016-04-15,32,0.08767123287671233,25,estimation,2016,2016-05-20,0.004524068571428571,106,106,69,0,OK,OK,16,15.5,15.434974213893055,15.5,0.0042128859566487225,0.25825,0.9450000000000001,0.015000000000000013,15.0,5,10,12.5,20.0,0.08092106038695127,0.003966101323815862,0.0001974590200622344,2.384345208854894,3.7622176070986377,2.1796153736860755,4.359230747372151,False,0.08015505356645372,1.0095565630164849,6998.419960022731,568.0,0.08092106038695127,0,1.0,3.0,0.0,1.0,0.0,0.041666666666666664,408.0,127.0
SLV,90,2016-05-23,2016-06-17,2016-05-20,25,0.0684931506849315,19,estimation,2016,2016-06-17,0.004488068,102,102,63,0,OK,OK,12,15.5,15.600030744917062,15.5,0.006412214600900998,0.2670365,0.87,0.020000000000000018,15.5,4,7,13.5,19.0,0.08462940445337361,0.0029181945328572356,0.00016065968263538383,1.9767773399741384,2.9132740866876414,1.8463077736363864,3.2310386038636763,False,0.08344848469432294,1.014151482359164,5559.042572704037,447.0,0.08462940445337361,0,2.0,3.0,0.0,0.0,0.0,0.0,234.0,81.0
SLV,91,2016-06-20,2016-07-15,2016-06-17,25,0.0684931506849315,19,estimation,2016,2016-07-15,0.004462614782608695,96,96,65,0,OK,OK,17,16.5,16.655047384316088,16.5,0.009309333125169897,0.27946950000000004,0.975,0.01499999999999993,16.5,6,10,13.5,21.5,0.10200558448409121,0.003536410865054358,0.00016910039292094994,2.743632670986456,3.6189595988182037,2.4858751930214273,4.143125321702379,True,0.1012841301424462,1.0071230738777177,7943.282347242822,664.0,0.10200558448409121,0,4.0,13.0,1.0,1.0,0.05555555555555555,0.05555555555555555,324.0,92.0
SLV,92,2016-07-18,2016-08-19,2016-07-15,32,0.08767123287671233,25,estimation,2016,2016-08-19,0.004985965714285714,110,110,76,0,OK,OK,21,19.0,19.120052466557755,19.0,0.006278877464783903,0.26821249999999996,1.21,0.010000000000000009,19.0,8,12,15.0,25.0,0.08521598632463886,0.003753816085097047,0.00015726049987383595,2.9765918243477043,3.4556905700222034,2.6509334136780383,3.9764001205170576,True,0.0849918597295754,1.0026370360147028,6918.309709189362,519.0,0.08521598632463886,0,0.0,0.0,0.0,0.0,0.0,0.0,528.0,224.0
SLV,93,2016-08-22,2016-09-16,2016-08-19,25,0.0684931506849315,19,estimation,2016,2016-09-16,0.0050965117391304346,120,120,74,0,OK,OK,14,18.0,17.979993017258387,18.0,0.0011127358460266874,0.2395765,0.8999999999999999,0.01999999999999999,17.5,4,9,15.5,22.0,0.06589634613460359,0.002631957589709583,0.00012185273614454646,1.9355787545990997,3.6497837663321104,1.8227376271562814,4.101159661101633,False,0.06500241987186098,1.0137521997566368,7328.245331389045,576.0,0.06589634613460359,0,0.0,0.0,0.0,0.0,0.0,0.0,270.0,107.0
SLV,94,2016-09-19,2016-10-21,2016-09-16,32,0.08767123287671233,25,estimation,2016,2016-10-21,0.0055577149999999995,102,102,67,0,OK,OK,16,18.0,18.220107221499536,18.0,0.012080456982152741,0.244832,1.06,0.020000000000000018,18.0,5,10,15.5,23.0,0.06935864914216565,0.0031136258317362112,0.00014091620407105293,2.062702676951206,3.3813207199461637,1.9158908634438754,3.8317817268877508,False,0.06872542025322967,1.0092138962061308,5956.62143529011,432.0,0.06935864914216565,0,2.0,3.0,0.0,0.0,0.0,0.0,408.0,154.0
SLV,95,2016-10-24,2016-11-18,2016-10-21,25,0.0684931506849315,20,estimation,2016,2016-11-18,0.005288866,126,126,75,0,OK,OK,12,16.5,16.710076086510515,16.5,0.012571821063107098,0.240579,0.8500000000000001,0.020000000000000018,16.5,4,7,14.5,20.0,0.06683675731012297,0.002369122107812217,0.00014060058756584944,2.052204609514336,3.0553455194058308,1.925150843745303,3.369013976554281,False,0.06554776796025336,1.0196648854717865,5370.317963702527,470.0,0.06683675731012297,0,0.0,0.0,0.0,0.0,0.0,0.0,247.0,67.0
SLV,96,2016-11-21,2016-12-16,2016-11-18,25,0.0684931506849315,19,estimation,2016,2016-12-16,0.00551765652173913,108,108,66,0,OK,OK,12,15.5,15.750094498275242,16.0,0.01586692078273717,0.22745700000000002,0.785,0.015000000000000013,15.5,3,8,14.0,19.5,0.062278652915222305,0.0022621466960923175,0.00013274170731042786,1.709822642894384,3.8565650203588526,1.625686060864206,4.335162828971216,False,0.061138146860943945,1.0186545735001158,4315.19076827765,420.0,0.062278652915222305,0,0.0,0.0,0.0,0.0,0.0,0.0,234.0,83.0
SLV,97,2016-12-19,2017-01-20,2016-12-16,32,0.08767123287671233,22,estimation,2016,2017-01-20,0.007618982857142857,112,112,70,0,OK,OK,14,15.0,15.180120273976632,15.0,0.011865536683883416,0.243623,0.88,0.01999999999999999,15.0,5,8,12.5,19.0,0.07288077728257737,0.003264688621776988,0.00019279806815477901,2.52750007259896,3.277026941987655,2.310478363103767,3.6967653809660272,False,0.0719163799661919,1.013409981381694,4315.19076827765,392.0,0.07288077728257737,0,2.0,3.0,1.0,1.0,0.047619047619047616,0.047619047619047616,315.0,106.0
SLV,98,2017-01-23,2017-02-17,2017-01-20,25,0.0684931506849315,20,estimation,2017,2017-02-17,0.007768815,106,106,64,0,OK,OK,11,16.5,16.29989354955752,16.5,0.012276549526785823,0.21384950000000003,0.75,0.010000000000000009,16.0,4,6,14.0,19.0,0.05678904994448396,0.002119358969570323,0.00010875346416699563,2.3858963187202646,3.070565560005623,2.2334601173421964,3.350190176013294,False,0.0554458614701959,1.0242252250875399,4731.512589614803,464.0,0.05678904994448396,0,1.0,5.0,0.0,2.0,0.0,0.10526315789473684,228.0,70.0
SLV,99,2017-02-21,2017-03-17,2017-02-17,24,0.06575342465753424,19,estimation,2017,2017-03-17,0.007835676857142856,110,110,65,0,OK,OK,10,17.0,17.05002576776689,17.0,0.0029340581913643586,0.1979465,0.69,0.020000000000000018,17.0,3,6,15.5,20.0,0.04783958686988032,0.0015763256863469944,8.958897308451995e-05,1.8198665300033465,3.2018201777903785,1.7383423947732746,3.476684789546549,False,0.04672993991865047,1.0237459528764976,3758.374042884443,388.0,0.04783958686988032,0,2.0,2.0,0.0,0.0,0.0,0.0,198.0,72.0
SLV,100,2017-03-20,2017-04-21,2017-03-17,32,0.08767123287671233,24,estimation,2017,2017-04-21,0.009966645,114,114,68,0,OK,OK,11,16.5,16.530026225097565,16.5,0.0018164656660965275,0.17423349999999999,0.6799999999999999,0.010000000000000009,16.5,4,6,14.5,19.5,0.03759402997945929,0.0016481724793921688,9.769017158541666e-05,2.5046193325230326,3.2381493942680297,2.3495561792001864,3.5243342688002794,False,0.03661614181894536,1.0267064773058086,3548.133892335753,420.0,0.03759402997945929,0,2.0,2.0,1.0,1.0,0.043478260869565216,0.043478260869565216,276.0,90.0
SLV,101,2017-04-24,2017-05-19,2017-04-21,25,0.0684931506849315,20,estimation,2017,2017-05-19,0.00998374,102,102,61,0,OK,OK,10,17.0,17.0,17.0,0.0,0.17744749999999998,0.63,0.010000000000000009,17.0,4,5,15.0,19.5,0.04037787128645542,0.0013818585485391697,8.579956516448919e-05,2.6951503837222286,2.954365371202545,2.5333057979260216,3.1666322474075272,False,0.03913402642627959,1.0317842290651837,3162.2776601683795,393.0,0.04037787128645542,0,5.0,10.0,1.0,2.0,0.05263157894736842,0.10526315789473684,209.0,78.0
SLV,102,2017-05-22,2017-06-16,2017-05-19,25,0.0684931506849315,19,estimation,2017,2017-06-16,0.010227646956521739,102,102,61,0,OK,OK,10,16.5,16.249824807702943,16.0,0.015374000068266457,0.18745050000000002,0.66,0.009999999999999995,16.0,3,6,14.5,19.0,0.0450543717662297,0.0016636913597743884,9.111554962617928e-05,2.0066043573073737,3.5029989769268286,1.911001821935271,3.822003643870542,False,0.04353928500027606,1.0347981544929834,3715.3522909717276,407.0,0.0450543717662297,0,0.0,0.0,0.0,0.0,0.0,0.0,198.0,83.0
SLV,103,2017-06-19,2017-07-21,2017-06-16,32,0.08767123287671233,24,estimation,2017,2017-07-21,0.012333116428571428,102,102,59,0,OK,OK,8,15.5,15.630140639758263,15.5,0.008326261596599167,0.1663405,0.62,0.010000000000000009,15.5,3,4,14.0,17.5,0.033368319346423,0.0014963498684068724,8.192479262885037e-05,2.066556975852071,2.4640645184124987,1.9648662880831442,2.6198217174441925,False,0.03192908659008931,1.0450759138465433,3126.0793671239558,342.0,0.033368319346423,0,0.0,0.0,0.0,0.0,0.0,0.0,207.0,63.0
SLV,104,2017-07-24,2017-08-18,2017-07-21,25,0.0684931506849315,20,estimation,2017,2017-08-18,0.012403757714285715,102,102,60,0,OK,OK,9,15.5,15.600084993343508,15.5,0.006415669747069557,0.186483,0.61,0.010000000000000009,15.5,3,5,14.0,18.0,0.042101287455611015,0.0014614298413808257,9.940646701156645e-05,2.085504463596295,3.063871523150244,1.9828814119570668,3.304802353261778,False,0.04036306355500328,1.043064716785906,2917.427014001166,359.0,0.042101287455611015,0,1.0,1.0,0.0,0.0,0.0,0.0,190.0,72.0
SLV,105,2017-08-21,2017-09-15,2017-08-18,25,0.0684931506849315,19,estimation,2017,2017-09-15,0.012426408695652173,100,100,61,0,OK,OK,11,16.0,16.08006811889536,16.0,0.004979339534095123,0.1990095,0.6699999999999999,0.010000000000000009,16.0,3,7,14.5,19.5,0.05090222903648029,0.0017542545944505387,9.769017158541666e-05,1.8900554500134208,3.7982664340668246,1.8000057636579034,4.200013448535108,False,0.04946498619402947,1.0290557615201417,3548.133892335753,396.0,0.05090222903648029,0,1.0,1.0,0.0,0.0,0.0,0.0,216.0,78.0
SLV,106,2017-09-18,2017-10-20,2017-09-15,32,0.08767123287671233,25,estimation,2017,2017-10-20,0.012571360714285716,108,108,64,0,OK,OK,10,16.5,16.284762907829883,16.5,0.013217084791982373,0.1871175,0.745,0.015000000000000013,16.0,3,6,14.5,19.0,0.04141140303919525,0.001971499038446334,9.111554962617934e-05,1.7767607957154976,3.1017530820011516,1.6921089129456963,3.3842178258913926,False,0.040210059994969,1.0298766787310578,4216.965034285822,391.0,0.04141140303919525,0,0.0,0.0,0.0,0.0,0.0,0.0,264.0,95.0
SLV,107,2017-10-23,2017-11-17,2017-10-20,25,0.0684931506849315,20,estimation,2017,2017-11-17,0.012488684857142858,100,100,58,0,OK,OK,8,16.0,16.160136920851777,16.0,0.0099093789635624,0.1718695,0.59,0.010000000000000009,16.0,3,4,14.5,18.0,0.037598618279037335,0.0013365657525557858,7.688573997075011e-05,2.188515065671605,2.618546905217533,2.0842455876271098,2.778994116836146,False,0.035920748790718514,1.0467103149239574,2985.3826189179604,343.0,0.037598618279037335,0,0.0,0.0,0.0,0.0,0.0,0.0,171.0,50.0
SLV,108,2017-11-20,2017-12-15,2017-11-17,25,0.0684931506849315,19,estimation,2017,2017-12-15,0.012915714782608697,92,92,54,0,OK,OK,8,16.0,16.010008850294064,16.0,0.0006251620712801657,0.1735315,0.5800000000000001,0.009999999999999981,16.0,3,4,14.5,18.0,0.03656751541377202,0.0012514003040038793,7.688573997075007e-05,2.1675545366659414,2.59346774116679,2.064283700784454,2.7523782677126056,False,0.03490780579327405,1.047545515473727,2786.121168629772,342.0,0.03656751541377202,0,0.0,0.0,0.0,0.0,0.0,0.0,162.0,48.0
SLV,109,2017-12-18,2018-01-19,2017-12-15,32,0.08767123287671233,22,estimation,2017,2018-01-19,0.015242529714285713,96,96,58,0,OK,OK,10,15.0,15.240320933918603,15.0,0.015768758083286104,0.161999,0.61,0.010000000000000009,15.0,3,6,13.5,18.0,0.035509230961724585,0.0016826614904172303,0.00010335826313639498,2.1965292800970815,3.800993525804335,2.0847746106621488,4.1695492213242975,False,0.034190806262190884,1.0385607958298324,4365.158322401661,537.0,0.035509230961724585,0,4.0,6.0,2.0,2.0,0.09523809523809523,0.09523809523809523,231.0,84.0
SLV,110,2018-01-22,2018-02-16,2018-01-19,25,0.0684931506849315,20,estimation,2018,2018-02-16,0.015570882608695652,90,90,54,0,OK,OK,9,16.0,16.065069359401857,16.0,0.004050362805547183,0.165167,0.5549999999999999,0.015000000000000013,16.0,3,5,14.5,18.5,0.035310512763946554,0.0012162359029850981,8.907315436994661e-05,2.277325313648888,3.3586593005931467,2.168824565577128,3.6147076092952135,False,0.03375258674430154,1.0461572332647375,2600.159563165272,360.0,0.035310512763946554,0,0.0,0.0,0.0,0.0,0.0,0.0,190.0,53.0
SLV,111,2018-02-20,2018-03-16,2018-02-16,24,0.06575342465753424,19,estimation,2018,2018-03-16,0.015932358571428572,92,92,56,0,OK,OK,10,15.5,15.555057648583903,15.5,0.003539533560578931,0.186683,0.595,0.015000000000000013,15.5,2,7,14.5,19.0,0.045962357553717886,0.0015158111304040072,0.0001074295743689241,1.3931751142885398,4.253158671109542,1.3477344876099366,4.717070706634779,False,0.0444143384621672,1.034854039149301,3019.9517204020162,364.0,0.045962357553717886,0,0.0,0.0,0.0,0.0,0.0,0.0,198.0,67.0
SLV,112,2018-03-19,2018-04-20,2018-03-16,32,0.08767123287671233,24,estimation,2018,2018-04-20,0.01873047142857143,92,92,58,0,OK,OK,12,15.5,15.424876739559076,15.5,0.004870266499327045,0.1615885,0.595,0.015000000000000013,15.0,3,8,13.5,19.0,0.03599835047928275,0.001975918613403886,0.00012799390005509162,2.20210935089098,4.940692776329123,2.090070779496421,5.573522078657122,False,0.034877559140312264,1.0321350279835109,3890.4514499428046,462.0,0.03599835047928275,0,1.0,5.0,0.0,3.0,0.0,0.13043478260869565,299.0,118.0
SLV,113,2018-04-23,2018-05-18,2018-04-20,25,0.0684931506849315,20,estimation,2018,2018-05-18,0.018923124,92,92,56,0,OK,OK,10,15.5,15.70025938893797,15.5,0.012755164356014951,0.174998,0.5900000000000001,0.010000000000000009,15.5,2,7,14.5,19.0,0.04008205774999717,0.0014542498196859913,9.111554962617927e-05,1.4561731228591404,4.445482323510923,1.4086777157300454,4.930372005055159,False,0.038362088255064236,1.0448351373235236,4027.170343254591,505.0,0.04008205774999717,0,0.0,0.0,0.0,0.0,0.0,0.0,209.0,67.0
SLV,114,2018-05-21,2018-06-15,2018-05-18,25,0.0684931506849315,19,estimation,2018,2018-06-15,0.019338560434782607,94,94,57,0,OK,OK,10,15.5,15.580106034923961,15.5,0.005141559033320934,0.16881600000000002,0.55,0.009999999999999995,15.5,3,6,14.0,19.0,0.039645580735478914,0.0013692652838917863,0.00011711490721538982,2.3037575163777593,4.608274782305968,2.1903947158207138,5.110921003581666,False,0.03784298378348044,1.0476335841357562,2722.701308077913,427.0,0.039645580735478914,0,1.0,1.0,0.0,0.0,0.0,0.0,198.0,73.0
SLV,115,2018-06-18,2018-07-20,2018-06-15,32,0.08767123287671233,24,estimation,2018,2018-07-20,0.021198066428571426,84,84,51,0,OK,OK,9,15.5,15.560111611317598,15.5,0.0038631863844650286,0.160498,0.5900000000000001,0.010000000000000009,15.5,2,6,14.5,18.5,0.032898690578156566,0.0014469628530148874,8.419034186994658e-05,1.403367731742733,3.723102851775605,1.3575946566017196,4.072783969805159,False,0.0316783329554851,1.0385234167589037,3162.2776601683795,370.0,0.032898690578156566,0,2.0,2.0,0.0,0.0,0.0,0.0,230.0,77.0
SLV,116,2018-07-23,2018-08-17,2018-07-20,25,0.0684931506849315,20,estimation,2018,2018-08-17,0.020641368285714282,90,90,54,0,OK,OK,9,14.5,14.5,14.5,0.0,0.17488700000000001,0.53,0.010000000000000009,14.5,3,5,13.0,17.0,0.04217367383276636,0.0014422633953458748,0.0001022718478558405,2.385825754538919,3.475303165949462,2.2601754679278976,3.766959113213163,False,0.040338901676633974,1.0454839393209152,2660.7250597988086,378.0,0.04217367383276636,0,0.0,0.0,0.0,0.0,0.0,0.0,190.0,80.0
SLV,117,2018-08-20,2018-09-21,2018-08-17,32,0.08767123287671233,24,estimation,2018,2018-09-21,0.020993965,78,78,48,0,OK,OK,9,14.0,13.909834196449046,14.0,0.0064821623520122445,0.17413849999999997,0.5800000000000001,0.010000000000000009,13.5,3,5,12.0,16.0,0.04062748101388323,0.002237615174404534,0.00011779970348034603,2.284332860454571,3.2950921204268733,2.15493479904187,3.5915579984031165,False,0.0390084796149364,1.0415038323699986,4216.965034285822,444.0,0.04062748101388323,0,2.0,0.0,0.0,0.0,0.0,0.0,230.0,90.0
SLV,118,2018-09-24,2018-10-19,2018-09-21,25,0.0684931506849315,20,estimation,2018,2018-10-19,0.022280962,96,96,55,0,OK,OK,7,13.5,13.439908364498363,13.5,0.004471134316686978,0.1728315,0.49,0.010000000000000009,13.0,1,5,12.5,15.5,0.039924757908119515,0.0019368706401462538,9.806941707337692e-05,0.8670996579673008,3.8886273213398708,0.8503156664836428,4.251578332418214,False,0.03755308112300331,1.0631553181308318,6025.5958607435805,564.0,0.039924757908119515,0,0.0,3.0,0.0,2.0,0.0,0.10526315789473684,152.0,40.0
SLV,119,2018-10-22,2018-11-16,2018-10-19,25,0.0684931506849315,20,estimation,2018,2018-11-16,0.022975477826086957,84,84,49,0,OK,OK,7,13.5,13.710330729361614,13.5,0.015341039797907718,0.173983,0.52,0.010000000000000009,13.5,2,4,12.5,15.5,0.0397959348353284,0.0014819096603248733,9.067296736923488e-05,1.6902095335643348,3.0340418440077714,1.6268062949992605,3.253612589998521,False,0.03724444729479376,1.0685065218001317,2786.121168629772,342.0,0.0397959348353284,0,0.0,0.0,0.0,0.0,0.0,0.0,152.0,44.0
SLV,120,2018-11-19,2018-12-21,2018-11-16,32,0.08767123287671233,23,estimation,2018,2018-12-21,0.02344966642857143,76,76,49,0,OK,OK,11,13.5,13.580164638071828,13.5,0.005903068203391848,0.1959265,0.63,0.010000000000000009,13.5,3,7,12.0,17.0,0.04927218047385651,0.0021730349932084993,0.0001356329589669516,2.0303036997050845,3.973688013226116,1.915295345463491,4.469022472748145,False,0.04766992030759686,1.0336115553774967,3126.0793671239558,391.0,0.04927218047385651,0,0.0,0.0,0.0,0.0,0.0,0.0,264.0,111.0
SLV,121,2018-12-24,2019-01-18,2018-12-21,25,0.0684931506849315,18,estimation,2018,2019-01-18,0.02519032714285714,100,100,59,0,OK,OK,9,14.0,13.919861851666306,14.0,0.005757108022167654,0.193163,0.5700000000000001,0.010000000000000009,13.5,1,7,13.0,17.5,0.04725836128702564,0.002098445623911873,0.00012139793822708966,0.7465487217642521,5.133441112672794,0.7326367876427067,5.861094301141653,False,0.04480378488067046,1.0547850234727412,3935.5007545577723,431.0,0.04725836128702564,0,1.0,5.0,0.0,0.0,0.0,0.0,170.0,59.0
SLV,122,2019-01-22,2019-02-15,2019-01-18,24,0.06575342465753424,19,estimation,2019,2019-02-15,0.025192494545454545,76,76,44,0,OK,OK,6,14.5,14.409850792101931,14.5,0.006256081981603846,0.156731,0.47000000000000003,0.01999999999999999,14.0,1,4,13.5,16.0,0.03165709680729541,0.0014668638706862905,8.791385040228652e-05,0.9049010163234069,3.322532862708215,0.8886441279582146,3.5545765118328583,False,0.029339037611145338,1.0790093808417724,4841.7236758409945,459.0,0.03165709680729541,0,0.0,2.0,0.0,0.0,0.0,0.0,126.0,40.0
SLV,123,2019-02-19,2019-03-15,2019-02-15,24,0.06575342465753424,19,estimation,2019,2019-03-15,0.0250054219047619,80,80,46,0,OK,OK,6,15.0,15.04006582178201,15.0,0.002663939257764673,0.158771,0.49,0.010000000000000009,15.0,2,3,14.0,16.5,0.03057528122885898,0.001007124723565568,6.511100829158608e-05,1.6946259476143841,2.3410404624012315,1.6374889280504752,2.456233392075713,False,0.028288777386925815,1.0808272415120321,2344.228815319923,302.0,0.03057528122885898,0,5.0,6.0,2.0,2.0,0.1111111111111111,0.1111111111111111,126.0,43.0
SLV,124,2019-03-18,2019-04-18,2019-03-15,31,0.08493150684931507,24,estimation,2019,2019-04-18,0.02518983107142857,94,94,53,0,OK,OK,6,14.5,14.40980724695668,14.5,0.006259122797244127,0.140963,0.48000000000000004,0.009999999999999981,14.0,1,4,13.5,16.0,0.025778310821357526,0.0015198637156879507,7.602324398135904e-05,0.8852697420737116,3.250452543806088,0.8693655369613688,3.477462147845475,False,0.02376894051189293,1.0845376472905552,4027.170343254591,370.0,0.025778310821357526,0,4.0,0.0,2.0,0.0,0.08695652173913043,0.0,161.0,43.0
SLV,125,2019-04-22,2019-05-17,2019-04-18,25,0.0684931506849315,20,estimation,2019,2019-05-17,0.02497778,78,78,44,0,OK,OK,5,14.0,14.100171227111426,14.0,0.007104256075899249,0.143601,0.43000000000000005,0.010000000000000009,14.0,1,3,13.5,15.5,0.026554634303303844,0.0009334046821300266,5.9880067960950875e-05,0.9676852755981933,2.708275909532858,0.9503004443135992,2.8509013329407975,False,0.024105183156675113,1.1016151228019373,1883.649089489802,242.0,0.026554634303303844,0,0.0,0.0,0.0,0.0,0.0,0.0,114.0,38.0
SLV,126,2019-05-20,2019-06-21,2019-05-17,32,0.08767123287671233,24,estimation,2019,2019-06-21,0.024686470714285712,76,76,44,0,OK,OK,6,13.5,13.590194997338664,13.5,0.006636769918042105,0.14221050000000002,0.46,0.010000000000000009,13.5,2,3,12.5,15.0,0.025812852322487798,0.0011513463653650851,8.026714010596746e-05,1.8277244179602057,2.5021749227127885,1.7591627130343286,2.638744069551493,False,0.02371141448491371,1.0886255789974537,2162.71852372702,303.0,0.025812852322487798,0,1.0,1.0,0.0,0.0,0.0,0.0,161.0,36.0
SLV,127,2019-06-24,2019-07-19,2019-06-21,25,0.0684931506849315,19,estimation,2019,2019-07-19,0.02418153657142857,74,74,47,0,OK,OK,10,14.5,14.5,14.5,0.0,0.1947135,0.59,0.010000000000000009,14.5,2,7,13.5,18.0,0.0489230159547847,0.0016726730587612343,0.00010335826313639493,1.4022875557775925,4.243092222191737,1.3533569648381039,4.736749376933364,False,0.04721318199460472,1.036215181607022,3630.780547701014,448.0,0.0489230159547847,0,0.0,0.0,0.0,0.0,0.0,0.0,198.0,84.0
SLV,128,2019-07-22,2019-08-16,2019-07-19,25,0.0684931506849315,20,estimation,2019,2019-08-16,0.023254680869565218,80,80,51,0,OK,OK,11,15.5,15.389824653892925,15.5,0.007158973450630317,0.2272255,0.74,0.010000000000000009,15.0,2,8,14.0,19.0,0.06077125883691327,0.0024150538994907452,0.00010387065166699552,1.160175208322029,3.975083134313774,1.1210580487690451,4.4842321950761805,False,0.05902843037592348,1.0295252380910447,4265.795188015925,367.0,0.06077125883691327,0,0.0,2.0,0.0,0.0,0.0,0.0,228.0,82.0
SLV,129,2019-08-19,2019-09-20,2019-08-16,32,0.08767123287671233,24,estimation,2019,2019-09-20,0.021893177857142856,82,82,54,0,OK,OK,13,16.0,15.819654175877455,16.0,0.011400111666002473,0.222654,0.8500000000000001,0.010000000000000009,15.5,3,9,14.0,20.0,0.05623066394975053,0.0026724224106749496,0.00011669527362623293,1.5438847747703677,3.8663180030440247,1.4679136273900053,4.403740882170016,False,0.055082520015432915,1.0208440705689559,3758.374042884443,328.0,0.05623066394975053,0,0.0,1.0,0.0,0.0,0.0,0.0,322.0,69.0
SLV,130,2019-09-23,2019-10-18,2019-09-20,25,0.0684931506849315,20,estimation,2019,2019-10-18,0.020202402857142858,102,102,72,0,OK,OK,21,17.5,17.51001384684014,17.5,0.00057189257117266,0.2952485,1.08,0.010000000000000009,17.5,6,14,14.5,25.0,0.10901532643441482,0.0037284026484357257,0.0001548330853416106,2.433700993079778,4.615952484758459,2.218563859591532,5.546409648978829,True,0.1083259943981531,1.0063634960388923,6237.348354824191,520.0,0.10901532643441482,0,2.0,4.0,1.0,1.0,0.05263157894736842,0.05263157894736842,418.0,210.0
SLV,131,2019-10-21,2019-11-15,2019-10-18,25,0.0684931506849315,20,estimation,2019,2019-11-15,0.018524082173913044,84,84,56,0,OK,OK,14,16.5,16.419898433761254,16.5,0.004878322881343002,0.2232815,0.77,0.009999999999999981,16.0,3,10,14.5,21.0,0.06199755990232182,0.002464439945582762,0.00011555794580198407,1.6845954101860026,4.653575275666574,1.6043346494119646,5.347782164706548,False,0.06079792500930411,1.0197315104558935,4954.501908047905,466.0,0.06199755990232182,0,0.0,0.0,0.0,0.0,0.0,0.0,285.0,100.0
SLV,132,2019-11-18,2019-12-20,2019-11-15,32,0.08767123287671233,24,estimation,2019,2019-12-20,0.017519517857142855,98,98,62,0,OK,OK,13,16.0,15.949923143104142,16.0,0.003139629981070379,0.174331,0.6599999999999999,0.010000000000000009,15.5,3,9,14.0,20.0,0.04171801092712789,0.0022465734920053704,0.00011669527362623297,1.9718358791134187,4.938026906572922,1.8748062065432665,5.6244186196298,False,0.040772196920662085,1.0231975237514488,5128.613839913648,533.0,0.04171801092712789,0,0.0,0.0,0.0,0.0,0.0,0.0,322.0,142.0
SLV,133,2019-12-23,2020-01-17,2019-12-20,25,0.0684931506849315,18,estimation,2019,2020-01-17,0.01756738142857143,98,98,57,0,OK,OK,8,16.5,16.309771245796256,16.5,0.01166348389176669,0.15620099999999998,0.56,0.010000000000000009,16.0,1,6,15.5,19.0,0.030221520523759014,0.001220932022332877,6.811383209414072e-05,0.7766378315461597,4.2038073362169435,0.7644386549439026,4.586631929663416,False,0.028575390086905444,1.0576065779626191,3589.2193464500497,401.0,0.030221520523759014,0,0.0,1.0,0.0,0.0,0.0,0.0,153.0,39.0
SLV,134,2020-01-21,2020-02-21,2020-01-17,31,0.08493150684931507,23,estimation,2020,2020-02-21,0.016758222857142856,88,88,53,0,OK,OK,9,16.5,16.670242133463834,16.5,0.010212337175480481,0.16244,0.64,0.009999999999999967,16.5,2,6,15.5,19.5,0.03426373793207052,0.0015061177798843498,7.468845405337801e-05,1.320669212298341,3.5288216039648233,1.2802319466123406,3.840695839837022,False,0.03313257394664225,1.0341405405825075,3548.133892335753,352.0,0.03426373793207052,0,1.0,1.0,0.0,0.0,0.0,0.0,220.0,64.0
SLV,135,2020-02-24,2020-03-20,2020-02-21,25,0.0684931506849315,20,estimation,2020,2020-03-20,0.016314697142857142,88,88,58,0,OK,OK,14,17.5,17.424916144781193,17.5,0.004308993776207923,0.2475725,0.905,0.015000000000000013,17.0,4,9,15.0,21.5,0.07088093170869833,0.0027367459913211754,0.00011340092772302021,1.931748064569167,3.6244769413843194,1.815746016126499,4.085428536284623,False,0.06984822591600243,1.0147849967433362,6918.309709189362,551.0,0.07088093170869833,0,3.0,20.0,0.0,1.0,0.0,0.05263157894736842,285.0,103.0
SLV,136,2020-03-23,2020-04-17,2020-03-20,25,0.0684931506849315,19,estimation,2020,2020-04-17,0.00823053794871795,92,92,72,0,OK,OK,26,12.5,12.339909776895256,12.5,0.01297337063229508,0.7363895,1.9100000000000001,0.040000000000000036,12.0,10,15,7.0,22.0,0.6267904562844081,0.021854278969832212,0.0009505872709577006,2.796757337705229,3.1451312837406897,2.162009504316081,4.324019008632162,True,0.6274393346379404,0.9989658309294447,13489.628825916532,641.0,0.6267904562844081,0,3.0,23.0,2.0,2.0,0.1111111111111111,0.1111111111111111,486.0,147.0
SLV,137,2020-04-20,2020-05-15,2020-04-17,25,0.0684931506849315,20,estimation,2020,2020-05-15,0.00571061,64,64,54,0,OK,OK,22,14.5,14.25990610859787,14.5,0.016836989638898705,0.37798,1.15,0.010000000000000009,14.0,8,13,10.0,22.0,0.19581344633458822,0.0068755745729888185,0.0002969911708715304,3.401393224311705,4.569111415632317,2.8882817948860184,5.776563589772037,True,0.1953841878013581,1.002196997300859,9549.92586021436,807.0,0.19581344633458822,0,0.0,1.0,0.0,0.0,0.0,0.0,437.0,110.0
SLV,138,2020-05-18,2020-06-19,2020-05-15,32,0.08767123287671233,24,estimation,2020,2020-06-19,0.0017631514285714287,82,82,66,0,OK,OK,25,16.0,15.774965217338373,16.0,0.014265310861940269,0.379783,1.435,0.015000000000000013,15.5,7,17,12.0,27.0,0.16422181926585006,0.007354976003509491,0.0002489399504145576,2.2759506693300504,4.9354463381899905,2.0080395783471614,6.597844328854959,True,0.16375580032027334,1.0028458164209468,8810.488730080147,584.0,0.16422181926585006,0,0.0,3.0,0.0,0.0,0.0,0.0,598.0,186.0
SLV,139,2020-06-22,2020-07-17,2020-06-19,25,0.0684931506849315,19,estimation,2020,2020-07-17,0.001668651142857143,86,86,72,0,OK,OK,29,16.5,16.540004571908227,16.5,0.002418655432306921,0.328041,1.13,0.010000000000000009,16.5,10,18,11.5,29.0,0.15208110164651853,0.005210600493447403,0.000282259301673524,4.205053808604808,6.568673810192009,3.5296720900543015,8.824180225135754,True,0.15237215663179146,0.9980898414007733,7673.614893618185,814.0,0.15208110164651853,0,1.0,8.0,0.0,0.0,0.0,0.0,540.0,235.0
SLV,140,2020-07-20,2020-08-21,2020-07-17,32,0.08767123287671233,25,estimation,2020,2020-08-21,0.001767662857142857,90,90,79,0,OK,OK,34,18.5,18.555008524185503,18.5,0.0029646186426593208,0.3120915,1.365,0.015000000000000013,18.5,15,18,11.0,31.0,0.13320130067501293,0.005842476282280093,0.0003100131523680794,5.625858692383056,5.586262779929713,4.387115189226047,7.311858648710078,True,0.13423692967753792,0.9922850663747095,11748.975549395303,1233.0,0.13320130067501293,0,7.0,44.0,4.0,4.0,0.16666666666666666,0.16666666666666666,840.0,140.0
SLV,141,2020-08-24,2020-09-18,2020-08-21,25,0.0684931506849315,19,estimation,2020,2020-09-18,0.0015312342857142856,144,144,133,0,OK,OK,61,24.5,24.615012061724478,24.5,0.004672435724836308,0.500428,2.5650000000000004,0.015000000000000013,24.5,20,40,14.0,54.0,0.2926363075885354,0.010031757733490007,0.00028037285751590613,4.27292022690852,6.034382208170884,3.2723371379030066,9.193709101727496,True,0.29366987275832945,0.9964805202519205,23173.946499684796,1285.0,0.2926363075885354,0,0.0,28.0,0.0,1.0,0.0,0.05555555555555555,1116.0,321.0
SLV,142,2020-09-21,2020-10-16,2020-09-18,25,0.0684931506849315,20,estimation,2020,2020-10-16,0.00144945,148,148,138,0,OK,OK,64,23.0,23.025002482058134,23.0,0.0010858840114183386,0.4715355,2.265,0.014999999999999902,23.0,20,43,11.0,54.0,0.2880161528177572,0.009863178492569067,0.000403592268289496,5.976987107899472,6.916085986751427,4.22780982176986,10.92184203957214,True,0.28992653099008553,0.9934108197486982,18197.008586099826,1415.0,0.2880161528177572,0,0.0,45.0,0.0,2.0,0.0,0.10526315789473684,1235.0,491.0
SLV,143,2020-10-19,2020-11-20,2020-10-16,32,0.08767123287671233,25,estimation,2020,2020-11-20,0.001469487142857143,148,148,137,0,OK,OK,63,22.5,22.59001159560438,22.5,0.003984575006676633,0.4508435,2.4,0.010000000000000009,22.5,18,44,12.0,54.0,0.25835527478596865,0.011331704814517514,0.0003425984129153794,4.708970717156189,6.558224399538845,3.495846955123898,10.487540865371693,True,0.25983714153762516,0.9942969402184486,15310.87461682032,927.0,0.25835527478596865,0,0.0,43.0,0.0,2.0,0.0,0.08333333333333333,1536.0,498.0
SLV,144,2020-11-23,2020-12-18,2020-11-20,25,0.0684931506849315,19,estimation,2020,2020-12-18,0.0014092522222222221,92,92,80,0,OK,OK,34,22.0,21.929993242985162,22.0,0.003192283565214096,0.3400025,1.56,0.009999999999999953,21.5,11,22,15.0,36.0,0.14896751110037737,0.0053011090973209595,0.00020761191916747747,4.045760002607098,5.7928775028801365,3.3975762663722744,7.579208594215073,True,0.14910502615957644,0.9990777302231791,8317.63771102671,652.0,0.14896751110037737,0,1.0,5.0,0.0,0.0,0.0,0.0,630.0,144.0
SLV,145,2020-12-21,2021-01-15,2020-12-18,25,0.0684931506849315,18,estimation,2020,2021-01-15,0.0013487327272727273,148,148,127,0,OK,OK,53,24.5,24.384989375929585,24.5,0.0047164516784223695,0.453485,2.315,0.015000000000000013,24.0,13,39,17.5,52.0,0.23686166185450425,0.008239599981318005,0.00021548145404359456,2.6613282140490786,6.514778691038695,2.2819998756763034,9.830153310605615,True,0.2374002711132681,0.9977312188556563,16595.86907437563,783.0,0.23686166185450425,0,0.0,25.0,0.0,1.0,0.0,0.058823529411764705,918.0,363.0
SLV,146,2021-01-19,2021-02-19,2021-01-15,31,0.08493150684931507,23,estimation,2021,2021-02-19,0.0013149177777777776,106,106,96,0,OK,OK,43,23.5,23.379986597897865,23.5,0.0051331681307689656,0.3685365,2.01,0.010000000000000009,23.0,15,27,15.5,38.0,0.1629596813491494,0.007055891919696943,0.00020035418552686058,3.674530009074351,4.6748570069134265,3.0361170148038483,6.072234029607697,True,0.16397198137378916,0.9938263841410069,15848.93192461114,889.0,0.1629596813491494,0,0.0,3.0,0.0,0.0,0.0,0.0,968.0,193.0
SLV,147,2021-02-22,2021-03-19,2021-02-19,25,0.0684931506849315,20,estimation,2021,2021-03-19,0.0011153145714285714,150,150,132,0,OK,OK,57,26.5,26.25498128338991,26.5,0.009332275424820062,0.47559300000000004,2.625,0.015000000000000013,26.0,18,38,17.0,55.0,0.3037667942740826,0.010450262420083718,0.0002154015660128062,3.413583472851985,6.0194939985871665,2.781058571103463,8.961188729111159,True,0.30570503185986947,0.9936597785977062,21627.1852372702,864.0,0.3037667942740826,0,0.0,31.0,0.0,2.0,0.0,0.10526315789473684,1102.0,375.0
SLV,148,2021-03-22,2021-04-16,2021-03-19,25,0.0684931506849315,19,estimation,2021,2021-04-16,0.0010170714285714286,118,118,102,0,OK,OK,43,24.0,23.949996516757345,24.0,0.0020878284139903137,0.319596,1.6,0.010000000000000009,23.5,12,30,17.0,45.0,0.14039962857195176,0.004991196786874519,0.00019939236265369565,3.8711019049941355,7.767166293387296,3.3068963831339255,10.9381957288276,True,0.14062367782809213,0.9984067458652713,9660.50878989814,747.0,0.14039962857195176,0,0.0,10.0,0.0,1.0,0.0,0.05555555555555555,792.0,282.0
SLV,149,2021-04-19,2021-05-21,2021-04-16,32,0.08767123287671233,25,estimation,2021,2021-05-21,0.0011817585714285713,112,112,101,0,OK,OK,45,24.0,23.979997927768036,24.0,0.0008341148440552004,0.273525,1.55,0.010000000000000009,23.5,11,33,18.0,48.0,0.10221143027300744,0.004688614634089558,0.00018086492410302425,3.2921624090976978,8.818498001906555,2.8898096939127904,12.872788636520612,True,0.10254791076725135,0.996718797177569,12302.68770812381,936.0,0.10221143027300744,0,1.0,14.0,0.0,1.0,0.0,0.041666666666666664,1104.0,315.0
SLV,150,2021-05-24,2021-06-18,2021-05-21,25,0.0684931506849315,19,estimation,2021,2021-06-18,0.0008435062857142858,86,86,75,0,OK,OK,32,26.0,25.759986133742697,26.0,0.009317313488104413,0.3144315,1.71,0.010000000000000009,25.5,11,20,20.0,39.0,0.12259754395215296,0.004250274925034855,0.00012990037316354326,2.9522997697172033,5.163211715760331,2.621035417015712,6.433450569038566,True,0.12317897954500191,0.9952797498810539,9332.543007969905,556.0,0.12259754395215296,0,1.0,3.0,0.0,0.0,0.0,0.0,594.0,168.0
SLV,151,2021-06-21,2021-07-16,2021-06-18,25,0.0684931506849315,19,estimation,2021,2021-07-16,0.0009569157142857144,122,122,101,0,OK,OK,40,24.0,24.08000524354561,24.0,0.0033224761679424794,0.276637,1.3900000000000001,0.010000000000000009,24.0,12,27,17.0,43.0,0.11194166592404041,0.003838923360256685,0.00019209314126099247,4.763041993731705,8.054594387852884,4.028588975860051,10.93474150590585,True,0.11219304878609465,0.9977593722180282,8511.380382023759,833.0,0.11194166592404041,0,0.0,6.0,0.0,0.0,0.0,0.0,738.0,309.0
SLV,152,2021-07-19,2021-08-20,2021-07-16,32,0.08767123287671233,25,estimation,2021,2021-08-20,0.0009017200000000001,104,104,91,0,OK,OK,39,23.5,23.31498537426463,23.5,0.007935438207033636,0.268878,1.495,0.015000000000000013,23.0,10,28,17.0,44.0,0.09778074165786164,0.004379709570515956,0.00019051492750079353,3.7968797261796676,8.14811226978283,3.276721934848655,11.468526771970293,True,0.09780760035444856,0.999725392541177,10115.794542598982,878.0,0.09778074165786164,0,3.0,19.0,0.0,1.0,0.0,0.041666666666666664,960.0,392.0
SLV,153,2021-08-23,2021-09-17,2021-08-20,25,0.0684931506849315,19,estimation,2021,2021-09-17,0.0008850794285714287,104,104,77,0,OK,OK,25,22.0,21.879992725154054,22.0,0.005484795006717775,0.254579,1.17,0.010000000000000009,21.5,9,15,17.0,31.0,0.08570584870426964,0.0030911309652544203,0.00013980021355753774,3.524724417846207,5.49233393139802,3.141433751882113,6.631915698417794,True,0.08567699831779914,1.0003367343281973,8317.63771102671,754.0,0.08570584870426964,0,0.0,0.0,0.0,0.0,0.0,0.0,468.0,170.0
SLV,154,2021-09-20,2021-10-15,2021-09-17,25,0.0684931506849315,20,estimation,2021,2021-10-15,0.00082482,112,112,85,0,OK,OK,29,20.5,20.610006214572802,20.5,0.00533751486668742,0.2839215,1.2200000000000002,0.010000000000000009,20.5,8,20,16.0,30.5,0.10523030411340205,0.00361797095626828,0.00015974376947487182,3.335360839583208,5.346858327279159,2.954178953893864,6.564842119764142,True,0.10482151596820098,1.0038998495816935,7585.775750291836,669.0,0.10523030411340205,0,1.0,2.0,0.0,0.0,0.0,0.0,570.0,255.0
SLV,155,2021-10-18,2021-11-19,2021-10-15,32,0.08767123287671233,25,estimation,2021,2021-11-19,0.0009065257142857143,108,108,87,0,OK,OK,33,21.5,21.479998410412293,21.5,0.0009311727685236519,0.246182,1.25,0.010000000000000009,21.0,10,22,16.0,36.0,0.08298192640611567,0.0038984768083492475,0.00018048439232898483,3.7305958609025893,7.394368554477019,3.266373601960158,9.799120805880474,True,0.08322363574738478,0.9970956647219451,10000.0,929.0,0.08298192640611567,0,4.0,12.0,2.0,3.0,0.08333333333333333,0.125,816.0,301.0
SLV,156,2021-11-22,2021-12-17,2021-11-19,25,0.0684931506849315,19,estimation,2021,2021-12-17,0.0009787544444444444,116,116,86,0,OK,OK,28,22.5,22.359990614368815,22.5,0.00626160305904659,0.265675,1.25,0.010000000000000009,22.0,9,18,17.5,34.0,0.08909214395150818,0.003184764629490662,0.00014494585449796,3.2912484068680334,6.260837544951426,2.941816446459451,7.844843857225202,True,0.08912379016605267,0.9996449184388868,9120.108393559096,831.0,0.08909214395150818,0,3.0,5.0,2.0,0.0,0.1111111111111111,0.0,522.0,226.0
SLV,157,2021-12-20,2022-01-21,2021-12-17,32,0.08767123287671233,23,estimation,2021,2022-01-21,0.005542979333333333,140,140,101,0,OK,OK,31,20.5,20.590043747013663,20.5,0.004373169290945425,0.2552775,1.24,0.010000000000000009,20.5,10,20,15.5,31.0,0.08469742042049722,0.003720601624358624,0.00016914580158823488,3.698899728253957,5.471417639656318,3.226822290259045,6.7763268095439955,True,0.08479440240054928,0.9988562690778344,8609.937521846008,783.0,0.08469742042049722,0,2.0,6.0,1.0,1.0,0.045454545454545456,0.045454545454545456,704.0,320.0
SLV,158,2022-01-24,2022-02-18,2022-01-21,25,0.0684931506849315,20,holdout,2022,2022-02-18,0.0049915325,100,100,81,0,OK,OK,31,22.0,22.15005129163559,22.0,0.006774308991882773,0.2597855,1.2000000000000002,0.010000000000000009,22.0,10,20,17.0,34.0,0.09479108155470185,0.0032684120021464758,0.00015359105311280648,3.792219517126923,6.402774653531355,3.3427880754319514,8.022691381036683,True,0.09494875610170887,0.9983393721678868,9332.543007969905,880.0,0.09479108155470185,0,0.0,1.0,0.0,0.0,0.0,0.0,608.0,248.0
SLV,159,2022-02-22,2022-03-18,2022-02-18,24,0.06575342465753424,19,holdout,2022,2022-03-18,0.004699559000000001,92,92,77,0,OK,OK,31,22.5,22.3199443692274,22.5,0.008067028653567938,0.27083,1.25,0.010000000000000009,22.0,9,21,17.5,35.0,0.09736401419847422,0.0033057353623972396,0.000151604811362825,3.2951786484548493,6.685716716734865,2.945329414157218,8.508729418676406,True,0.09743408858471855,0.9992808021580312,9440.608762859236,854.0,0.09736401419847422,0,0.0,0.0,0.0,0.0,0.0,0.0,576.0,122.0
SLV,160,2022-03-21,2022-04-14,2022-03-18,24,0.06575342465753424,19,holdout,2022,2022-04-14,0.004617553999999999,92,92,80,0,OK,OK,34,23.5,23.314943821774044,23.5,0.007937234575411262,0.306212,1.475,0.015000000000000013,23.0,12,21,17.0,37.0,0.12311557340393588,0.004140130068052727,0.0001675459603671264,3.8497211363534536,6.054794809301324,3.3223242768430366,7.75208997930042,True,0.12350378945438556,0.996856646648943,11350.108156723143,906.0,0.12311557340393588,0,0.0,1.0,0.0,0.0,0.0,0.0,630.0,224.0
SLV,161,2022-04-18,2022-05-20,2022-04-14,32,0.08767123287671233,25,holdout,2022,2022-05-20,0.005521294666666666,114,114,95,0,OK,OK,38,24.0,23.889946740652558,24.0,0.004606676630223237,0.2931365,1.6600000000000001,0.010000000000000009,23.5,12,25,17.5,42.0,0.11210558593229321,0.005049444407777872,0.00017447976197411372,3.3964744094535164,6.6900649402129035,2.941608914844651,9.069960820771009,True,0.11242248528424889,0.9971811746453173,9772.372209558112,667.0,0.11210558593229321,0,9.0,49.0,8.0,8.0,0.3333333333333333,0.3333333333333333,936.0,434.0
SLV,162,2022-05-23,2022-06-17,2022-05-20,25,0.0684931506849315,19,holdout,2022,2022-06-17,0.00893537,132,132,89,0,OK,OK,23,20.0,20.12007346387534,20.0,0.005967844207473989,0.302612,1.27,0.010000000000000009,20.0,8,14,16.0,27.0,0.10659117502713794,0.0036661603327703945,0.0001339525739543367,2.8175694036787657,3.789334321388981,2.5253424417462367,4.419349273055913,True,0.10639127336092384,1.001878929163071,8609.937521846008,629.0,0.10659117502713794,0,0.0,0.0,0.0,0.0,0.0,0.0,432.0,190.0
SLV,163,2022-06-21,2022-07-15,2022-06-17,24,0.06575342465753424,18,holdout,2022,2022-07-15,0.011240414,120,120,87,0,OK,OK,27,20.0,19.979985212621727,20.0,0.001001741851421834,0.27623850000000005,1.13,0.010000000000000009,19.5,8,18,15.5,28.5,0.09726194820737902,0.003498006688000925,0.00015393083196565632,3.241008283428255,5.357430028405398,2.895889486752063,6.515751345192143,True,0.0972970170192142,0.9996395695067583,8317.63771102671,734.0,0.09726194820737902,0,5.0,11.0,3.0,2.0,0.17647058823529413,0.11764705882352941,476.0,209.0
SLV,164,2022-07-18,2022-08-19,2022-07-15,32,0.08767123287671233,25,holdout,2022,2022-08-19,0.017335014666666666,104,104,72,0,OK,OK,20,17.0,17.240365025014846,17.0,0.013941991638001234,0.305437,1.25,0.010000000000000009,17.0,7,12,13.0,23.0,0.10673867216741485,0.004771655446992498,0.00018451418528791084,2.9662801932864307,3.3424157093467284,2.6017218696887903,3.9025828045331856,True,0.10594407070225291,1.0075001976032723,7585.775750291836,587.0,0.10673867216741485,0,0.0,0.0,0.0,0.0,0.0,0.0,504.0,189.0
SLV,165,2022-08-22,2022-09-16,2022-08-19,25,0.0684931506849315,19,holdout,2022,2022-09-16,0.0248183175,104,104,71,0,OK,OK,19,17.5,17.530051039911502,17.5,0.0017142585519621875,0.289811,1.06,0.010000000000000009,17.5,7,11,14.0,23.0,0.10269948287453921,0.0035126038700426156,0.00014855083545093462,2.942021912163578,3.603218534803891,2.6368872367912615,4.143679943529125,True,0.10222482002105904,1.0046433229560334,5888.43655355589,499.0,0.10269948287453921,0,0.0,0.0,0.0,0.0,0.0,0.0,360.0,133.0
SLV,166,2022-09-19,2022-10-21,2022-09-16,32,0.08767123287671233,25,holdout,2022,2022-10-21,0.028171652,122,122,91,0,OK,OK,30,18.0,17.96992581311883,18.0,0.0016735843650068755,0.30081250000000004,1.28,0.010000000000000009,17.5,9,20,13.0,27.5,0.11601073121936238,0.0054325071072157645,0.0002119313264475385,3.337333847923145,5.074575344903721,2.8870215731193882,6.4156034958208625,True,0.11620730753374713,0.9983083997163633,8413.951416451948,655.0,0.11601073121936238,0,0.0,4.0,0.0,0.0,0.0,0.0,744.0,237.0
SLV,167,2022-10-24,2022-11-18,2022-10-21,25,0.0684931506849315,20,holdout,2022,2022-11-18,0.032424935,90,90,73,0,OK,OK,28,17.5,17.71547802109986,17.5,0.012163263155711389,0.35756350000000003,1.3250000000000002,0.015000000000000013,17.5,9,18,13.0,30.0,0.15959440879814626,0.005529074207294012,0.00023231986320595014,3.1764888653046603,5.7598237446889415,2.7478796844418274,7.632999123449521,True,0.15961220106003354,0.9998885281841293,8511.380382023759,703.0,0.15959440879814626,0,4.0,10.0,2.0,2.0,0.10526315789473684,0.10526315789473684,551.0,219.0
SLV,168,2022-11-21,2022-12-16,2022-11-18,25,0.0684931506849315,19,holdout,2022,2022-12-16,0.035451285,98,98,75,0,OK,OK,26,19.0,19.24058346894359,19.0,0.01250395910975978,0.314454,1.27,0.010000000000000009,19.0,9,16,14.5,29.0,0.12234177753575025,0.004259598071956662,0.0001876558922287838,3.284352877698704,5.138219766063329,2.8779166858458622,6.395370412990805,True,0.12228001579115234,1.0005050845324013,7852.356346100718,668.0,0.12234177753575025,0,1.0,1.0,0.0,0.0,0.0,0.0,486.0,164.0
SLV,169,2022-12-19,2023-01-20,2022-12-16,32,0.08767123287671233,22,holdout,2022,2023-01-20,0.040315618000000004,132,132,97,0,OK,OK,31,21.0,21.185655043137405,21.0,0.008763242994346021,0.278297,1.395,0.015000000000000013,21.0,16,14,13.0,31.0,0.10388779545838885,0.004576859064764446,0.0002543001309568841,5.819929385926393,4.726406744143648,4.623103438859955,5.778879298574943,True,0.10466301190020674,0.992593214854575,11091.748152624008,1132.0,0.10388779545838885,0,0.0,4.0,0.0,0.0,0.0,0.0,672.0,265.0
SLV,170,2023-01-23,2023-02-17,2023-01-20,25,0.0684931506849315,20,holdout,2023,2023-02-17,0.0407272275,104,104,77,0,OK,OK,25,21.5,21.64039108027089,21.5,0.006487455783499363,0.2987835,1.35,0.010000000000000009,21.5,11,13,16.0,28.0,0.10524043771659339,0.0036153446248820384,0.00014044713458850772,3.77854591125289,3.3781040487060014,3.271478323983145,3.8662925647073525,True,0.10538630253212596,0.9986159034710597,9015.711376059571,701.0,0.10524043771659339,0,0.0,4.0,0.0,1.0,0.0,0.05263157894736842,494.0,214.0
SLV,171,2023-02-21,2023-03-17,2023-02-17,24,0.06575342465753424,19,holdout,2023,2023-03-17,0.041062420999999995,96,96,66,0,OK,OK,18,20.0,20.13035147359964,20.0,0.00647536997903841,0.26686,1.1,0.010000000000000009,20.0,7,10,16.5,25.0,0.08153162118625225,0.0026944462179196746,0.00010965470793604963,2.811246627796248,3.2609314568431924,2.5573806708131332,3.6534009583044766,True,0.08107252743982378,1.0056627535976257,6760.829753919818,552.0,0.08153162118625225,0,2.0,2.0,1.0,1.0,0.05555555555555555,0.05555555555555555,342.0,134.0
SLV,172,2023-03-20,2023-04-21,2023-03-17,32,0.08767123287671233,24,holdout,2023,2023-04-21,0.04333266266666667,86,86,74,0,OK,OK,31,21.0,20.75908649918075,21.0,0.011605207234372167,0.3200115,1.59,0.010000000000000009,20.5,11,19,15.0,34.0,0.12474398313543995,0.005527056166537593,0.00019406875793726486,3.2967171609858044,5.3395066296080165,2.831487743164742,6.950015369586184,True,0.12496171346908413,0.99825762365448,11748.975549395303,826.0,0.12474398313543995,0,6.0,20.0,3.0,7.0,0.13043478260869565,0.30434782608695654,736.0,282.0
SLV,173,2023-04-24,2023-05-19,2023-04-21,25,0.0684931506849315,20,holdout,2023,2023-05-19,0.045379449999999995,90,90,70,0,OK,OK,25,23.0,23.160498082705836,23.0,0.0069298199949197545,0.262287,1.27,0.010000000000000009,23.0,9,15,18.5,32.0,0.08547274977587296,0.002942336901068113,0.00012014706862198193,3.1717937361167383,4.810957896333508,2.8502590933974457,5.700518186794891,True,0.08537512147914651,1.001143521614201,7413.102413009177,606.0,0.08547274977587296,0,3.0,5.0,2.0,2.0,0.10526315789473684,0.10526315789473684,494.0,160.0
SLV,174,2023-05-22,2023-06-16,2023-05-19,25,0.0684931506849315,19,holdout,2023,2023-06-16,0.046451095000000005,110,110,79,0,OK,OK,24,21.5,21.750796662113174,22.0,0.011457205074281386,0.2760135,1.28,0.010000000000000009,21.5,8,15,17.5,30.0,0.09218936980527849,0.003214960906511146,0.00012594350062302342,2.8497142157863973,4.611887254917338,2.5755360617277256,5.473014131171417,True,0.09198570120962447,1.002214133207398,8810.488730080147,691.0,0.09218936980527849,0,0.0,0.0,0.0,0.0,0.0,0.0,450.0,176.0
SLV,175,2023-06-20,2023-07-21,2023-06-16,31,0.08493150684931507,23,holdout,2023,2023-07-21,0.04788478933333333,106,106,78,0,OK,OK,25,21.5,21.344368342684884,21.5,0.007291462310640532,0.2400195,1.205,0.014999999999999958,21.0,8,16,17.0,31.0,0.07170196220878551,0.0031664292660918943,0.00013980021355753766,3.020906237342344,5.567846242284829,2.7230759542272844,6.807689885568211,True,0.07160280457482585,1.0013848289120582,8222.426499470712,728.0,0.07170196220878551,0,1.0,4.0,0.0,1.0,0.0,0.045454545454545456,572.0,233.0
SLV,176,2023-07-24,2023-08-18,2023-07-21,25,0.0684931506849315,20,holdout,2023,2023-08-18,0.048664860000000004,92,92,66,0,OK,OK,20,22.5,22.399666122909057,22.5,0.004479257705914082,0.2313385,1.0899999999999999,0.010000000000000009,22.0,6,13,19.0,30.0,0.06551991754931873,0.0024008304099309816,0.0001027628643067271,2.421434773486089,5.122797619243748,2.252304406495574,6.006145083988198,True,0.06514343091660225,1.0057793491595255,7762.4711662869195,665.0,0.06551991754931873,0,7.0,2.0,5.0,0.0,0.2631578947368421,0.0,399.0,149.0
SLV,177,2023-08-21,2023-09-15,2023-08-18,25,0.0684931506849315,19,holdout,2023,2023-09-15,0.0503816475,106,106,73,0,OK,OK,20,21.5,21.439792594482128,21.5,0.0028082083934602604,0.22888150000000002,1.03,0.010000000000000009,21.0,6,13,18.0,28.0,0.06477259341634034,0.0024291368082796265,0.00010628265682262036,2.573423018406736,4.802623433513108,2.384886399361716,5.564734931844003,True,0.06432977918703339,1.0068835030199546,7161.43410212902,629.0,0.06477259341634034,0,1.0,0.0,0.0,0.0,0.0,0.0,378.0,142.0
SLV,178,2023-09-18,2023-10-20,2023-09-15,32,0.08767123287671233,25,holdout,2023,2023-10-20,0.051348274666666666,94,94,69,0,OK,OK,22,21.5,21.399548808528035,21.5,0.004694079878540885,0.2216395,1.13,0.010000000000000009,21.0,6,15,18.0,30.0,0.06000899383946488,0.0027988997224771103,0.00011778351558863965,2.348928112581256,5.434966643091531,2.1768386575797787,6.530515972739336,True,0.0597293127033664,1.0046824770525564,8222.426499470712,695.0,0.06000899383946488,0,1.0,0.0,0.0,0.0,0.0,0.0,552.0,210.0
SLV,179,2023-10-23,2023-11-17,2023-10-20,25,0.0684931506849315,20,holdout,2023,2023-11-17,0.0516829775,84,84,69,0,OK,OK,27,21.0,21.130461006379285,21.0,0.00617407288652618,0.28096600000000005,1.2400000000000002,0.009999999999999953,21.0,8,18,17.0,33.0,0.10067153857057996,0.003454701494245761,0.0001492743942852695,2.873696152594222,6.146767697446322,2.5903792696886625,7.771137809065988,True,0.10056124615232832,1.0010967686108878,8222.426499470712,710.0,0.10067153857057996,0,0.0,0.0,0.0,0.0,0.0,0.0,532.0,238.0
SLV,180,2023-11-20,2023-12-15,2023-11-17,25,0.0684931506849315,19,holdout,2023,2023-12-15,0.051834954999999995,86,86,61,0,OK,OK,18,21.5,21.560213398958222,21.5,0.002792801622322141,0.246387,1.1099999999999999,0.010000000000000009,21.5,6,11,18.5,28.0,0.07094702527935731,0.0024249895543183484,9.857041174648645e-05,2.3305916772141346,4.096489469966149,2.1639211568802907,4.688495839907297,True,0.07041354304279682,1.0075764151824635,4897.7881936844615,400.0,0.07094702527935731,0,0.0,0.0,0.0,0.0,0.0,0.0,342.0,109.0
SLV,181,2023-12-18,2024-01-19,2023-12-15,32,0.08767123287671233,22,holdout,2023,2024-01-19,0.053025138,110,110,80,0,OK,OK,25,22.0,21.899534039844024,22.0,0.0045875843738587335,0.239923,1.25,0.010000000000000009,21.5,7,17,18.0,32.0,0.07014544696087087,0.0032324704303900976,0.00013057012586173105,2.501157168113921,5.5980471352102565,2.291548979588899,6.874646938766696,True,0.06998365319323725,1.0023118794211396,8222.426499470712,648.0,0.07014544696087087,0,1.0,2.0,0.0,0.0,0.0,0.0,546.0,214.0
SLV,182,2024-01-22,2024-02-16,2024-01-19,25,0.0684931506849315,20,holdout,2024,2024-02-16,0.0536655375,84,84,63,0,OK,OK,21,20.5,20.279189853190783,20.5,0.010888509275160937,0.228228,0.99,0.010000000000000009,20.0,6,14,17.0,27.0,0.06529906810225838,0.0023251408756608666,0.000118129212498873,2.7208929565262836,5.024353005170979,2.511300958849414,5.859702237315299,True,0.06491426650488315,1.0059278432630259,6237.348354824191,614.0,0.06529906810225838,0,0.0,0.0,0.0,0.0,0.0,0.0,418.0,196.0
SLV,183,2024-02-20,2024-03-15,2024-02-16,24,0.06575342465753424,19,holdout,2024,2024-03-15,0.052819282,98,98,69,0,OK,OK,20,21.0,21.130452281271143,21.0,0.006173662519602996,0.216087,0.9400000000000001,0.009999999999999981,21.0,5,14,18.5,29.0,0.06059574977876004,0.002004509725895416,0.00010451191065036805,2.2875257074830797,5.825187351681912,2.148487766794839,6.875160853743485,False,0.06003922585360829,1.009269338790422,5559.042572704037,580.0,0.06059574977876004,0,1.0,2.0,0.0,0.0,0.0,0.0,378.0,128.0
SLV,184,2024-03-18,2024-04-19,2024-03-15,32,0.08767123287671233,24,holdout,2024,2024-04-19,0.05304292133333333,96,96,80,0,OK,OK,32,23.0,23.0,23.0,0.0,0.23315550000000002,1.27,0.010000000000000009,23.0,7,24,19.5,43.0,0.07169350231632868,0.003128148045366472,0.00014481993509866348,2.3912202609806426,9.063501863032407,2.2042760742607603,12.595863281490058,True,0.07160141432668712,1.0012861197017897,6382.6348619054825,593.0,0.07169350231632868,0,2.0,13.0,1.0,3.0,0.043478260869565216,0.13043478260869565,759.0,274.0
SLV,185,2024-04-22,2024-05-17,2024-04-19,25,0.0684931506849315,20,holdout,2024,2024-05-17,0.052261405000000004,98,98,81,0,OK,OK,32,25.0,25.0,25.0,0.0,0.292809,1.53,0.010000000000000009,25.0,9,22,20.5,42.0,0.1034205124135112,0.0035291429958089885,0.00013284253379825276,2.5896744026186127,6.769970531176348,2.3488999118317433,8.873621889142141,True,0.10347413856070756,0.9994817434777203,8609.937521846008,631.0,0.1034205124135112,0,1.0,3.0,0.0,0.0,0.0,0.0,627.0,235.0
SLV,186,2024-05-20,2024-06-21,2024-05-17,32,0.08767123287671233,23,holdout,2024,2024-06-21,0.053156706000000005,88,88,76,0,OK,OK,32,29.0,29.13060725471334,29.0,0.004483506079064225,0.390812,2.6799999999999997,0.010000000000000009,29.0,14,17,22.0,45.0,0.1725261165021938,0.007537720194432833,0.00013225064451587106,2.387322810917628,3.7969130443263714,2.085948561799537,4.76788242697037,True,0.1727725738405187,0.9985735158489194,19275.249131909368,614.0,0.1725261165021938,0,2.0,5.0,1.0,1.0,0.045454545454545456,0.045454545454545456,726.0,213.0
SLV,187,2024-06-24,2024-07-19,2024-06-21,25,0.0684931506849315,19,holdout,2024,2024-07-19,0.054308945,128,128,110,0,OK,OK,46,27.0,27.08029813742091,27.0,0.0029651866095946372,0.2916725,1.65,0.010000000000000009,27.0,9,36,22.5,45.0,0.10146143499628547,0.003466211439355863,0.0001142135327728492,2.3884654547064836,6.6919643359715755,2.183381838025274,8.733527352101095,True,0.10161086697170765,0.998529370136525,8609.937521846008,568.0,0.10146143499628547,0,0.0,7.0,0.0,0.0,0.0,0.0,846.0,440.0
SLV,188,2024-07-22,2024-08-16,2024-07-19,25,0.0684931506849315,20,holdout,2024,2024-08-16,0.052937112499999994,112,112,88,0,OK,OK,32,26.5,26.740871778614874,26.5,0.009007626251269168,0.280629,1.57,0.010000000000000009,26.5,7,24,23.0,38.5,0.09129511184244643,0.0031563891387536586,9.074090658984034e-05,1.9286882885583778,5.08569360716869,1.7983161710354523,6.165655443550122,True,0.09124045259788936,1.000599068099738,9440.608762859236,545.0,0.09129511184244643,0,0.0,0.0,0.0,0.0,0.0,0.0,627.0,217.0
SLV,189,2024-08-19,2024-09-20,2024-08-16,32,0.08767123287671233,24,holdout,2024,2024-09-20,0.05295234866666666,130,130,114,0,OK,OK,49,27.0,26.939720808581146,27.0,0.0022375581338486927,0.33114750000000004,2.11,0.010000000000000009,26.5,11,37,21.0,45.0,0.12892579151078334,0.005762395796025666,0.00013045608509580295,2.372473111018069,5.4004567288417435,2.1167363991331065,7.119931524356812,True,0.12918505067466915,0.9979931179147137,13645.831365889238,618.0,0.12892579151078334,0,0.0,4.0,0.0,0.0,0.0,0.0,1150.0,498.0
SLV,190,2024-09-23,2024-10-18,2024-09-20,25,0.0684931506849315,20,holdout,2024,2024-10-18,0.0520526875,106,106,84,0,OK,OK,31,28.0,28.05017858078206,28.0,0.001788886321616445,0.314079,1.8399999999999999,0.010000000000000009,28.0,11,19,22.5,41.0,0.11162282642974887,0.003810694994593249,0.00010424944514807622,2.6605098195009966,4.639607829322855,2.3896934133492667,5.6483662497346305,True,0.11173171143569688,0.9990254780442465,10471.285480508985,572.0,0.11162282642974887,0,0.0,0.0,0.0,0.0,0.0,0.0,608.0,198.0
SLV,191,2024-10-21,2024-11-15,2024-10-18,25,0.0684931506849315,20,holdout,2024,2024-11-15,0.0488320725,102,102,86,0,OK,OK,35,31.0,30.93979898427251,31.0,0.0019457468278346417,0.39143,2.53,0.010000000000000009,30.5,15,19,23.0,45.0,0.17062957558940497,0.0059275826523971144,0.0001099002615407504,2.7550487822047205,3.7966472387133248,2.4004006965476483,4.64077467999212,True,0.1715117498877966,0.9948564789352989,19054.607179632483,708.0,0.17062957558940497,0,3.0,10.0,2.0,0.0,0.10526315789473684,0.0,684.0,175.0
SLV,192,2024-11-18,2024-12-20,2024-11-15,32,0.08767123287671233,24,holdout,2024,2024-12-20,0.04871950533333333,100,100,89,0,OK,OK,39,28.5,28.469871586977085,28.5,0.0010582560209613481,0.297021,2.0,0.010000000000000009,28.0,11,27,22.0,49.0,0.10250869902248085,0.004614582724964594,0.0001314741341007043,2.7421629984003295,6.363180540305044,2.4365622210886775,8.52796777381037,True,0.10255351845073757,0.999562965474673,11091.748152624008,634.0,0.10250869902248085,0,1.0,12.0,0.0,1.0,0.0,0.043478260869565216,920.0,388.0
SLV,193,2024-12-23,2025-01-17,2024-12-20,25,0.0684931506849315,17,holdout,2024,2025-01-17,0.048651280000000005,114,114,80,0,OK,OK,23,27.0,27.065216959448378,27.0,0.00240962263654092,0.239408,1.355,0.015000000000000013,27.0,8,14,23.0,35.0,0.06659258116585857,0.002275888484141091,8.066768000078434e-05,2.559097464095943,4.141845241793153,2.3644710253864227,4.7289420507728455,True,0.06643002609916718,1.0024470119347648,7943.282347242822,551.0,0.06763164661579486,0,0.0,0.0,0.0,0.0,0.0,0.0,384.0,133.0
SLV,194,2025-01-21,2025-02-21,2025-01-17,31,0.08493150684931507,23,holdout,2025,2025-02-21,0.04601509733333334,104,104,86,0,OK,OK,34,28.0,28.100391577825867,28.0,0.003572604230365483,0.2550585,1.67,0.010000000000000009,28.0,11,22,22.5,44.0,0.07644538499112759,0.0032400511426256993,0.00011875437654740131,2.942070814546094,6.080648862891556,2.642593985406367,7.687546139363977,True,0.07657674085554556,0.9982846506269344,8912.509381337459,617.0,0.07644538499112759,0,3.0,6.0,2.0,2.0,0.09090909090909091,0.09090909090909091,770.0,249.0
SLV,195,2025-02-24,2025-03-21,2025-02-21,25,0.0684931506849315,20,holdout,2025,2025-03-21,0.0448157125,122,122,93,0,OK,OK,32,29.5,29.479938514293973,29.5,0.0006805131461281502,0.249586,1.54,0.020000000000000018,29.0,11,20,23.5,39.0,0.07224428047300442,0.0026030613363807412,0.00011694790180216536,3.219481977793773,4.53563138152728,2.9034937707874695,5.2790795832499455,True,0.07242085639890804,0.9975618083700778,9440.608762859236,636.0,0.0729265197564725,0,0.0,0.0,0.0,0.0,0.0,0.0,627.0,164.0
SLV,196,2025-03-24,2025-04-17,2025-03-21,24,0.06575342465753424,19,holdout,2025,2025-04-17,0.044199264,126,126,90,0,OK,OK,27,30.0,29.994985447598886,30.0,0.00016717969108118625,0.24467450000000002,1.505,0.015000000000000013,29.5,10,16,24.5,37.5,0.06841353345235071,0.0023830464836547,8.245825423503057e-05,2.9600844565449247,3.824494741561045,2.7014696342383973,4.322351414781435,True,0.06848676848183885,0.9989306689290274,9772.372209558112,604.0,0.06882009995251286,0,0.0,0.0,0.0,0.0,0.0,0.0,504.0,74.0
SLV,197,2025-04-21,2025-05-16,2025-04-17,25,0.0684931506849315,20,holdout,2025,2025-05-16,0.04510676,104,104,95,0,OK,OK,43,30.0,29.82445850072943,30.0,0.005885823518515031,0.318698,1.995,0.025000000000000022,29.5,15,27,22.0,46.0,0.11950869861090788,0.004140436501484289,0.00014489917907360133,3.517061318628463,5.3263001220361526,3.048150016504037,6.705930036308882,True,0.11993579113876483,0.9964389901979901,13963.683610559363,826.0,0.11950869861090788,0,0.0,1.0,0.0,0.0,0.0,0.0,836.0,303.0
SLV,198,2025-05-19,2025-06-20,2025-05-16,32,0.08767123287671233,23,holdout,2025,2025-06-20,0.04550722533333333,120,120,98,0,OK,OK,38,29.5,29.51505996465844,29.5,0.0005102467918572409,0.2427505,1.6949999999999998,0.015000000000000013,29.5,12,25,23.5,44.0,0.07004066121469636,0.0030581803529149245,0.00010682423610101139,3.1636058520996673,5.562287286872568,2.829700974507507,6.838444021726475,True,0.07020884201592262,0.997604563807104,10115.794542598982,682.0,0.07025714227567349,0,5.0,22.0,3.0,7.0,0.13636363636363635,0.3181818181818182,858.0,198.0
SLV,199,2025-06-23,2025-07-18,2025-06-20,25,0.0684931506849315,19,holdout,2025,2025-07-18,0.04429018,124,124,98,0,OK,OK,36,33.0,33.01504557269872,33.0,0.00045571867122180316,0.2512365,1.7349999999999999,0.015000000000000013,33.0,12,23,27.0,49.0,0.07667778593975459,0.002618101245124182,8.70613865531744e-05,3.051951650115527,6.012214968081088,2.7652283695088173,7.37394231869018,True,0.07685670615936718,0.9976720285248553,9885.53094656939,648.0,0.07679494079916861,0,2.0,2.0,1.0,1.0,0.05555555555555555,0.05555555555555555,666.0,207.0
SLV,200,2025-07-21,2025-08-15,2025-07-18,25,0.0684931506849315,20,holdout,2025,2025-08-15,0.04598973,120,120,94,0,OK,OK,34,35.5,35.37962140625057,35.5,0.0034024839431481694,0.264266,1.96,0.020000000000000018,35.0,12,21,29.0,55.0,0.08507460759208119,0.0029629872807855604,9.617469359906566e-05,2.7190276753548126,6.535205939775467,2.478667901654433,8.262226338848109,True,0.08492837104278561,1.0017218810098443,12589.254117941662,741.0,0.0854417343194545,0,1.0,0.0,0.0,0.0,0.0,0.0,665.0,202.0
USO,1,2007-05-21,2007-06-15,2007-05-18,25,0.0684931506849315,19,estimation,2007,2007-06-16,0.05383942687499999,52,52,38,0,OK,OK,12,51.0,51.0,51.0,0.0,0.238954,2.55,0.15000000000000013,51.0,5,6,46.0,57.0,0.0606174125457339,0.0020682975851894474,0.00034276954468511427,1.6499678308877626,1.7785538430847136,1.5676963647727098,1.8812356377272517,False,0.061846305073286735,0.9801298957779835,11481.53621496884,255.0,0.058294555324852115,0,0.0,0.0,0.0,0.0,0.0,0.0,234.0,86.0
USO,2,2007-06-18,2007-07-20,2007-06-15,32,0.08767123287671233,24,estimation,2007,2007-07-21,0.05383475142857143,52,52,44,0,OK,OK,18,52.0,52.35165582012249,52.0,0.006717186201918024,0.2623075,3.25,0.10000000000000009,52.0,8,9,44.0,61.0,0.07609279453653296,0.0033426273304936202,0.00033422596334533434,2.150888184616142,2.0553019984781145,1.98083079036074,2.2284346391558323,True,0.0770964384282515,0.9869819681404277,19275.249131909368,388.0,0.07379781141162892,0,1.0,3.0,0.0,0.0,0.0,0.0,437.0,146.0
USO,3,2007-07-23,2007-08-17,2007-07-20,25,0.0684931506849315,20,estimation,2007,2007-08-18,0.05385712342857143,52,52,41,0,OK,OK,15,56.0,56.45166304530327,56.0,0.00800088112445517,0.260627,3.0999999999999996,0.15000000000000002,56.0,7,7,49.0,63.0,0.07344064540347318,0.002538235581390937,0.00033002106606294695,1.957674127431806,1.7267909592109985,1.832597272590983,1.832597272590983,True,0.07586325779427947,0.9680660643736689,17179.08387157586,329.0,0.07062631483724419,0,0.0,0.0,0.0,0.0,0.0,0.0,304.0,94.0
USO,4,2007-08-20,2007-09-21,2007-08-17,32,0.08767123287671233,24,estimation,2007,2007-09-22,0.055473884999999994,52,52,47,0,OK,OK,21,54.0,53.62317175885235,54.0,0.007027339651639324,0.327678,4.175,0.22499999999999998,53.0,8,12,45.0,65.0,0.11608711632389629,0.005132850851728549,0.0006025492289703281,1.686496949055457,2.1035715205397265,1.5557445069010216,2.3336167603515325,True,0.11919063482267497,0.9739617252362492,28183.82931264455,396.0,0.11258620530022402,0,4.0,27.0,2.0,3.0,0.08695652173913043,0.13043478260869565,506.0,139.0
USO,5,2007-09-24,2007-10-19,2007-09-21,25,0.0684931506849315,20,estimation,2007,2007-10-20,0.05166412542857143,58,58,46,0,OK,OK,17,62.0,61.82437964125721,62.0,0.0028406327691736983,0.28746499999999997,3.7249999999999996,0.17500000000000004,61.0,9,7,51.0,68.0,0.08985753838728743,0.00315743990600058,0.0003797619263978908,2.3799152305722076,1.4439647388071268,2.1790220134616876,1.5253154094231813,False,0.09307812742838513,0.9653990778491365,27227.013080779154,467.0,0.08641429296773773,0,2.0,9.0,0.0,0.0,0.0,0.0,342.0,87.0
USO,6,2007-10-22,2007-11-16,2007-10-19,25,0.0684931506849315,20,estimation,2007,2007-11-17,0.049426840624999996,70,70,54,0,OK,OK,19,67.0,66.5735587667828,67.0,0.00640556462830975,0.309274,4.325,0.07499999999999996,66.0,10,8,56.0,74.0,0.10768651830733804,0.003713063476709146,0.00034845072340884545,2.029918704718382,1.4135082096398812,1.8719277438347603,1.4975421950678083,False,0.11299016524685533,0.9530609860784773,31260.793671239557,388.0,0.10355920137656154,0,3.0,10.0,0.0,1.0,0.0,0.05263157894736842,380.0,127.0
USO,7,2007-11-19,2007-12-21,2007-11-16,32,0.08767123287671233,24,estimation,2007,2007-12-22,0.048285148571428564,102,102,80,0,OK,OK,29,74.0,74.47701504083474,74.0,0.006404862501178416,0.309635,5.475,0.17499999999999982,74.0,12,16,62.0,90.0,0.101183568925979,0.004437396253584894,0.00035610248713726825,1.9298547047468184,2.135065173400138,1.7687682078296585,2.3583576104395445,True,0.1033443183419324,0.9790917444652913,46773.51412871981,550.0,0.09813051318497762,0,0.0,0.0,0.0,0.0,0.0,0.0,690.0,197.0
USO,8,2007-12-24,2008-01-18,2007-12-21,25,0.0684931506849315,18,estimation,2007,2008-01-19,0.04983302857142857,116,116,78,0,OK,OK,20,74.0,73.82440166575871,74.0,0.0023785947502332726,0.275943,4.2749999999999995,0.3250000000000002,73.0,8,11,60.0,84.0,0.08878822830961035,0.0030938824866182765,0.0004586895544762461,2.7156111958016598,1.9435343919658785,2.4659117983325465,2.0865407524352317,True,0.0887508910574241,1.0004206972092493,31622.776601683792,580.0,0.07822442136971088,0,0.0,0.0,0.0,0.0,0.0,0.0,357.0,99.0
USO,9,2008-01-22,2008-02-15,2008-01-18,24,0.06575342465753424,19,estimation,2008,2008-02-16,0.03914139333333334,26,26,26,0,OK,OK,13,71.0,70.5739047769479,71.0,0.006037574715453184,0.3671755,5.325,0.6250000000000002,70.0,1,11,65.0,85.0,0.14519438222837175,0.004794766690713987,0.0007623474579020556,0.7871038670306634,2.0621391374296825,0.7586458400357264,2.275937520107179,False,0.14176741204534546,1.0241731871491746,24547.089156850336,234.0,0.13940050937390655,0,3.0,10.0,1.0,3.0,0.05555555555555555,0.16666666666666666,252.0,48.0
USO,10,2008-02-19,2008-03-20,2008-02-15,30,0.0821917808219178,23,estimation,2008,2008-03-22,0.03146684964285714,62,62,53,0,OK,OK,22,78.0,78.35090638233366,78.0,0.004478651218421427,0.3398525,6.25,0.25,78.0,14,7,64.0,85.0,0.11445842253115768,0.004701714528690601,0.00034885304193131887,2.0303838117478388,0.8820698220183304,1.8421660270942637,0.9210830135471318,False,0.1265474069778515,0.9044707059955037,44157.044735331205,382.0,0.10732263305095828,0,5.0,9.0,3.0,3.0,0.13636363636363635,0.13636363636363635,506.0,145.0
USO,11,2008-03-24,2008-04-18,2008-03-20,25,0.0684931506849315,20,estimation,2008,2008-04-19,0.026895684000000003,134,134,108,0,OK,OK,41,80.0,80.15027658019622,80.0,0.0018749352667031297,0.402986,6.75,0.25,80.0,19,21,61.0,105.0,0.17693865435126646,0.006050151577323675,0.0005429745132566098,2.570990757304897,2.578395447766786,2.251905092958026,2.963033017050034,True,0.17984047127266975,0.9838644944551795,58210.321777087214,697.0,0.16830728139258297,0,5.0,24.0,2.0,4.0,0.10526315789473684,0.21052631578947367,798.0,276.0
USO,12,2008-04-21,2008-05-16,2008-04-18,25,0.0684931506849315,20,estimation,2008,2008-05-17,0.029138044999999998,84,84,78,0,OK,OK,36,94.0,93.7495005626614,94.0,0.0026720082329523692,0.383164,7.550000000000001,0.15000000000000013,93.0,18,17,75.0,110.0,0.15442321534097184,0.0053103324813097135,0.0002715850350740841,2.145137401802172,1.6741445272990132,1.9301065567015154,1.8228784146625425,True,0.15888858062621206,0.971896247876082,52480.746024977336,432.0,0.14849627227365092,0,2.0,5.0,0.0,0.0,0.0,0.0,703.0,150.0
USO,13,2008-05-19,2008-06-20,2008-05-16,32,0.08767123287671233,24,estimation,2008,2008-06-21,0.024869852857142858,122,122,108,0,OK,OK,47,102.0,102.25054568734951,102.0,0.002450311493843817,0.3809795,9.25,0.35000000000000053,102.0,23,23,78.0,125.0,0.15444486737258156,0.006758450741921415,0.0005068186372106903,2.3781114821055396,1.8025803326327603,2.0858395864137966,1.9989296036465551,True,0.15627146239433784,0.9883113973993087,65313.05526474716,484.0,0.14977531693884558,0,1.0,3.0,0.0,0.0,0.0,0.0,1104.0,208.0
USO,14,2008-06-23,2008-07-18,2008-06-20,25,0.0684931506849315,19,estimation,2008,2008-07-19,0.025897450571428574,178,178,147,0,OK,OK,58,111.0,110.69946738837163,111.0,0.00271485146874283,0.444644,10.3,0.19999999999999973,110.0,29,28,80.0,140.0,0.21206328928821178,0.007269752032450452,0.0003077543816635063,2.73659376505819,2.0723970755049943,2.343648954858612,2.343648954858612,True,0.2140516480100261,0.9907108460023574,76736.14893618185,589.0,0.2039225210050014,0,0.0,0.0,0.0,0.0,0.0,0.0,1062.0,242.0
USO,15,2008-07-21,2008-08-15,2008-07-18,25,0.0684931506849315,20,estimation,2008,2008-08-16,0.024817035,130,130,129,0,OK,OK,64,107.0,106.5993195030434,107.0,0.0037587528590663924,0.4933055,11.0,0.20000000000000018,106.0,30,33,75.0,145.0,0.2580599554441866,0.008838616695722841,0.0004090483159199671,2.679631264442261,2.4266852291984793,2.2652508336411565,2.8498316939356485,True,0.25940107655354183,0.9948299323689259,71614.34102129027,546.0,0.2481518252356063,0,5.0,33.0,4.0,4.0,0.21052631578947367,0.21052631578947367,1235.0,424.0
USO,16,2008-08-18,2008-09-19,2008-08-15,32,0.08767123287671233,24,estimation,2008,2008-09-20,0.025145525714285712,166,166,142,0,OK,OK,59,91.0,91.0501103485512,91.0,0.0005503601078501912,0.4574925,9.85,0.25,91.0,21,37,70.0,128.0,0.21629796744829263,0.009460826582293122,0.00041075382499784324,1.9368328642186785,2.5186003764241094,1.7035911163873174,3.0015653003014635,True,0.2184136650415291,0.9903133460407151,68391.16472814293,478.0,0.2097592440430414,0,1.0,19.0,0.0,0.0,0.0,0.0,1380.0,370.0
USO,17,2008-09-22,2008-10-17,2008-09-19,25,0.0684931506849315,20,estimation,2008,2008-10-18,0.034256923142857144,196,196,163,0,OK,OK,65,87.0,87.40093964778659,87.0,0.004587360838479727,0.564333,10.3,0.19999999999999973,87.0,26,38,60.0,125.0,0.3398388602503101,0.011621635665240045,0.0006707165316895918,2.5157882945992207,2.4537815873139546,2.1012875752056304,2.9573676984375536,True,0.3426236808141086,0.991872072131204,83176.37711026709,642.0,0.32679882180308384,0,3.0,116.0,2.0,2.0,0.10526315789473684,0.10526315789473684,1254.0,409.0
USO,18,2008-10-20,2008-11-21,2008-10-17,32,0.08767123287671233,25,estimation,2008,2008-11-22,0.03729479,162,162,142,0,OK,OK,61,62.0,61.64885373899102,62.0,0.0056959090025527695,0.6542220000000001,9.549999999999999,0.25,61.0,26,34,35.0,100.0,0.481262187337879,0.02108394637871425,0.0011060469483158124,2.8678110530127876,2.5517238772986364,2.200340090093519,3.300510135140279,True,0.4852293789622053,0.9918240902213893,69183.09709189362,636.0,0.4667204898984555,0,4.0,90.0,1.0,2.0,0.041666666666666664,0.08333333333333333,1488.0,380.0
USO,19,2008-11-24,2008-12-19,2008-11-21,25,0.0684931506849315,19,estimation,2008,2008-12-20,0.013717678857142859,238,238,162,0,OK,OK,43,44.0,44.15014100128646,44.0,0.003400691320149622,0.7783370000000001,7.15,0.25,44.0,14,28,30.0,75.0,0.6454170032982263,0.022088380643751626,0.0010829827025871275,1.8801770198283339,2.6180569977085226,1.5620110828576543,3.4587388263276635,True,0.6696328013991378,0.9638371984611345,56885.29308438413,541.0,0.6184961665342853,0,1.0,41.0,0.0,2.0,0.0,0.1111111111111111,792.0,284.0
USO,20,2008-12-22,2009-01-16,2008-12-19,25,0.0684931506849315,18,estimation,2008,2009-01-17,0.00493938375,260,260,171,0,OK,OK,41,31.0,30.749915407202476,31.0,0.008132854659461843,0.8710655,5.6,0.10000000000000009,30.0,12,28,18.0,59.0,0.8022213703662744,0.02777636538974874,0.001631236999821157,2.240775197483621,2.96681678841187,1.7546302246655667,4.240356376275119,True,0.8120363924336454,0.9879130761147837,44668.359215096345,652.0,0.7713748781502248,0,0.0,27.0,0.0,1.0,0.0,0.058823529411764705,714.0,247.0
USO,21,2009-01-20,2009-02-20,2009-01-16,31,0.08493150684931507,23,estimation,2009,2009-02-21,0.0037434014285714283,74,74,65,0,OK,OK,28,29.0,28.674896655437237,29.0,0.011337559415444927,0.7951585,5.325,0.07499999999999996,28.0,9,18,15.0,50.0,0.7505941378722274,0.03215480908820787,0.0019164034137050935,2.6934185862545172,2.5020958584550335,2.0035362313638236,3.3905997761541626,True,0.742755374137428,1.0105536277592104,34276.778654645044,636.0,0.7271538603454698,0,0.0,24.0,0.0,2.0,0.0,0.09090909090909091,638.0,186.0
USO,22,2009-02-23,2009-03-20,2009-02-20,25,0.0684931506849315,20,estimation,2009,2009-03-21,0.004867642142857143,114,114,77,0,OK,OK,20,23.0,23.350116709505773,23.0,0.014994216682576215,0.774897,3.75,0.10000000000000009,23.0,7,12,16.0,35.0,0.6209418254265685,0.021373865499758143,0.0013154218583358267,1.7894764650862236,2.070287136653641,1.5007303043170184,2.572680521686317,True,0.6277594407953515,0.9891397644929955,23988.329190194898,407.0,0.597073815583701,0,2.0,15.0,1.0,2.0,0.05263157894736842,0.10526315789473684,399.0,107.0
USO,23,2009-03-23,2009-04-17,2009-03-20,25,0.0684931506849315,19,estimation,2009,2009-04-18,0.005325316857142858,256,256,151,0,OK,OK,23,32.0,31.774917916791843,32.0,0.007083640115061002,0.5894655,3.9250000000000003,0.07500000000000007,31.0,10,12,21.0,43.0,0.38274822628384,0.013415355662966116,0.0007939885722219306,2.524562988474234,2.121038089930911,2.091011118524549,2.5092133422294585,True,0.3900963699913346,0.9811632604844339,32734.069487883862,628.0,0.3680362292714661,0,0.0,3.0,0.0,0.0,0.0,0.0,432.0,158.0
USO,24,2009-04-20,2009-05-15,2009-04-17,25,0.0684931506849315,20,estimation,2009,2009-05-16,0.004321133125,82,82,57,0,OK,OK,16,27.0,27.25007400295628,27.0,0.009177002709392593,0.5737479999999999,3.25,0.10000000000000009,27.0,6,9,21.0,36.0,0.3301213155923412,0.011345058558111297,0.000598401967175526,1.6736809228728549,1.9158788447151547,1.4799353006347196,2.219902950952079,True,0.33334524386288716,0.9903285607642507,17579.23613958693,331.0,0.3174288266553918,0,0.0,4.0,0.0,0.0,0.0,0.0,323.0,90.0
USO,25,2009-05-18,2009-06-19,2009-05-15,32,0.08767123287671233,24,estimation,2009,2009-06-20,0.0033394421428571425,46,46,39,0,OK,OK,16,33.0,32.674904834841605,33.0,0.009949383687622623,0.40827,3.175,0.07500000000000007,32.0,7,8,25.0,40.0,0.1820366292980579,0.008199697276146917,0.0005173376725844443,2.0420897997729073,1.8459006164222578,1.8095560345088741,2.0680640394387133,True,0.18428494239745893,0.9877998002975633,26302.679918953814,516.0,0.17652323824872046,0,2.0,13.0,1.0,2.0,0.043478260869565216,0.08695652173913043,391.0,99.0
USO,26,2009-06-22,2009-07-17,2009-06-19,25,0.0684931506849315,19,estimation,2009,2009-07-18,0.0032595837142857143,142,142,93,0,OK,OK,22,36.0,36.25005582102067,36.0,0.006898080992075909,0.45679899999999996,3.45,0.09999999999999987,36.0,9,12,27.0,48.0,0.23429664991788185,0.008046184712394317,0.0005349592743375208,2.4063792946079796,2.4063792946079796,2.0911793999705344,2.788239199960713,True,0.23797205166095484,0.9845553218648153,18407.72001468958,391.0,0.22528821887379832,0,0.0,1.0,0.0,0.0,0.0,0.0,414.0,163.0
USO,27,2009-07-20,2009-08-21,2009-07-17,32,0.08767123287671233,25,estimation,2009,2009-08-22,0.0029687599999999995,56,56,46,0,OK,OK,18,35.0,34.774941430537154,35.0,0.006471860489323882,0.42125,3.475,0.07499999999999984,34.0,8,9,26.0,43.0,0.19243470238874702,0.00869297758072079,0.0005314651609904696,2.1507696697847534,1.8827941691519838,1.886438273500617,2.1222430576881943,True,0.19496042823208823,0.9870449307777757,27542.28703338163,514.0,0.18660558677742028,0,0.0,3.0,0.0,1.0,0.0,0.041666666666666664,456.0,116.0
USO,28,2009-08-24,2009-09-18,2009-08-21,25,0.0684931506849315,19,estimation,2009,2009-09-19,0.0027137834285714283,52,52,44,0,OK,OK,18,38.0,38.27505112053464,38.0,0.007186172519233445,0.4290545,3.4250000000000003,0.07499999999999996,38.0,9,8,29.0,46.0,0.19643745854743877,0.006752250707369624,0.0003962182005878156,2.4071018945235823,1.7014645800043975,2.1092248502951834,1.8748665335957186,True,0.19922011943253792,0.9860322296110186,24831.331052955677,500.0,0.18888385511489367,0,0.0,0.0,0.0,0.0,0.0,0.0,342.0,128.0
USO,29,2009-09-21,2009-10-16,2009-09-18,25,0.0684931506849315,20,estimation,2009,2009-10-17,0.0024961749999999998,112,112,73,0,OK,OK,17,36.0,35.79996580289865,36.0,0.0055875527424430185,0.41981250000000003,3.15,0.050000000000000044,35.0,7,9,28.0,44.0,0.1853851211380815,0.006608877653605046,0.00041102412335023125,2.0309788593384868,2.082840364435706,1.8203339037825508,2.3404293048632794,True,0.1879191459632645,0.9865153451384971,22130.94709605641,466.0,0.1782562192100914,0,0.0,1.0,0.0,0.0,0.0,0.0,342.0,101.0
USO,30,2009-10-19,2009-11-20,2009-10-16,32,0.08767123287671233,25,estimation,2009,2009-11-21,0.002507269285714286,48,48,41,0,OK,OK,17,41.0,40.64992305615729,41.0,0.008611995239427198,0.377629,3.65,0.09999999999999987,40.0,8,8,32.0,48.0,0.1497403434787659,0.00669448854214426,0.0003776986742383347,1.995677886673733,1.6305875613016385,1.7886942059675364,1.7886942059675364,True,0.15408306738555366,0.9718156966857286,29512.0922666639,491.0,0.14520398254535746,0,0.0,0.0,0.0,0.0,0.0,0.0,432.0,49.0
USO,31,2009-11-23,2009-12-18,2009-11-20,25,0.0684931506849315,19,estimation,2009,2009-12-19,0.002357116,52,52,45,0,OK,OK,19,39.0,39.390062969140466,39.0,0.00990257287595744,0.334028,2.75,0.020000000000000018,39.0,8,10,31.0,49.0,0.1187973665652477,0.004117754261937314,0.00011229697553092031,2.626135263617911,2.6110837552264647,2.3464912260747437,2.9331140325934295,True,0.11793226759452648,1.0073355578449115,19724.227361148533,604.0,0.11422900930845026,0,1.0,2.0,0.0,0.0,0.0,0.0,360.0,78.0
USO,32,2009-12-21,2010-01-15,2009-12-18,25,0.0684931506849315,18,estimation,2009,2010-01-16,0.002315200625,226,226,148,0,OK,OK,35,36.0,36.19503092465201,36.0,0.005388334245604303,0.345417,2.605,0.015000000000000013,36.0,13,21,23.0,61.0,0.1549965730953656,0.0053219326161754385,0.0002765165611166802,4.956038819982549,5.833587640035171,3.9946025185831178,7.681927920352149,True,0.1556578548937967,0.9957516965727026,13645.831365889238,723.0,0.14807005858636305,0,1.0,7.0,0.0,0.0,0.0,0.0,612.0,200.0
USO,33,2010-01-19,2010-02-19,2010-01-15,31,0.08493150684931507,23,estimation,2010,2010-02-20,0.0023373957142857143,56,56,49,0,OK,OK,21,39.0,38.87497518271922,39.0,0.0032160745233442054,0.2610005,2.365,0.014999999999999902,38.0,8,12,30.0,50.0,0.08109235986141944,0.003708002549634749,0.00010951244773544183,3.10778596967041,3.6080011310891873,2.767774070388203,4.1516611055823045,True,0.0805622787316591,1.0065797683246518,17988.709151287872,683.0,0.0785588245312735,0,0.0,0.0,0.0,0.0,0.0,0.0,484.0,105.0
USO,34,2010-02-22,2010-03-19,2010-02-19,25,0.0684931506849315,20,estimation,2010,2010-03-20,0.0022998859999999997,46,46,44,0,OK,OK,21,39.0,38.989998424611535,39.0,0.00025651643479296827,0.30198250000000004,2.46,0.020000000000000018,38.0,10,10,28.0,48.0,0.10912366759047641,0.004075838526899912,0.0001332317480250087,3.864004187443286,2.955936496318471,3.3297456108327643,3.3297456108327643,True,0.1085588000818894,1.0052033322785525,14962.35656094436,580.0,0.1049274044031162,0,0.0,1.0,0.0,0.0,0.0,0.0,418.0,82.0
USO,35,2010-03-22,2010-04-16,2010-03-19,25,0.0684931506849315,19,estimation,2010,2010-04-17,0.00247930125,88,88,72,0,OK,OK,28,40.0,39.52491933095258,40.0,0.012019775804460125,0.2719375,2.285,0.014999999999999902,39.0,10,17,29.0,60.0,0.09213792712252442,0.0032454359587645886,0.0001372399173824263,4.162831878611327,6.052932056812806,3.6028212882707162,7.565924705368505,True,0.09111212177301743,1.0112587143131462,13335.21432163324,787.0,0.08763847121350275,0,1.0,3.0,0.0,1.0,0.0,0.05555555555555555,522.0,180.0
USO,36,2010-04-19,2010-05-21,2010-04-16,32,0.08767123287671233,25,estimation,2010,2010-05-22,0.00263757,48,48,46,0,OK,OK,22,40.0,40.055012719616336,40.0,0.001373429088674194,0.270919,2.565,0.015000000000000013,40.0,9,12,31.0,52.0,0.08230718714181633,0.003608097606051681,9.577097804878581e-05,3.1775223171861855,3.2706694958034093,2.8048813661776366,3.739841821570182,True,0.08183561512451103,1.0057624301667167,15848.93192461114,605.0,0.07981370426854359,0,0.0,4.0,0.0,0.0,0.0,0.0,552.0,127.0
USO,37,2010-05-24,2010-06-18,2010-05-21,25,0.0684931506849315,19,estimation,2010,2010-06-19,0.0035471888571428573,76,76,59,0,OK,OK,21,32.0,32.16504009296351,32.0,0.005131039553705167,0.41533050000000005,2.785,0.03500000000000003,32.0,9,11,23.0,44.0,0.2022943536164465,0.006939502527125035,0.00018859557093733092,3.0381869709920815,2.929739082659554,2.587468873747612,3.4499584983301492,True,0.20260478532138387,0.9984677967776281,16405.89773199539,525.0,0.1945165893949779,0,0.0,1.0,0.0,0.0,0.0,0.0,396.0,115.0
USO,38,2010-06-21,2010-07-16,2010-06-18,25,0.0684931506849315,19,estimation,2010,2010-07-17,0.0034889943750000003,106,106,76,0,OK,OK,23,35.0,35.305072895235945,35.0,0.008641049861055843,0.31593899999999997,2.335,0.025000000000000022,35.0,8,14,27.0,49.0,0.1193057786284441,0.004122816519603009,0.00011083564926141795,3.138551700319413,4.069325442333294,2.7643633811109547,4.837635916944171,True,0.11889291502739255,1.003472566897333,13803.842646028867,589.0,0.11471823078399833,0,0.0,0.0,0.0,0.0,0.0,0.0,432.0,140.0
USO,39,2010-07-19,2010-08-20,2010-07-16,32,0.08767123287671233,25,estimation,2010,2010-08-21,0.003464802142857143,70,70,56,0,OK,OK,21,34.0,34.435132157183105,34.0,0.012636285384266699,0.31387600000000004,2.565,0.025000000000000022,34.0,9,11,25.0,45.0,0.11794064672490845,0.005250300321763938,0.00013305786018015875,3.3085434625892907,3.0160565228835337,2.8482422614381213,3.4811849862021487,True,0.1181435946582142,0.9982821926665354,16595.86907437563,597.0,0.11436805679888727,0,0.0,0.0,0.0,0.0,0.0,0.0,528.0,149.0
USO,40,2010-08-23,2010-09-17,2010-08-20,25,0.0684931506849315,19,estimation,2010,2010-09-18,0.0026679077142857145,56,56,48,0,OK,OK,20,32.0,32.45508315129634,32.0,0.014021937616824916,0.302644,2.065,0.015000000000000013,32.0,5,14,27.0,46.0,0.1067592070970348,0.0037565740913192065,8.790079405345248e-05,2.1450394128789783,4.581818718910401,1.972715175931003,5.523602492606809,False,0.10620781362203945,1.0051916469814322,10592.537251772897,460.0,0.10265387680753284,0,0.0,0.0,0.0,0.0,0.0,0.0,378.0,118.0
USO,41,2010-09-20,2010-10-15,2010-09-17,25,0.0684931506849315,20,estimation,2010,2010-10-16,0.0025833412499999997,80,80,57,0,OK,OK,17,33.0,33.21003716093567,33.0,0.00632450845862746,0.288169,2.0,0.010000000000000009,33.0,7,9,26.0,49.0,0.0975642649531354,0.003360902316347073,9.932452610270381e-05,3.161225674817197,5.241673621480118,2.8126342995445457,6.428878398958962,True,0.09599196631805007,1.01637948148573,10000.0,592.0,0.09129799625731264,0,2.0,2.0,0.0,0.0,0.0,0.0,342.0,106.0
USO,42,2010-10-18,2010-11-19,2010-10-15,32,0.08767123287671233,25,estimation,2010,2010-11-20,0.002617467857142857,38,38,35,0,OK,OK,16,36.0,36.210048195622825,36.0,0.005800826181949581,0.292827,2.51,0.020000000000000018,36.0,9,6,27.0,50.0,0.10481171774629694,0.004610449844719714,0.00011684161587252061,3.317975108283127,3.7887947201356504,2.8833697213086342,4.485241788702321,True,0.10242795144688947,1.023272615196678,17579.23613958693,714.0,0.101636433667946,0,0.0,0.0,0.0,0.0,0.0,0.0,408.0,94.0
USO,43,2010-11-22,2010-12-17,2010-11-19,25,0.0684931506849315,19,estimation,2010,2010-12-18,0.002580653714285714,34,34,31,0,OK,OK,14,35.0,35.05500972249994,35.0,0.0015692399727001436,0.2918925,2.1350000000000002,0.015000000000000013,35.0,5,8,30.0,45.0,0.09217920531222902,0.0031574990704518286,8.614591261167552e-05,2.017896727690713,3.289810742435844,1.870059615836339,3.740119231672678,False,0.09132063713440866,1.0094016884327766,11350.108156723143,446.0,0.08863454387016884,0,3.0,3.0,1.0,1.0,0.05555555555555555,0.05555555555555555,270.0,63.0
USO,44,2010-12-20,2011-01-21,2010-12-17,32,0.08767123287671233,23,estimation,2010,2011-01-22,0.0026658592857142856,132,132,92,0,OK,OK,26,38.0,38.0,38.0,0.0,0.24709350000000002,2.22,0.020000000000000018,38.0,11,14,27.0,52.0,0.0744075357872644,0.003260937966107354,0.00010074227900648613,4.671084757528245,4.287122370596266,3.9565732508024936,5.035638682839537,True,0.07379916585440541,1.0082435882007015,12882.495516931323,738.0,0.0721533740248008,0,0.0,0.0,0.0,0.0,0.0,0.0,594.0,169.0
USO,45,2011-01-24,2011-02-18,2011-01-21,25,0.0684931506849315,20,estimation,2011,2011-02-19,0.0026419857142857147,72,72,53,0,OK,OK,17,37.0,36.90998371231304,37.0,0.002438805944445002,0.2486665,1.92,0.010000000000000009,36.0,6,10,30.0,50.0,0.07372951419127216,0.0028439402708398264,8.964155633948153e-05,2.801542187378987,5.047773935957566,2.560990077680052,5.975643514586789,True,0.07241272063191759,1.0181845613293277,13031.667784523,685.0,0.06963592007024096,0,0.0,0.0,0.0,0.0,0.0,0.0,342.0,62.0
USO,46,2011-02-22,2011-03-18,2011-02-18,24,0.06575342465753424,19,estimation,2011,2011-03-19,0.002652406571428571,64,64,58,0,OK,OK,26,38.0,38.480083721612026,38.0,0.012476161046977937,0.350471,2.77,0.009999999999999898,38.0,7,18,31.0,56.0,0.1574330557793571,0.005254770974289234,7.542648092588754e-05,2.265501054862578,4.3147727280761705,2.0497607229404906,5.270813287561261,True,0.15902659095240934,0.9899794420322503,19275.249131909368,556.0,0.15113694330560382,0,0.0,0.0,0.0,0.0,0.0,0.0,486.0,83.0
USO,47,2011-03-21,2011-04-15,2011-03-18,25,0.0684931506849315,20,estimation,2011,2011-04-16,0.0025316749999999997,90,90,77,0,OK,OK,32,41.0,41.10001734174323,41.0,0.0024335109377593756,0.3625695,3.11,0.010000000000000009,41.0,11,20,30.0,61.0,0.15666129248707608,0.005367157449453054,0.00010461068647795233,3.2920088303823567,4.187026312385873,2.827443847451698,5.140806995366723,True,0.15652997104680805,1.0008389539676639,24831.331052955677,815.0,0.15063695276039873,0,0.0,0.0,0.0,0.0,0.0,0.0,627.0,225.0
USO,48,2011-04-18,2011-05-20,2011-04-15,32,0.08767123287671233,24,estimation,2011,2011-05-21,0.002184067142857143,88,88,74,0,OK,OK,30,43.0,42.82996744530727,43.0,0.003969943589377199,0.283819,2.88,0.010000000000000009,42.0,8,21,34.0,63.0,0.09423678987877068,0.004325350601211003,7.382304948905305e-05,2.5144798794947847,4.824846098582166,2.2665780263555457,5.949767319183307,True,0.09383698852270578,1.004260594487942,20892.96130854041,681.0,0.09138182379685829,0,2.0,2.0,1.0,0.0,0.043478260869565216,0.0,713.0,199.0
USO,49,2011-05-23,2011-06-17,2011-05-20,25,0.0684931506849315,19,estimation,2011,2011-06-18,0.001903873142857143,88,88,69,0,OK,OK,25,38.0,38.440057380740036,38.0,0.011447885636105272,0.3577085,2.88,0.020000000000000018,38.0,11,13,27.0,55.0,0.15320563406774926,0.005313128897402326,0.00011097140293900313,3.6505205154358045,3.94958856368286,3.0921194053695564,4.778729990116587,True,0.15255859223152476,1.0042412677434944,19498.445997580457,750.0,0.14605620391397395,0,0.0,0.0,0.0,0.0,0.0,0.0,468.0,138.0
USO,50,2011-06-20,2011-07-15,2011-06-17,25,0.0684931506849315,19,estimation,2011,2011-07-16,0.00183209125,90,90,67,0,OK,OK,22,37.0,36.72996611673456,37.0,0.00735186856440934,0.3288535,2.5399999999999996,0.010000000000000009,36.0,10,11,26.0,47.0,0.1275883947401128,0.004574466557890292,9.079404562443642e-05,3.7811282110112208,3.0979955871115217,3.227538702144606,3.5502925723590666,True,0.12657176840362902,1.0080320149533015,17378.00828749376,692.0,0.12268191249546723,0,0.0,0.0,0.0,0.0,0.0,0.0,414.0,146.0
USO,51,2011-07-18,2011-08-19,2011-07-15,32,0.08767123287671233,25,estimation,2011,2011-08-20,0.0019218105714285713,94,94,71,0,OK,OK,24,38.0,37.55992585925333,38.0,0.011716587045345547,0.295794,2.66,0.020000000000000018,37.0,11,12,26.0,50.0,0.1083033389348443,0.004861230330924239,0.00011383195194336516,4.028440656699149,3.4379549680257155,3.394478355626269,4.011656238467409,True,0.10756999128512483,1.0068173999175631,16982.43652461746,688.0,0.10502222657459925,0,3.0,4.0,0.0,0.0,0.0,0.0,600.0,201.0
USO,52,2011-08-22,2011-09-16,2011-08-19,25,0.0684931506849315,19,estimation,2011,2011-09-17,0.002112013125,84,84,67,0,OK,OK,25,33.0,32.72496021605339,33.0,0.008404587267051533,0.46334149999999996,3.185,0.025000000000000022,32.0,13,11,19.0,43.0,0.2792413168928209,0.009818263065872626,0.00022919041949205846,4.298930159282352,2.4365768494184694,3.35018354805603,2.8347706945089484,True,0.2796835756083392,0.998418717600573,21379.620895022323,677.0,0.26850317941412405,0,0.0,6.0,0.0,1.0,0.0,0.05555555555555555,468.0,140.0
USO,53,2011-09-19,2011-10-21,2011-09-16,32,0.08767123287671233,25,estimation,2011,2011-10-22,0.0023955685714285714,96,96,76,0,OK,OK,28,33.0,33.285059862684314,33.0,0.008564198588204813,0.4174095,3.2750000000000004,0.015000000000000013,33.0,13,14,20.0,47.0,0.21304512687100954,0.009374304501034958,0.00018349026274787778,4.05183734797808,2.8613471099432553,3.187414370739515,3.432600091565632,True,0.2131377210514693,0.999565566432807,25703.957827688646,832.0,0.20659109040923798,0,0.0,3.0,0.0,0.0,0.0,0.0,696.0,209.0
USO,54,2011-10-24,2011-11-18,2011-10-21,25,0.0684931506849315,20,estimation,2011,2011-11-19,0.002388331142857143,98,98,80,0,OK,OK,31,35.0,35.32005235126576,35.0,0.009061491418041134,0.41041150000000004,3.03,0.030000000000000027,35.0,14,16,20.0,51.0,0.20785320036262922,0.007158898701908549,0.0001855115670500854,5.210109666301691,3.5050645019742483,3.99006638275615,4.256070808273226,True,0.2068984230438528,1.004614715301982,20417.379446695315,946.0,0.19986073421775524,0,1.0,9.0,0.0,1.0,0.0,0.05263157894736842,608.0,164.0
USO,55,2011-11-21,2011-12-16,2011-11-18,25,0.0684931506849315,19,estimation,2011,2011-12-17,0.0024600200000000003,102,102,94,0,OK,OK,43,38.0,37.61493512414413,38.0,0.010237020869104297,0.38764,3.075,0.015000000000000013,37.0,16,26,21.0,63.0,0.2026340512602116,0.007076439871458382,0.0002147920290424601,5.582999873358964,5.246098415892564,4.2625167791888945,6.926589766181954,True,0.20249606056867048,1.0006814487706754,24266.100950824144,1136.0,0.1948422179381007,0,0.0,17.0,0.0,1.0,0.0,0.05555555555555555,792.0,338.0
USO,56,2011-12-19,2012-01-20,2011-12-16,32,0.08767123287671233,22,estimation,2011,2012-01-21,0.003000421428571428,102,102,92,0,OK,OK,41,36.0,36.13003420108206,36.0,0.003599061112379656,0.368998,3.15,0.020000000000000018,36.0,13,27,23.0,63.0,0.17292385957499026,0.007584752037852566,0.0001919128863165685,4.100618912245746,5.121974230922511,3.305127992250896,6.864496599290322,True,0.17305476215087903,0.9992435771529093,16788.040181225588,636.0,0.16768599448492483,0,1.0,10.0,0.0,0.0,0.0,0.0,882.0,300.0
USO,57,2012-01-23,2012-02-17,2012-01-20,25,0.0684931506849315,20,estimation,2012,2012-02-18,0.002677076285714286,82,82,68,0,OK,OK,27,38.0,38.3450632654794,38.0,0.008998896757331752,0.2926485,2.355,0.015000000000000013,38.0,8,18,30.0,59.0,0.10529466664803036,0.003646541797658783,0.00010120948395812916,3.086433905302828,5.744268282497144,2.7487580600571824,7.215489907650105,True,0.10417915510069631,1.0107076271280548,16595.86907437563,798.0,0.10055302565818369,0,0.0,1.0,0.0,0.0,0.0,0.0,532.0,193.0
USO,58,2012-02-21,2012-03-16,2012-02-17,24,0.06575342465753424,19,estimation,2012,2012-03-17,0.00239268,120,120,102,0,OK,OK,42,40.5,40.57001101374964,40.5,0.001725683873389012,0.30013650000000003,2.49,0.020000000000000018,40.5,17,24,32.0,63.0,0.11969846977554165,0.003936166988130834,0.00010192941273241505,3.0607984770603145,5.740898966284017,2.7270047857382504,7.21854207989537,True,0.1200220996521595,0.9973035809442113,14791.083881682072,595.0,0.11491143529900513,0,0.0,4.0,0.0,0.0,0.0,0.0,774.0,235.0
USO,59,2012-03-19,2012-04-20,2012-03-16,32,0.08767123287671233,24,estimation,2012,2012-04-21,0.00251463,90,90,76,0,OK,OK,31,41.0,41.24505401882882,41.0,0.005941415877815251,0.2421005,2.365,0.015000000000000013,41.0,11,19,30.0,60.0,0.07520706316351498,0.003313879143502545,9.040223072277981e-05,4.357642399593593,5.3117952590924284,3.742696276636206,6.464657205098901,True,0.07490728214984535,1.0040020276409167,15310.87461682032,802.0,0.07292882442015194,0,1.0,2.0,0.0,0.0,0.0,0.0,736.0,323.0
USO,60,2012-04-23,2012-05-18,2012-04-20,25,0.0684931506849315,20,estimation,2012,2012-05-19,0.0023845957142857145,84,84,64,0,OK,OK,22,39.0,38.994999183290936,39.0,0.0001282425134966188,0.236265,1.9249999999999998,0.015000000000000013,38.0,7,14,31.0,52.0,0.07142188719960882,0.002788305471896572,8.339565397498088e-05,3.2927031750355087,5.072625440008592,2.979143896668206,5.958287793336412,True,0.07050567350728924,1.0129948931304777,12589.254117941662,620.0,0.0686756410150697,0,1.0,2.0,0.0,0.0,0.0,0.0,437.0,164.0
USO,61,2012-05-21,2012-06-15,2012-05-18,25,0.0684931506849315,19,estimation,2012,2012-06-16,0.002337328125,84,84,68,0,OK,OK,26,35.0,35.14002241452958,35.0,0.003984699067001343,0.2671055,1.96,0.020000000000000018,35.0,7,18,28.0,53.0,0.0867867774774161,0.002979675418170036,0.00010945663525034261,3.1921106543520765,5.935850188483199,2.8610377808832546,7.356954293699796,True,0.08558493192899347,1.0140427236586431,10000.0,594.0,0.08344944958879182,0,2.0,8.0,0.0,0.0,0.0,0.0,486.0,238.0
USO,62,2012-06-18,2012-07-20,2012-06-15,32,0.08767123287671233,24,estimation,2012,2012-07-21,0.0025501799999999995,88,88,70,0,OK,OK,26,31.0,31.320071552774383,31.0,0.010219374889838996,0.33652499999999996,2.4899999999999998,0.010000000000000009,31.0,8,17,23.0,48.0,0.12422300869662724,0.0054974645800178875,0.00013606098106315194,2.9956305046505856,4.387811659866402,2.589896467665259,5.503529993788676,True,0.12300487139654331,1.0099031630719477,12445.14611771387,539.0,0.12045993489469722,0,1.0,3.0,0.0,0.0,0.0,0.0,621.0,227.0
USO,63,2012-07-23,2012-08-17,2012-07-20,25,0.0684931506849315,20,estimation,2012,2012-08-18,0.0024357751428571426,88,88,71,0,OK,OK,27,33.0,33.01000166847832,33.0,0.0003029890328017704,0.3469215,2.3899999999999997,0.020000000000000018,33.0,9,17,24.0,50.0,0.14200420812557646,0.004862392461886591,0.00014925318353410828,3.507450527195732,4.576488577672971,3.0038191518373836,5.673880620137281,True,0.14082904613144945,1.0083445995439755,21877.616239495517,1026.0,0.13654373980271636,0,2.0,4.0,1.0,1.0,0.05263157894736842,0.05263157894736842,532.0,254.0
USO,64,2012-08-20,2012-09-21,2012-08-17,32,0.08767123287671233,24,estimation,2012,2012-09-22,0.0024387021428571424,116,116,105,0,OK,OK,47,36.0,35.80495830375817,36.0,0.005447337616962347,0.2795505,2.375,0.015000000000000013,35.5,18,28,26.5,53.0,0.09598134538440266,0.004243391359572909,0.0001275618772631594,3.532406376728546,4.841664468742005,3.0628471641498285,5.955536152513556,True,0.09630609257538345,0.9966279683632,18407.72001468958,844.0,0.0930737250716806,0,0.0,3.0,0.0,0.0,0.0,0.0,1104.0,303.0
USO,65,2012-09-24,2012-10-19,2012-09-21,25,0.0684931506849315,20,estimation,2012,2012-10-20,0.002160122857142857,88,88,72,0,OK,OK,28,34.0,34.08501257698811,34.0,0.0024941336546699085,0.30722499999999997,2.1849999999999996,0.015000000000000013,34.0,8,19,26.0,53.0,0.11475529614479459,0.003932519946609331,0.00012296823456149348,3.3364317796971337,5.521228595953488,2.926381515680545,6.950156099741294,True,0.1135829954493592,1.0103210933185687,12445.14611771387,650.0,0.1103424602864498,0,0.0,3.0,0.0,0.0,0.0,0.0,551.0,236.0
USO,66,2012-10-22,2012-11-16,2012-10-19,25,0.0684931506849315,18,estimation,2012,2012-11-17,0.002083128125,118,118,104,0,OK,OK,45,33.0,32.8599800233737,33.0,0.004261109608913356,0.30361150000000003,2.0900000000000003,0.010000000000000009,32.5,18,26,23.0,46.0,0.11260472227848671,0.003917109476353979,0.00011868076529520772,4.35126181757994,4.37209569068818,3.6787345803772076,5.227675456325505,True,0.11292261519612362,0.9971848604720605,16032.453906900417,937.0,0.10827447682433614,0,1.0,0.0,0.0,0.0,0.0,0.0,782.0,291.0
USO,67,2012-11-19,2012-12-21,2012-11-16,32,0.08767123287671233,24,estimation,2012,2012-12-22,0.0021438385714285715,118,118,110,0,OK,OK,51,32.5,32.660030075301584,32.5,0.004899875319545513,0.28396849999999996,2.19,0.010000000000000009,32.5,15,35,25.0,54.0,0.0975650109934901,0.00428813925486508,0.00011027920694122367,3.120369016752083,6.038735937589843,2.7446007525969423,7.8678554907779015,True,0.0978636537965435,0.996948378775288,15667.5107010815,806.0,0.09460922105718506,0,0.0,5.0,0.0,0.0,0.0,0.0,1196.0,556.0
USO,68,2012-12-24,2013-01-18,2012-12-21,25,0.0684931506849315,18,estimation,2012,2013-01-19,0.002119068857142857,94,94,66,0,OK,OK,19,32.0,32.2300333850143,32.0,0.0071372369450060326,0.25182,1.7,0.020000000000000018,32.0,8,10,24.0,42.0,0.0820646578874415,0.00283585943521404,0.00014156899001974493,4.365148341663214,4.126190405502923,3.79337883697538,4.741723546219225,True,0.08097325586002628,1.013478549378104,7852.356346100718,526.0,0.07890888310538974,0,1.0,1.0,0.0,0.0,0.0,0.0,340.0,123.0
USO,69,2013-01-22,2013-02-15,2013-01-18,24,0.06575342465753424,19,estimation,2013,2013-02-16,0.0020027633333333334,108,108,85,0,OK,OK,31,35.0,34.97999736605561,35.0,0.0005718306303761205,0.18847999999999998,1.35,0.009999999999999953,34.5,11,19,29.0,44.0,0.04568243518329317,0.001598463094062805,6.091551239824988e-05,3.5932221890783484,5.032609480175282,3.2985200834946418,5.697443780581654,True,0.045811018772701655,0.9971931733270009,8128.305161640995,620.0,0.04385542854498669,0,0.0,1.0,0.0,0.0,0.0,0.0,576.0,253.0
USO,70,2013-02-19,2013-03-15,2013-02-15,24,0.06575342465753424,19,estimation,2013,2013-03-16,0.001998997142857143,104,104,81,0,OK,OK,29,35.0,34.93499145577946,35.0,0.0018608432838126488,0.1906775,1.365,0.015000000000000013,34.5,13,15,28.0,42.0,0.050324008550297894,0.0017337465325464167,7.91062713529048e-05,4.269508290756718,4.023170611603125,3.8533248544994034,4.446144062883927,True,0.05066301313252952,0.9933086375785659,8810.488730080147,628.0,0.04831136991162227,0,0.0,0.0,0.0,0.0,0.0,0.0,540.0,203.0
USO,71,2013-03-18,2013-04-19,2013-03-15,32,0.08767123287671233,24,estimation,2013,2013-04-20,0.0020778214285714284,134,134,96,0,OK,OK,29,33.5,33.62002186181113,33.5,0.003569951926398495,0.179601,1.4300000000000002,0.010000000000000009,33.5,13,15,27.0,60.0,0.04420032001454269,0.001943612204552852,0.00018258054237194326,4.0563002854720835,10.959268885819622,3.6486419091212268,14.875232398725,True,0.04227822799114173,1.0454629277226017,8413.951416451948,1044.0,0.038500609495683034,0,1.0,5.0,0.0,1.0,0.0,0.043478260869565216,690.0,271.0
USO,72,2013-04-22,2013-05-17,2013-04-19,25,0.0684931506849315,20,estimation,2013,2013-05-18,0.0019719488571428574,106,106,75,0,OK,OK,22,32.0,31.80997433591874,32.0,0.005973776089051757,0.2331885,1.56,0.009999999999999953,31.5,12,9,25.5,36.0,0.06344242690591848,0.002220803158299608,6.134424758134009e-05,3.462481697038183,2.188027003090501,3.121116615473511,2.3408374616051333,True,0.06344604903922443,0.9999429100257493,9440.608762859236,510.0,0.06100274593509114,0,1.0,3.0,0.0,0.0,0.0,0.0,437.0,119.0
USO,73,2013-05-20,2013-06-21,2013-05-17,32,0.08767123287671233,24,estimation,2013,2013-06-22,0.0020043157142857143,108,108,87,0,OK,OK,33,34.5,34.40998418373574,34.5,0.0026159795884709985,0.2086945,1.7000000000000002,0.010000000000000009,34.0,16,16,26.0,42.0,0.05625904307718761,0.002538405746554288,7.582684298279253e-05,4.3413301423699595,3.4196261277529123,3.8077770267646485,3.8077770267646485,True,0.056483452527142104,0.9960269877297842,11350.108156723143,682.0,0.05455460781801162,0,0.0,0.0,0.0,0.0,0.0,0.0,782.0,353.0
USO,74,2013-06-24,2013-07-19,2013-06-21,25,0.0684931506849315,19,estimation,2013,2013-07-20,0.0019067751428571429,116,116,81,0,OK,OK,23,33.5,33.620015673147904,33.5,0.003569768506793405,0.226243,1.5899999999999999,0.010000000000000009,33.5,12,10,27.5,41.5,0.06045908333516117,0.002076662679351666,0.00011950258698351036,3.3331830777889233,3.616723234638773,3.0248770041208974,4.0331693388278635,True,0.06043997178076256,1.0003162072025436,11748.975549395303,771.0,0.05640939176076304,0,1.0,4.0,0.0,0.0,0.0,0.0,432.0,132.0
USO,75,2013-07-22,2013-08-16,2013-07-19,25,0.0684931506849315,20,estimation,2013,2013-08-17,0.00185862,104,104,84,0,OK,OK,32,38.0,37.85998217648197,38.0,0.003698306641174439,0.219387,1.74,0.019999999999999962,37.5,15,16,27.5,50.0,0.062230246052711165,0.002176971095291225,0.00016183545360738585,5.401871200387533,5.0104685117971,4.64444977433614,5.805562217920175,True,0.06218233027963096,1.0007705689520596,11748.975549395303,984.0,0.0575125612723976,0,0.0,0.0,0.0,0.0,0.0,0.0,627.0,273.0
USO,76,2013-08-19,2013-09-20,2013-08-16,32,0.08767123287671233,24,estimation,2013,2013-09-21,0.0018842378571428573,76,76,58,0,OK,OK,20,38.0,38.120019824852136,38.0,0.003148472256929147,0.2206435,1.9900000000000002,0.009999999999999953,38.0,8,11,30.0,50.0,0.05754126916584263,0.0025269273354053797,7.147123946034156e-05,3.618321567088351,4.200710227185846,3.222453769162114,4.833680653743171,True,0.05667064459504016,1.0153628845590839,11481.53621496884,648.0,0.055797960782396266,0,0.0,0.0,0.0,0.0,0.0,0.0,483.0,160.0
USO,77,2013-09-23,2013-10-18,2013-09-20,25,0.0684931506849315,20,estimation,2013,2013-10-19,0.0018010765714285715,114,114,82,0,OK,OK,25,37.5,37.254969774590506,37.5,0.006577115131002328,0.20817449999999998,1.6349999999999998,0.014999999999999958,37.0,12,12,31.0,44.0,0.0489772565271749,0.0017008369323940193,5.0898362661143716e-05,3.247522086645628,3.180362231538762,2.9764488523176165,3.4725236610372194,True,0.048914178531604215,1.001289564651074,9885.53094656939,592.0,0.04709380521444521,0,0.0,0.0,0.0,0.0,0.0,0.0,494.0,160.0
USO,78,2013-10-21,2013-11-15,2013-10-18,25,0.0684931506849315,20,estimation,2013,2013-11-16,0.0017239525,118,118,84,0,OK,OK,25,36.0,35.91999055312721,36.0,0.002227435075587117,0.192952,1.4500000000000002,0.009999999999999953,35.5,10,14,30.5,44.0,0.04408306815192194,0.0015794905647800264,5.329024419471889e-05,3.006187863901404,4.250813706477584,2.789130241914183,4.74152141125411,True,0.044120652744465805,0.9991481406052276,14288.939585111037,947.0,0.04169501966529719,0,1.0,0.0,0.0,0.0,0.0,0.0,494.0,221.0
USO,79,2013-11-18,2013-12-20,2013-11-15,32,0.08767123287671233,24,estimation,2013,2013-12-21,0.0017283785714285716,118,118,78,0,OK,OK,19,33.5,33.60001515405614,33.5,0.0029766401472608836,0.1875155,1.49,0.010000000000000009,33.5,10,8,28.5,37.5,0.039329114758569976,0.0017282107810791848,4.6315913471011146e-05,2.9112985490265606,2.031543013468699,2.688186947910076,2.150549558328061,True,0.03951946068305945,0.9951834888128657,9772.372209558112,503.0,0.038137546805962735,0,0.0,0.0,0.0,0.0,0.0,0.0,460.0,145.0
USO,80,2013-12-23,2014-01-17,2013-12-20,25,0.0684931506849315,18,estimation,2013,2014-01-18,0.001724376,148,148,91,0,OK,OK,17,35.5,35.36998464506037,35.5,0.003675866875384333,0.13707350000000001,1.02,0.010000000000000009,35.0,9,7,30.0,38.5,0.02341922771890722,0.0008577999408644778,5.353644722475471e-05,4.297029845940035,2.6568205064034682,3.982216667813316,2.7875516674693213,True,0.023266616889193497,1.0065592187484982,5821.032177708716,547.0,0.022518633964060654,0,2.0,2.0,0.0,0.0,0.0,0.0,306.0,93.0
USO,81,2014-01-21,2014-02-21,2014-01-17,31,0.08493150684931507,23,estimation,2014,2014-02-22,0.0016302464285714285,96,96,65,0,OK,OK,17,34.0,33.97499653827821,34.0,0.0007359371381721097,0.17520249999999998,1.3849999999999998,0.014999999999999958,33.5,8,8,29.5,37.5,0.03407782104140158,0.0015474481089015964,5.436991486940426e-05,2.4903439203430917,2.2091084536275494,2.338516673164553,2.338516673164553,True,0.034148771103157345,0.9979223245972325,7498.942093324558,373.0,0.03301309483346143,0,0.0,1.0,0.0,0.0,0.0,0.0,396.0,66.0
USO,82,2014-02-24,2014-03-21,2014-02-21,25,0.0684931506849315,20,estimation,2014,2014-03-22,0.0015204528571428572,96,96,68,0,OK,OK,20,37.0,36.77997708787352,37.0,0.005982138368406528,0.1660655,1.29,0.010000000000000009,36.5,10,9,31.0,42.0,0.033674889873524,0.0011825455874375492,6.504589581907618e-05,3.7579398678042546,3.22947698782854,3.467103732257664,3.467103732257664,True,0.033510772637573155,1.0048974470903973,8035.261221856177,639.0,0.031850532100476815,0,1.0,0.0,0.0,0.0,0.0,0.0,399.0,122.0
USO,83,2014-03-24,2014-04-17,2014-03-21,24,0.06575342465753424,19,estimation,2014,2014-04-19,0.0014638579999999997,106,106,81,0,OK,OK,28,36.0,35.78497930446351,36.0,0.006008685759101951,0.170331,1.2850000000000001,0.015000000000000013,35.5,9,18,31.0,50.0,0.04014324380310848,0.0013518688186761939,0.00012221946626624747,3.1033602531532893,7.8414323945589,2.9022263172916403,9.351618133495286,True,0.03973759639419846,1.010208151617576,7328.245331389045,744.0,0.03524711299083962,0,0.0,1.0,0.0,0.0,0.0,0.0,522.0,225.0
USO,84,2014-04-21,2014-05-16,2014-04-17,25,0.0684931506849315,20,estimation,2014,2014-05-17,0.00152832,96,96,73,0,OK,OK,25,37.5,37.62001256219174,37.5,0.003190125521445266,0.1663385,1.31,0.010000000000000009,37.5,10,14,32.5,45.0,0.033975110308993556,0.0011685299195211777,8.165943091469584e-05,3.2871978273334266,4.188144598742184,3.0628264131343097,4.594239619701464,True,0.03418194379730739,0.993949042525483,8222.426499470712,635.0,0.032668545656905475,0,0.0,0.0,0.0,0.0,0.0,0.0,494.0,200.0
USO,85,2014-05-19,2014-06-20,2014-05-16,32,0.08767123287671233,24,estimation,2014,2014-06-21,0.0015188771428571429,92,92,66,0,OK,OK,20,37.5,37.36998268780924,37.5,0.0034791911271923885,0.14433,1.2799999999999998,0.010000000000000009,37.0,10,9,32.0,50.0,0.028615120209342884,0.0013041830760024723,0.000123156578278669,3.3972510047892452,7.045842526239856,3.1621546919751973,8.221602199135514,True,0.027428005213187178,1.0432811276988145,6918.309709189362,710.0,0.0245956880091555,0,1.0,2.0,0.0,0.0,0.0,0.0,483.0,178.0
USO,86,2014-06-23,2014-07-18,2014-06-20,25,0.0684931506849315,19,estimation,2014,2014-07-19,0.0014827728571428572,106,106,83,0,OK,OK,30,39.0,39.13001320344247,39.0,0.003322595440142492,0.1474025,1.21,0.020000000000000018,39.0,8,21,34.5,50.0,0.032851508639049266,0.0011304935313230262,0.00014626614973349168,3.1781198754575595,6.4406609172955385,2.991021158634373,7.311385054439578,True,0.033065472950427034,0.9935290714970704,7328.245331389045,623.0,0.0315881517192399,0,3.0,5.0,1.0,1.0,0.05555555555555555,0.05555555555555555,558.0,280.0
USO,87,2014-07-21,2014-08-15,2014-07-18,25,0.0684931506849315,20,estimation,2014,2014-08-16,0.0014889430434782609,106,106,72,0,OK,OK,19,38.0,38.08000815900805,38.0,0.0021010541456285363,0.1519255,1.21,0.009999999999999953,38.0,8,10,32.5,43.0,0.03145295353880369,0.0010792623902557451,0.000124936305788018,3.93217396784528,3.108946572829479,3.6401966566364305,3.3092696878513004,True,0.03160853738496492,0.9950777903999051,7943.282347242822,632.0,0.02785208623245236,0,2.0,3.0,1.0,1.0,0.05263157894736842,0.05263157894736842,380.0,127.0
USO,88,2014-08-18,2014-09-19,2014-08-15,32,0.08767123287671233,24,estimation,2014,2014-09-20,0.001589647142857143,92,92,76,0,OK,OK,30,35.0,35.04000557504147,35.0,0.0011417114348282193,0.16783900000000002,1.3900000000000001,0.010000000000000009,35.0,12,17,29.0,50.0,0.039705192823577484,0.0017409122050611192,0.0002057970364088661,3.784051610378036,7.177135762793424,3.4495446110616963,8.62386152765424,True,0.03959077329860932,1.0028900553193332,10000.0,932.0,0.036600788784315864,0,0.0,0.0,0.0,0.0,0.0,0.0,713.0,337.0
USO,89,2014-09-22,2014-10-17,2014-09-19,25,0.0684931506849315,20,estimation,2014,2014-10-18,0.0015313148571428573,104,104,69,0,OK,OK,17,34.0,34.19502045356557,34.0,0.00570318283126611,0.184846,1.325,0.014999999999999958,34.0,8,8,30.0,44.0,0.042964412737384404,0.0014876782048710412,0.0001504939021765938,2.587276423160631,5.329645452790843,2.4319097009265964,6.079774252316492,True,0.04193564144913498,1.024532146229294,6683.439175686149,567.0,0.03780135600212914,0,1.0,6.0,0.0,1.0,0.0,0.05263157894736842,342.0,69.0
USO,90,2014-10-20,2014-11-21,2014-10-17,32,0.08767123287671233,25,estimation,2014,2014-11-22,0.001647217857142857,110,110,83,0,OK,OK,28,31.0,31.16002310784776,31.0,0.005135525968446971,0.27480899999999997,2.02,0.019999999999999962,31.0,13,14,24.5,50.0,0.08964631035261093,0.003942455196865485,0.00029081435197529355,2.891934271681393,5.874905892152293,2.576867891461358,7.532383067348585,True,0.09035985221235902,0.9921033308236145,14791.083881682072,892.0,0.08288418662968788,0,2.0,7.0,1.0,1.0,0.041666666666666664,0.041666666666666664,696.0,142.0
USO,91,2014-11-24,2014-12-19,2014-11-21,25,0.0684931506849315,19,estimation,2014,2014-12-20,0.0014974214285714289,116,116,88,0,OK,OK,30,29.0,28.754974870749027,29.0,0.008521138702166777,0.34428749999999997,2.085,0.015000000000000013,28.5,11,18,23.0,50.0,0.14210621172755933,0.00490616768100533,0.00036566887824436133,2.3795780215152127,6.2385458968021945,2.141770844261721,8.372376936659457,True,0.14060832299009557,1.010652916595622,12161.86000646368,666.0,0.12996424429728942,0,4.0,52.0,1.0,3.0,0.05555555555555555,0.16666666666666666,558.0,226.0
USO,92,2014-12-22,2015-01-16,2014-12-19,25,0.0684931506849315,18,estimation,2014,2015-01-17,0.001610044347826087,118,118,91,0,OK,OK,32,21.0,20.94999448584546,21.0,0.002386898678580901,0.5279885,2.3099999999999996,0.019999999999999907,20.5,11,20,15.0,33.0,0.30326618453338516,0.01062557853036654,0.0005320439118860123,2.2606211984301097,3.445357897338155,1.9416046032226806,4.412737734597001,True,0.3057237562275204,0.9919614631049269,24547.089156850336,887.0,0.29035315915591586,0,4.0,15.0,2.0,1.0,0.11764705882352941,0.058823529411764705,561.0,225.0
USO,93,2015-01-20,2015-02-20,2015-01-16,31,0.08493150684931507,23,estimation,2015,2015-02-20,0.0017139342857142856,128,128,97,0,OK,OK,33,17.5,17.449992721119155,17.5,0.0028657478361192885,0.561211,2.2800000000000002,0.030000000000000027,17.0,10,22,12.0,29.0,0.3344530595628399,0.014551017544015447,0.0004427575074989364,2.12961566117814,3.265485404429741,1.7982931643656688,4.315903594477605,True,0.33618117125868235,0.9948595821432464,19724.227361148533,689.0,0.3344530595628399,0,2.0,9.0,1.0,1.0,0.045454545454545456,0.045454545454545456,748.0,224.0
USO,94,2015-02-23,2015-03-20,2015-02-20,25,0.0684931506849315,20,estimation,2015,2015-03-20,0.001705482857142857,120,120,90,0,OK,OK,30,18.0,18.12001401848608,18.0,0.006623285079340601,0.5702834999999999,2.1500000000000004,0.019999999999999907,18.0,12,17,11.0,26.5,0.3559663261703742,0.01221142847529768,0.0005998275582084039,3.2996746484464263,2.59144348866745,2.605620464242777,3.1639677065805154,True,0.3565090501284769,0.9984776713020129,10592.537251772897,501.0,0.3559663261703742,0,0.0,6.0,0.0,0.0,0.0,0.0,589.0,237.0
USO,95,2015-03-23,2015-04-17,2015-03-20,25,0.0684931506849315,19,estimation,2015,2015-04-17,0.0016933202857142857,168,168,106,0,OK,OK,22,17.0,16.769973322859467,17.0,0.013716579788888447,0.45694199999999996,1.62,0.019999999999999962,16.5,9,12,12.0,31.0,0.2446851620701508,0.008512499336086691,0.00039694702548472255,2.6629419008769912,5.273364474098028,2.280572689497032,7.348511999490437,True,0.2442904088005507,1.0016159180032418,9885.53094656939,642.0,0.2377399342957246,0,2.0,14.0,1.0,1.0,0.05555555555555555,0.05555555555555555,414.0,118.0
USO,96,2015-04-20,2015-05-15,2015-04-17,25,0.0684931506849315,20,estimation,2015,2015-05-15,0.0017577843478260868,140,140,95,0,OK,OK,25,20.0,19.854982541501762,20.0,0.007303832083212155,0.3825555,1.595,0.015000000000000013,19.5,13,11,13.0,25.0,0.17927946895127256,0.006304645787474367,0.00024240280834650688,4.049817615284359,2.4816517364451838,3.329359735522959,2.817150545442504,True,0.18001479607990525,0.9959151850589754,10471.285480508985,645.0,0.17927946895127256,0,0.0,3.0,0.0,0.0,0.0,0.0,494.0,182.0
USO,97,2015-05-18,2015-06-19,2015-05-15,32,0.08767123287671233,24,estimation,2015,2015-06-19,0.0018862435714285717,120,120,80,0,OK,OK,20,20.5,20.399983461702632,20.5,0.004902775459849322,0.2894095,1.4,0.020000000000000018,20.0,11,8,13.5,24.0,0.10086883505526627,0.004620866813416462,0.0002794298834969437,4.586678197777441,2.127632818503803,3.7926434930302446,2.333934457249381,True,0.10068385871227731,1.0018371995804964,10000.0,800.0,0.09635252755882152,0,0.0,1.0,0.0,0.0,0.0,0.0,483.0,166.0
USO,98,2015-06-22,2015-07-17,2015-06-19,25,0.0684931506849315,19,estimation,2015,2015-07-17,0.0018174165714285714,170,170,102,0,OK,OK,17,20.0,20.155019295691943,20.0,0.007691349406203642,0.28097300000000003,1.185,0.015000000000000013,20.0,9,7,15.0,25.0,0.09280499211418551,0.003207892536940279,0.00018928644741768153,3.9122323333474402,3.034563151569861,3.3997880889876964,3.3997880889876964,True,0.09178856020664607,1.011073622957492,7498.942093324558,694.0,0.09280499211418551,0,2.0,6.0,0.0,0.0,0.0,0.0,324.0,110.0
USO,99,2015-07-20,2015-08-21,2015-07-17,32,0.08767123287671233,25,estimation,2015,2015-08-21,0.0019486007142857143,112,112,75,0,OK,OK,19,16.5,16.690032461655864,16.5,0.011385985143674822,0.35509749999999995,1.4,0.010000000000000009,16.5,7,11,13.0,35.0,0.14277523560816605,0.006323882038324345,0.00036441318032275993,2.267514956785934,7.152116074170624,2.017473916206626,10.663790699949308,True,0.1397550287808841,1.0216107202268705,9440.608762859236,827.0,0.13318626944485407,0,2.0,14.0,0.0,3.0,0.0,0.125,480.0,177.0
USO,100,2015-08-24,2015-09-18,2015-08-21,25,0.0684931506849315,19,estimation,2015,2015-09-18,0.0019140645714285714,118,118,80,0,OK,OK,21,12.5,12.5,12.5,0.0,0.4755205,1.24,0.020000000000000018,12.5,6,14,9.5,34.0,0.271141449453803,0.009284448803249102,0.0006668350603803497,2.205208219304225,8.040471538398394,1.928494591459368,13.820877905458806,True,0.2685963439786089,1.0094755775059872,9120.108393559096,844.0,0.2565947923026525,0,4.0,15.0,1.0,4.0,0.05555555555555555,0.2222222222222222,396.0,149.0
USO,101,2015-09-21,2015-10-16,2015-09-18,25,0.0684931506849315,20,estimation,2015,2015-10-16,0.0018890352173913045,120,120,82,0,OK,OK,22,15.0,15.055007116688948,15.0,0.0036537423239057106,0.4574355,1.435,0.014999999999999958,15.0,7,14,11.5,25.5,0.23534093548275536,0.008065301435753769,0.0003452811095066247,2.21943939800045,4.432379429317282,1.9490516473076476,5.847154941922942,True,0.2349327148193543,1.0017376067173742,9225.71427154763,600.0,0.23083950870025496,0,0.0,1.0,0.0,0.0,0.0,0.0,437.0,176.0
USO,102,2015-10-19,2015-11-20,2015-10-16,32,0.08767123287671233,25,estimation,2015,2015-11-20,0.002020127142857143,112,112,76,0,OK,OK,20,15.0,14.829969889137335,15.0,0.011465303849821648,0.39001549999999996,1.38,0.010000000000000009,14.5,8,11,10.5,21.0,0.1718152335214683,0.007789177183849092,0.0002729315150277307,2.7950353344051693,3.20722788817628,2.3888097614699215,3.8818158623886228,True,0.17110914655458326,1.0041265296514106,11614.486138403414,771.0,0.17020109391973984,0,1.0,6.0,0.0,1.0,0.0,0.041666666666666664,504.0,163.0
USO,103,2015-11-23,2015-12-18,2015-11-20,25,0.0684931506849315,19,estimation,2015,2015-12-18,0.002134844285714286,106,106,71,0,OK,OK,18,13.0,13.025003655822559,13.0,0.0019196659350941099,0.4363545,1.185,0.015000000000000013,13.0,8,9,9.0,17.5,0.2196992028489301,0.007524694598382947,0.00033326289099520613,3.220029613494917,2.6029214237262663,2.69434750161839,3.0311409393206885,True,0.21907362877116335,1.002855542592122,8511.380382023759,657.0,0.2196992028489301,0,3.0,11.0,1.0,1.0,0.05555555555555555,0.05555555555555555,342.0,111.0
USO,104,2015-12-21,2016-01-15,2015-12-18,25,0.0684931506849315,18,estimation,2015,2016-01-15,0.004179243043478261,134,134,81,0,OK,OK,14,10.5,10.660045806479493,10.5,0.015013613391999928,0.4627825,1.03,0.010000000000000009,10.5,5,8,8.0,14.5,0.24359308583235562,0.008455974361042439,0.00032078012986327823,2.2452388928141107,2.665000081308939,1.9658492431308034,3.1453587890092853,False,0.24255624648184893,1.0042746347106928,6606.9344800759645,478.0,0.24359308583235562,0,1.0,5.0,0.0,0.0,0.0,0.0,255.0,75.0
USO,105,2016-01-19,2016-02-19,2016-01-15,31,0.08493150684931507,23,estimation,2016,2016-02-19,0.004353287142857143,110,110,70,0,OK,OK,15,8.5,8.489996302004043,8.5,0.0011782923855450786,0.6082799999999999,1.2,0.010000000000000009,8.0,4,10,5.5,14.5,0.44896233483102194,0.020933535532239325,0.0010936214564174818,2.11367469804775,3.3547887433508397,1.7628366445280097,4.583375275772825,False,0.42055089664113715,1.0675576688025201,7852.356346100718,464.0,0.4216993336419599,0,0.0,5.0,0.0,0.0,0.0,0.0,352.0,116.0
USO,106,2016-02-22,2016-03-18,2016-02-19,25,0.0684931506849315,20,estimation,2016,2016-03-18,0.004358501714285714,94,94,61,0,OK,OK,14,9.0,8.90997312851294,9.0,0.010104056453207909,0.614528,1.15,0.020000000000000018,8.5,4,9,6.5,13.0,0.4166841507921764,0.015428567940107777,0.0006071131175730312,1.6680041487409067,2.6418265800811263,1.4630050398923327,3.2917613397577488,False,0.4171031973586273,0.9989953407955044,7498.942093324558,411.0,0.4166841507921764,0,1.0,8.0,0.0,1.0,0.0,0.05263157894736842,285.0,94.0
USO,107,2016-03-21,2016-04-15,2016-03-18,25,0.0684931506849315,19,estimation,2016,2016-04-15,0.004300798260869565,118,118,73,0,OK,OK,14,10.5,10.595027988768415,10.5,0.008969111631338022,0.4098055,0.905,0.014999999999999986,10.5,6,7,7.5,14.0,0.20694282670865008,0.007125937498699209,0.0003844810130838042,3.1372409860905677,2.682325286990122,2.6639777963717357,3.107974095767025,True,0.20478605976151906,1.0105318054834527,4623.810213992603,442.0,0.20694282670865008,0,0.0,0.0,0.0,0.0,0.0,0.0,270.0,111.0
USO,108,2016-04-18,2016-05-20,2016-04-15,32,0.08767123287671233,25,estimation,2016,2016-05-20,0.004524068571428571,78,78,52,0,OK,OK,13,10.0,10.165065457040708,10.0,0.016238504094076164,0.4392825,1.055,0.015000000000000013,10.0,6,6,7.0,13.0,0.2203958870545684,0.009793537407317797,0.0004937295430452926,2.742206414531618,2.017122259897819,2.306475232812534,2.306475232812534,True,0.21924140155669292,1.0052658188174233,4954.501908047905,369.0,0.2203958870545684,0,1.0,6.0,0.0,0.0,0.0,0.0,336.0,100.0
USO,109,2016-05-23,2016-06-17,2016-05-20,25,0.0684931506849315,19,estimation,2016,2016-06-17,0.004488068,82,82,52,0,OK,OK,11,11.5,11.670052266359006,11.5,0.014571679927193801,0.376769,0.92,0.020000000000000018,11.5,5,5,9.0,14.0,0.15733232502009978,0.005495733619605146,0.0002553356395919189,2.4859040872248883,1.9949331790711489,2.2046691940919168,2.2046691940919168,False,0.1546824353826911,1.0171311605668267,5432.503314924336,436.0,0.15733232502009978,0,0.0,0.0,0.0,0.0,0.0,0.0,216.0,67.0
USO,110,2016-06-20,2016-07-15,2016-06-17,25,0.0684931506849315,19,estimation,2016,2016-07-15,0.004462614782608695,106,106,63,0,OK,OK,10,12.0,11.914974015052467,12.0,0.0071360612990106305,0.3696255,0.925,0.015000000000000013,11.5,4,5,9.5,14.0,0.1494538503342631,0.005767572045939358,0.0002456046984511974,1.9750288728496725,2.03348789232739,1.7978218658373244,2.2472773322966555,False,0.14655681595003764,1.0197673125295863,6025.5958607435805,396.0,0.1494538503342631,0,2.0,1.0,0.0,0.0,0.0,0.0,198.0,51.0
USO,111,2016-07-18,2016-08-19,2016-07-15,32,0.08767123287671233,25,estimation,2016,2016-08-19,0.004985965714285714,84,84,53,0,OK,OK,11,11.0,10.819921300163365,11.0,0.0166432541273582,0.364705,0.95,0.009999999999999953,10.5,4,6,8.5,13.5,0.14637331663888506,0.006877528258275678,0.00027688109811781783,1.956806638017933,2.327272021071932,1.7638856304745056,2.6458284457117585,False,0.1441376389558138,1.015510713920856,5956.62143529011,421.0,0.14637331663888506,0,1.0,0.0,0.0,0.0,0.0,0.0,288.0,94.0
USO,112,2016-08-22,2016-09-16,2016-08-19,25,0.0684931506849315,19,estimation,2016,2016-09-16,0.0050965117391304346,84,84,51,0,OK,OK,9,11.0,10.969989525887579,11.0,0.002735688492828625,0.339989,0.78,0.009999999999999981,10.5,3,5,9.0,13.0,0.12850695936593506,0.005400807051858697,0.00022420098490699957,1.7324352275734256,2.4002702775510576,1.6055118736650555,2.675853122775093,False,0.12493413025247681,1.0285977026953164,7585.775750291836,546.0,0.12850695936593506,0,1.0,0.0,0.0,0.0,0.0,0.0,180.0,52.0
USO,113,2016-09-19,2016-10-21,2016-09-16,32,0.08767123287671233,25,estimation,2016,2016-10-21,0.0055577149999999995,84,84,52,0,OK,OK,10,10.0,9.989995126295476,10.0,0.0010014893478966318,0.38147149999999996,0.9,0.010000000000000009,9.5,3,6,8.0,12.5,0.15919250922588846,0.008304421889270492,0.0003062463656798164,1.521456471378204,2.4296950283627483,1.3979028804565756,2.7958057609131512,False,0.15705200149610896,1.0136292929054618,7413.102413009177,453.0,0.15919250922588846,0,6.0,16.0,3.0,4.0,0.125,0.16666666666666666,264.0,54.0
USO,114,2016-10-24,2016-11-18,2016-10-21,25,0.0684931506849315,20,estimation,2016,2016-11-18,0.005288866,82,82,50,0,OK,OK,9,11.5,11.424972826246245,11.5,0.006566945488167572,0.30207249999999997,0.7250000000000001,0.014999999999999986,11.0,4,4,9.0,13.0,0.11109487937636059,0.004549259739441369,0.0001939595247438544,2.538336494531113,2.1131111280818966,2.299866082665923,2.299866082665923,False,0.10852780833098306,1.0236535786067713,5888.43655355589,503.0,0.11109487937636059,0,4.0,3.0,1.0,0.0,0.05263157894736842,0.0,190.0,50.0
USO,115,2016-11-21,2016-12-16,2016-11-18,25,0.0684931506849315,19,estimation,2016,2016-12-16,0.00551765652173913,86,86,54,0,OK,OK,11,11.0,10.779916841517787,11.0,0.02041603490247572,0.450843,1.04,0.01999999999999999,10.5,5,5,8.0,13.0,0.22646878057728098,0.008108059756878184,0.0003705630709792339,2.3046986820550526,1.8100879716316025,2.017910064832283,2.017910064832283,False,0.22394571889390444,1.0112663983747412,7413.102413009177,490.0,0.22646878057728098,0,0.0,2.0,0.0,0.0,0.0,0.0,216.0,56.0
USO,116,2016-12-19,2017-01-20,2016-12-16,32,0.08767123287671233,22,estimation,2016,2017-01-20,0.007618982857142857,132,132,76,0,OK,OK,10,11.5,11.520013363775181,11.5,0.001737269145721081,0.2797365,0.76,0.020000000000000018,11.5,5,4,9.0,13.5,0.08937241039850606,0.003916591988656182,0.0003617722730816731,2.9594118554634776,1.9358484872286335,2.6246081592207804,2.0996865273766243,False,0.08728934724603372,1.0238638873836576,4265.795188015925,452.0,0.08937241039850606,0,1.0,1.0,0.0,0.0,0.0,0.0,231.0,75.0
USO,117,2017-01-23,2017-02-17,2017-01-20,25,0.0684931506849315,20,estimation,2017,2017-02-17,0.007768815,82,82,50,0,OK,OK,9,11.5,11.314901533340706,11.5,0.01635882257692474,0.27716850000000004,0.675,0.015000000000000013,11.0,4,4,9.0,13.0,0.0953825136669548,0.0036743331311090343,0.0002526520913059752,2.766409785903699,2.3029772908448054,2.5065124545397537,2.5065124545397537,False,0.09210464456925527,1.0355885320770641,4570.881896148751,483.0,0.0953825136669548,0,0.0,0.0,0.0,0.0,0.0,0.0,190.0,78.0
USO,118,2017-02-21,2017-03-17,2017-02-17,24,0.06575342465753424,19,estimation,2017,2017-03-17,0.007835676857142856,84,84,48,0,OK,OK,6,11.5,11.535018037436824,11.5,0.003035802572928234,0.234932,0.5549999999999999,0.015000000000000013,11.5,3,2,10.0,12.5,0.0643348821344976,0.002118663702797747,0.00016341450373209642,2.3199977473570232,1.3841045825647142,2.1651702651419558,1.4434468434279706,False,0.06095506489713952,1.0554476849965047,2660.7250597988086,304.0,0.0643348821344976,0,3.0,5.0,1.0,1.0,0.05555555555555555,0.05555555555555555,126.0,33.0
USO,119,2017-03-20,2017-04-21,2017-03-17,32,0.08767123287671233,24,estimation,2017,2017-04-21,0.009966645,86,86,50,0,OK,OK,7,10.5,10.269798940918678,10.5,0.022415342345614576,0.267887,0.6799999999999999,0.01999999999999999,10.0,2,4,9.0,12.0,0.08400923862488181,0.004043019817936937,0.00021316662533557042,1.3283046465354686,2.2985704800411235,1.2607233727379732,2.5214467454759464,False,0.08123298833798884,1.0341763899580025,4168.693834703355,338.0,0.08400923862488181,0,0.0,4.0,0.0,1.0,0.0,0.043478260869565216,184.0,31.0
USO,120,2017-04-24,2017-05-19,2017-04-21,25,0.0684931506849315,20,estimation,2017,2017-05-19,0.00998374,86,86,49,0,OK,OK,6,10.5,10.25983582760042,10.5,0.023408188633341,0.25675000000000003,0.59,0.009999999999999995,10.0,2,3,9.0,11.5,0.0812234510124127,0.0031170660869492012,0.00014580551422445917,1.5679920742346791,2.0799596182273827,1.488216021386002,2.232324032079003,False,0.07666357758749953,1.0594790064383413,3845.9178204535356,360.0,0.0812234510124127,0,1.0,1.0,0.0,0.0,0.0,0.0,133.0,34.0
USO,121,2017-05-22,2017-06-16,2017-05-19,25,0.0684931506849315,19,estimation,2017,2017-06-16,0.010227646956521739,86,86,50,0,OK,OK,7,10.5,10.550035038459411,10.5,0.0047426419227056425,0.2999615,0.6599999999999999,0.010000000000000009,10.5,3,3,9.0,12.0,0.09822018083561695,0.0033726951068317095,0.00016316662533557037,1.963615065891661,1.700960739328778,1.8197547899164013,1.8197547899164013,False,0.09379487810777609,1.047180643731483,3388.4415613920273,329.0,0.09822018083561695,0,1.0,3.0,0.0,1.0,0.0,0.05555555555555555,144.0,39.0
USO,122,2017-06-19,2017-07-21,2017-06-16,32,0.08767123287671233,24,estimation,2017,2017-07-21,0.012333116428571428,72,72,43,0,OK,OK,7,9.0,9.135146048979735,9.0,0.01479407644444049,0.27850600000000003,0.605,0.015,9.0,2,4,8.0,11.0,0.08786143426689376,0.00395991966238942,0.00021599859743203913,1.428300639197246,2.4334411233288056,1.3473932823815378,2.6947865647630755,False,0.08358015077895875,1.051223687060072,2917.427014001166,296.0,0.08786143426689376,0,2.0,2.0,1.0,1.0,0.043478260869565216,0.043478260869565216,184.0,52.0
USO,123,2017-07-24,2017-08-18,2017-07-21,25,0.0684931506849315,20,estimation,2017,2017-08-18,0.012403757714285715,82,82,47,0,OK,OK,6,9.5,9.5,9.5,0.0,0.277177,0.55,0.010000000000000009,9.5,3,2,8.0,10.5,0.08936207568918393,0.00305774617713684,0.00017990534164181375,2.369023799681873,1.3796900831934968,2.1766414325646903,1.4510942883764602,False,0.08439319509123316,1.0588777399952587,2511.886431509582,296.0,0.08936207568918393,0,0.0,0.0,0.0,0.0,0.0,0.0,133.0,47.0
USO,124,2017-08-21,2017-09-15,2017-08-18,25,0.0684931506849315,19,estimation,2017,2017-09-15,0.012426408695652173,78,78,45,0,OK,OK,6,9.5,9.715183069531275,9.5,0.02214915231048307,0.267814,0.565,0.015,9.5,2,3,8.5,11.0,0.08162978415988502,0.003049474457849237,0.00017535441417907243,1.5868944678786945,2.091642290343715,1.5018257505930317,2.2527386258895477,False,0.07581617881591175,1.0766802737195342,3162.2776601683795,336.0,0.08162978415988502,0,2.0,2.0,1.0,1.0,0.05555555555555555,0.05555555555555555,126.0,37.0
USO,125,2017-09-18,2017-10-20,2017-09-15,32,0.08767123287671233,25,estimation,2017,2017-10-20,0.012571360714285716,84,84,49,0,OK,OK,7,10.0,10.16017644068474,10.0,0.01576512392475195,0.2486795,0.61,0.010000000000000009,10.0,3,3,8.5,11.5,0.07336293704377257,0.003340508270003389,0.0001804075903490267,2.2071680993259357,1.8981056647589056,2.037148631990116,2.037148631990116,False,0.07011905390764121,1.0462625057720274,3311.311214825911,358.0,0.07336293704377257,0,2.0,2.0,1.0,1.0,0.041666666666666664,0.041666666666666664,192.0,56.0
USO,126,2017-10-23,2017-11-17,2017-10-20,25,0.0684931506849315,20,estimation,2017,2017-11-17,0.012488684857142858,76,76,44,0,OK,OK,6,10.5,10.409922982020875,10.5,0.008652995621072135,0.227298,0.5,0.009999999999999995,10.0,2,3,9.0,11.5,0.0642429897439945,0.003037687127506596,0.0001583055142244592,1.771163692860271,2.3494691197453585,1.6810507065212017,2.521576059781802,False,0.05947559084682238,1.0801572347461066,4841.7236758409945,464.0,0.0642429897439945,0,1.0,6.0,0.0,1.0,0.0,0.05263157894736842,133.0,45.0
USO,127,2017-11-20,2017-12-15,2017-11-17,25,0.0684931506849315,19,estimation,2017,2017-12-15,0.012915714782608697,64,64,43,0,OK,OK,11,11.5,11.269796443236524,11.5,0.020426594031485855,0.237474,0.5900000000000001,0.019999999999999976,11.0,2,8,10.0,15.5,0.07614963480103697,0.00290607786421838,0.00024007933221884342,1.5335560342795247,5.5180358865630375,1.462741810168907,6.582338145760081,False,0.07288087352651994,1.0448507422640536,3630.780547701014,501.0,0.07614963480103697,0,0.0,2.0,0.0,1.0,0.0,0.05555555555555555,216.0,111.0
USO,128,2017-12-18,2018-01-19,2017-12-15,32,0.08767123287671233,22,estimation,2017,2018-01-19,0.015242529714285713,86,86,50,0,OK,OK,7,11.5,11.424899708150436,11.5,0.006573387405404359,0.1708335,0.465,0.015000000000000013,11.0,3,3,9.0,12.5,0.04393922412325837,0.002668566576554504,0.00020516057035390055,3.967184150028024,2.527217659413114,3.594477048254666,2.695857786190999,False,0.040437071730945295,1.0866074679100213,4120.975190973304,602.0,0.04393922412325837,0,9.0,26.0,8.0,11.0,0.38095238095238093,0.5238095238095238,168.0,59.0
USO,129,2018-01-22,2018-02-16,2018-01-19,25,0.0684931506849315,20,estimation,2018,2018-02-16,0.015570882608695652,68,68,41,0,OK,OK,7,12.5,12.750266766930224,13.0,0.019586510434236357,0.192415,0.545,0.014999999999999972,12.5,3,3,11.0,14.0,0.04869842050575136,0.0018661898307948432,0.000130191282392253,2.538526760915435,2.2504913782153166,2.382970954390392,2.382970954390392,False,0.04577337905970231,1.0639026767552797,3715.3522909717276,455.0,0.04869842050575136,0,3.0,0.0,2.0,0.0,0.10526315789473684,0.0,152.0,40.0
USO,130,2018-02-20,2018-03-16,2018-02-16,24,0.06575342465753424,19,estimation,2018,2018-03-16,0.015932358571428572,70,70,48,0,OK,OK,13,12.5,12.384879462051838,12.5,0.009295248960710462,0.247347,0.635,0.015000000000000013,12.0,3,9,10.5,17.0,0.08104987755793416,0.0031756728257429363,0.00021822403971129414,2.1053172187458156,5.4915631930033655,1.9708073672474953,6.569357890824985,False,0.07830438429350946,1.0350618077033047,4168.693834703355,530.0,0.08104987755793416,0,0.0,0.0,0.0,0.0,0.0,0.0,252.0,128.0
USO,131,2018-03-19,2018-04-20,2018-03-16,32,0.08767123287671233,24,estimation,2018,2018-04-20,0.01873047142857143,64,64,45,0,OK,OK,13,12.5,12.550082173627283,12.5,0.003990585315252001,0.22546549999999999,0.6699999999999999,0.020000000000000018,12.5,4,8,10.5,16.5,0.06315271349469113,0.0027718090508864926,0.0002562805278062888,2.6116906538016194,4.158727418758711,2.3966870472167665,4.793374094433533,False,0.061513089092444226,1.0266548864060918,3589.2193464500497,492.0,0.06315271349469113,0,4.0,6.0,2.0,2.0,0.08695652173913043,0.08695652173913043,322.0,113.0
USO,132,2018-04-23,2018-05-18,2018-04-20,25,0.0684931506849315,20,estimation,2018,2018-05-18,0.018923124,72,72,54,0,OK,OK,18,14.0,13.919896244424812,14.0,0.005754623035158805,0.2634185,0.77,0.009999999999999981,13.5,3,14,12.0,23.0,0.08985739914196203,0.0035564072655949433,0.0002196996672563598,1.7084918004099365,7.728550775428701,1.6117127666974205,10.207514189083664,False,0.08876928030067027,1.0122578310605448,6683.439175686149,804.0,0.08985739914196203,0,1.0,6.0,0.0,1.0,0.0,0.05263157894736842,361.0,176.0
USO,133,2018-05-21,2018-06-15,2018-05-18,25,0.0684931506849315,19,estimation,2018,2018-06-15,0.019338560434782607,72,72,52,0,OK,OK,16,14.5,14.655205442665174,14.5,0.010590465160817896,0.2326935,0.7250000000000001,0.014999999999999986,14.5,3,12,13.0,21.0,0.06831609764707368,0.002393705600455478,0.00016561376585053487,1.7931309157069188,6.081803995355229,1.6986950948759043,7.361012077795586,False,0.06695162920842926,1.0203799138986842,3981.0717055349733,532.0,0.06831609764707368,0,2.0,4.0,0.0,0.0,0.0,0.0,306.0,168.0
USO,134,2018-06-18,2018-07-20,2018-06-15,32,0.08767123287671233,24,estimation,2018,2018-07-20,0.021198066428571426,68,68,52,0,OK,OK,18,13.5,13.294618661331539,13.5,0.015448456544739366,0.2528815,0.815,0.015000000000000013,13.0,4,13,11.0,19.5,0.08002261238084155,0.0037576557882586714,0.00022924256508878083,2.2310611985700763,5.415117336987846,2.0546650211365796,6.677661318693883,False,0.07870629775054781,1.0167243876019383,4265.795188015925,483.0,0.08002261238084155,0,7.0,19.0,3.0,7.0,0.13043478260869565,0.30434782608695654,437.0,198.0
USO,135,2018-07-23,2018-08-17,2018-07-20,25,0.0684931506849315,20,estimation,2018,2018-08-17,0.020641368285714282,74,74,48,0,OK,OK,11,14.0,14.100141479222389,14.0,0.007102161305966656,0.246982,0.73,0.010000000000000009,14.0,4,6,12.0,17.0,0.07180390158265863,0.0024811099088483933,0.0001356329589669516,2.384825293290448,3.0037374768773724,2.2101059041367734,3.3151588562051604,False,0.06995456034996465,1.0264363212840193,4027.170343254591,442.0,0.07180390158265863,0,1.0,1.0,0.0,0.0,0.0,0.0,228.0,81.0
USO,136,2018-08-20,2018-09-21,2018-08-17,32,0.08767123287671233,24,estimation,2018,2018-09-21,0.020993965,64,64,42,0,OK,OK,10,14.0,13.759557857197455,14.0,0.01747455443684714,0.23784650000000002,0.8,0.01999999999999999,13.5,4,5,11.5,16.0,0.06537869655667213,0.003045134834085054,0.00014945839720358195,2.276793984135283,2.412490405420954,2.1036375057187593,2.629546882148449,False,0.06370449807539076,1.0262806949565797,4168.693834703355,376.0,0.06537869655667213,0,2.0,7.0,1.0,3.0,0.043478260869565216,0.13043478260869565,253.0,86.0
USO,137,2018-09-24,2018-10-19,2018-09-21,25,0.0684931506849315,20,estimation,2018,2018-10-19,0.022280962,64,64,41,0,OK,OK,9,15.5,15.25963345799345,15.5,0.01575179001961142,0.25826249999999995,0.8500000000000001,0.010000000000000009,15.0,3,5,13.5,17.5,0.0731710927211019,0.002651608609478353,0.0001011977693092344,1.5588092156614064,2.2806598735296904,1.4795003668393831,2.4658339447323048,False,0.07162325798267699,1.0216107837317212,4677.351412871981,338.0,0.0731710927211019,0,2.0,1.0,1.0,0.0,0.05263157894736842,0.0,190.0,43.0
USO,138,2018-10-22,2018-11-16,2018-10-19,25,0.0684931506849315,20,estimation,2018,2018-11-16,0.022975477826086957,82,82,56,0,OK,OK,15,14.5,14.750393725430492,15.0,0.016922007589476984,0.2564975,0.8200000000000001,0.01999999999999999,14.5,4,10,12.5,19.5,0.07950689660212118,0.0028674241258671972,0.0001660667052704566,2.2109846812153062,4.413415701867924,2.054732473985159,5.136831184962898,False,0.07805690432237458,1.018576092561372,4518.559443749226,489.0,0.07950689660212118,0,0.0,10.0,0.0,0.0,0.0,0.0,304.0,145.0
USO,139,2018-11-19,2018-12-21,2018-11-16,32,0.08767123287671233,23,estimation,2018,2018-12-21,0.02344966642857143,66,66,49,0,OK,OK,16,12.0,12.130267536866722,12.0,0.010739048950965684,0.4008575,1.15,0.020000000000000018,12.0,8,7,8.0,15.5,0.18924965865232457,0.008337639117844827,0.0003448652799404839,3.41613414955063,2.1562958733469486,2.8084078269930286,2.4573568486189004,True,0.18853708688783605,1.0037794779597524,7079.457843841381,556.0,0.18924965865232457,0,2.0,8.0,1.0,1.0,0.045454545454545456,0.045454545454545456,374.0,119.0
USO,140,2018-12-24,2019-01-18,2018-12-21,25,0.0684931506849315,18,estimation,2018,2019-01-18,0.02519032714285714,78,78,52,0,OK,OK,13,9.5,9.304663263436622,9.5,0.020993423516030823,0.5425945000000001,1.075,0.025000000000000022,9.0,4,8,7.0,13.5,0.3304337792675953,0.011868690955245717,0.0004649716618347509,1.769776660354011,2.8553182951981917,1.5649069772520154,3.521040698817035,False,0.3272435332690306,1.0097488435193676,5623.413251903491,364.0,0.3304337792675953,0,3.0,14.0,1.0,3.0,0.058823529411764705,0.17647058823529413,238.0,74.0
USO,141,2019-01-22,2019-02-15,2019-01-18,24,0.06575342465753424,19,estimation,2019,2019-02-15,0.025192494545454545,64,64,47,0,OK,OK,15,11.0,11.135223811847101,11.0,0.012143789306078671,0.36581549999999996,0.835,0.014999999999999986,11.0,5,9,8.5,19.0,0.16323788614593518,0.00543327721272658,0.0003868225493447872,2.748594395477745,5.826444392850705,2.4228472344246375,7.75311115015884,False,0.15998810303502384,1.0203126548115888,5188.000389289609,677.0,0.1553010629404591,0,1.0,6.0,0.0,1.0,0.0,0.05555555555555555,288.0,153.0
USO,142,2019-02-19,2019-03-15,2019-02-15,24,0.06575342465753424,19,estimation,2019,2019-03-15,0.0250054219047619,64,64,41,0,OK,OK,9,12.0,11.78965443564445,12.0,0.01784153772307332,0.2796435,0.7,0.010000000000000009,11.5,4,4,9.5,13.5,0.09833594155339101,0.0035443312114244877,0.00017681274833781876,2.664373026684435,2.2360686842518094,2.4253154735956315,2.4253154735956315,False,0.0951850603563614,1.0331026863378885,4265.795188015925,428.0,0.09833594155339101,0,1.0,3.0,0.0,1.0,0.0,0.05555555555555555,180.0,67.0
USO,143,2019-03-18,2019-04-18,2019-03-15,31,0.08493150684931507,24,estimation,2019,2019-04-18,0.02518983107142857,64,64,41,0,OK,OK,9,12.5,12.314603785410954,12.5,0.015054988192854722,0.25379799999999997,0.745,0.014999999999999958,12.0,4,4,10.0,14.0,0.07587543739674521,0.003558152194886537,0.00017786701935370411,2.4649914112797107,2.084120542292999,2.2533369564425203,2.2533369564425203,False,0.07358194746686092,1.0311691931083669,4677.351412871981,427.0,0.07587543739674521,0,4.0,12.0,0.0,5.0,0.0,0.21739130434782608,230.0,75.0
USO,144,2019-04-22,2019-05-17,2019-04-18,25,0.0684931506849315,20,estimation,2019,2019-05-17,0.02497778,68,68,44,0,OK,OK,10,13.5,13.680308208800566,13.5,0.01318012767318895,0.2441525,0.71,0.010000000000000009,13.5,5,4,11.0,15.5,0.07139126209080326,0.002529768140327369,0.00014759882718755904,3.2050392765983,2.162057329521525,2.898154223516617,2.3185233788132935,False,0.06943784905211074,1.0281318195387439,3273.406948788383,382.0,0.07139126209080326,0,1.0,1.0,0.0,0.0,0.0,0.0,209.0,73.0
USO,145,2019-05-20,2019-06-21,2019-05-17,32,0.08767123287671233,24,estimation,2019,2019-06-21,0.024686470714285712,64,64,47,0,OK,OK,15,13.0,13.160346661935401,13.0,0.012184075849550622,0.26461650000000003,0.8300000000000001,0.010000000000000009,13.0,4,10,11.0,18.0,0.08527809208931683,0.0038060396299352322,0.00020744359077686108,2.132119888541337,4.1533828612603685,1.9635463871018997,4.908865967754749,False,0.0847502348595526,1.0062283866308923,4315.19076827765,434.0,0.08527809208931683,0,6.0,20.0,3.0,5.0,0.13043478260869565,0.21739130434782608,368.0,148.0
USO,146,2019-06-24,2019-07-19,2019-06-21,25,0.0684931506849315,19,estimation,2019,2019-07-19,0.02418153657142857,62,62,46,0,OK,OK,15,12.0,12.010016576420004,12.0,0.0008340185341350557,0.3828365,0.96,0.010000000000000009,12.0,6,8,9.0,16.0,0.17227263406404306,0.005890332054426806,0.0002747163288159163,2.8712822716685333,2.8712822716685333,2.495187002093949,3.326916002791932,True,0.17049661239361114,1.0104167563536792,4623.810213992603,413.0,0.17227263406404306,0,0.0,0.0,0.0,0.0,0.0,0.0,288.0,114.0
USO,147,2019-07-22,2019-08-16,2019-07-19,25,0.0684931506849315,20,estimation,2019,2019-08-16,0.023254680869565218,70,70,53,0,OK,OK,18,11.5,11.690302870548585,11.5,0.01627869462886336,0.31555350000000004,0.78,0.010000000000000009,11.5,3,14,10.0,19.0,0.12230125202176864,0.00431843462198378,0.00025646119952827783,1.6923584494543094,6.079763410895614,1.5794171338720389,7.8970856693601945,False,0.12019041605863372,1.0175624316177188,4265.795188015925,506.0,0.12230125202176864,0,0.0,12.0,0.0,1.0,0.0,0.05263157894736842,361.0,163.0
USO,148,2019-08-19,2019-09-20,2019-08-16,32,0.08767123287671233,24,estimation,2019,2019-09-20,0.021893177857142856,72,72,52,0,OK,OK,16,11.5,11.680345824122545,11.5,0.015440109979457162,0.309846,0.86,0.01999999999999999,11.5,4,11,9.5,18.0,0.11415256509635066,0.0051170833008219,0.00028926056118407654,2.0824975310469624,4.883458806571186,1.8956480324596445,6.160856105493845,False,0.11282556652301852,1.01176150596205,3981.0717055349733,421.0,0.11415256509635066,0,2.0,4.0,0.0,0.0,0.0,0.0,391.0,127.0
USO,149,2019-09-23,2019-10-18,2019-09-20,25,0.0684931506849315,20,estimation,2019,2019-10-18,0.020202402857142858,64,64,48,0,OK,OK,16,12.0,12.200276936802789,12.0,0.016415769727213543,0.3366755,0.8700000000000001,0.010000000000000009,12.0,5,10,9.5,17.0,0.14728883202572055,0.005176244409821862,0.0002505742756605466,2.6513396222757306,3.9529992829938285,2.3644148414104484,4.728829682820897,False,0.14544668569877783,1.0126654403851993,4677.351412871981,454.0,0.14728883202572055,0,2.0,3.0,1.0,1.0,0.05263157894736842,0.05263157894736842,323.0,132.0
USO,150,2019-10-21,2019-11-15,2019-10-18,25,0.0684931506849315,20,estimation,2019,2019-11-15,0.018524082173913044,66,66,54,0,OK,OK,21,11.0,11.20025391559686,11.0,0.017879408547872108,0.331839,0.79,0.010000000000000009,11.0,4,16,9.0,21.0,0.1449496392934454,0.005123233616136395,0.00033889663735708653,2.310643567345157,7.445655658210031,2.0935643407076983,10.467821703538492,False,0.14248133333882554,1.0173237146002145,5128.613839913648,678.0,0.1449496392934454,0,3.0,15.0,1.0,2.0,0.05263157894736842,0.10526315789473684,418.0,150.0
USO,151,2019-11-18,2019-12-20,2019-11-15,32,0.08767123287671233,24,estimation,2019,2019-12-20,0.017519517857142855,72,72,58,0,OK,OK,22,12.0,11.899846286208282,12.0,0.008416387185420565,0.2929745,0.83,0.009999999999999981,11.5,6,15,8.5,21.0,0.1183943298459335,0.00578544550827128,0.00037351796779953053,3.484594826565918,6.9416806916277976,3.0072188548772556,9.52285970711131,True,0.11741624353373876,1.008330076680691,4786.30092322638,618.0,0.1183943298459335,0,2.0,10.0,1.0,2.0,0.043478260869565216,0.08695652173913043,529.0,239.0
USO,152,2019-12-23,2020-01-17,2019-12-20,25,0.0684931506849315,18,estimation,2019,2020-01-17,0.01756738142857143,72,72,44,0,OK,OK,8,12.5,12.71025283359361,12.5,0.016541986720980534,0.234189,0.64,0.010000000000000009,12.5,4,3,10.5,14.0,0.06568753370232068,0.0023881578157509808,0.00013686701935370428,2.8447252298713046,1.849054817003788,2.610537393239519,1.957903044929639,False,0.0630031959158478,1.0426063749219692,3548.133892335753,407.0,0.06568753370232068,0,0.0,0.0,0.0,0.0,0.0,0.0,153.0,42.0
USO,153,2020-01-21,2020-02-21,2020-01-17,31,0.08493150684931507,23,estimation,2020,2020-02-21,0.016758222857142856,72,72,49,0,OK,OK,13,12.0,12.250356078623284,12.5,0.02037850326753698,0.244275,0.73,0.009999999999999995,12.0,4,8,10.0,16.0,0.07930260953963413,0.003580178284017223,0.00022771592611046156,2.5610884871557382,4.041097809130757,2.341182736142457,4.682365472284914,False,0.07746742067481274,1.0236898150065563,4897.7881936844615,562.0,0.07930260953963413,0,6.0,3.0,2.0,0.0,0.09090909090909091,0.0,308.0,159.0
USO,154,2020-02-24,2020-03-20,2020-02-21,25,0.0684931506849315,20,estimation,2020,2020-03-20,0.016314697142857142,70,70,46,0,OK,OK,11,10.5,10.74026833670018,10.5,0.022370794580538277,0.40035350000000003,0.9099999999999999,0.010000000000000009,10.5,5,5,8.0,13.0,0.17439653175194894,0.006227330326140798,0.00028828525789321535,2.5953495296375477,2.038362325780358,2.2723933407830352,2.2723933407830352,False,0.1712293350180859,1.0184968115044568,7079.457843841381,609.0,0.17439653175194894,0,5.0,34.0,2.0,4.0,0.10526315789473684,0.21052631578947367,228.0,68.0
USO,155,2020-03-23,2020-04-17,2020-03-20,25,0.0684931506849315,19,estimation,2020,2020-04-17,0.00823053794871795,76,76,57,0,OK,OK,19,5.0,4.8549182353113265,5.0,0.029883462018669815,1.7633025,1.805,0.025000000000000022,4.5,6,12,1.0,11.0,4.157775908061204,0.14541788071771633,0.013167818612946462,3.2592658738755134,1.9368618310617693,1.6854083267278255,3.1300440353516756,True,4.177119992052064,0.9953690379908486,10115.794542598982,844.0,4.157775908061204,0,0.0,50.0,0.0,12.0,0.0,0.6666666666666666,360.0,99.0
USO,156,2020-04-20,2020-05-15,2020-04-17,25,0.0684931506849315,20,estimation,2020,2020-05-15,0.00571061,46,46,43,0,OK,FAR_FROM_FORWARD,20,4.0,3.759906108597869,4.0,0.06385635291612803,1.689659,,,3.5,6,13,0.5,11.0,7.911845981431141,0.27360378305883404,0.026468104766196206,4.400480948850904,2.58960203863753,1.9383427416378403,4.845856854094601,True,8.120717720925787,0.9742791528196557,10115.794542598982,1185.0,7.911845981431141,0,,265.0,,19.0,,1.0,399.0,212.0
USO,157,2020-05-18,2020-06-19,2020-05-15,32,0.08767123287671233,24,estimation,2020,2020-06-19,0.0017631514285714287,146,100,92,0,OK,OK,42,24.5,24.389982995143203,24.5,0.00451074545147098,0.6421699999999999,3.6999999999999997,0.020000000000000018,24.0,27,14,6.0,35.0,0.6415333885711261,0.02824966418585771,0.0010847801140074337,7.290828571520674,1.9842737858747188,3.9444158340391655,2.410476343023934,True,0.6419096702291563,0.9994138090209859,30549.21113215509,2200.0,0.5846834556873837,0,0.0,45.0,0.0,8.0,0.0,0.34782608695652173,989.0,239.0
USO,158,2020-06-22,2020-07-17,2020-06-19,25,0.0684931506849315,19,estimation,2020,2020-07-17,0.001668651142857143,210,130,113,0,OK,OK,48,29.0,28.979997714045886,29.0,0.0006902100597619772,0.4892665,2.96,0.050000000000000044,28.5,27,20,12.0,42.0,0.3350390859291315,0.011614440698982369,0.00046920597431382286,6.755317537264392,3.0283087306957537,4.521369823258432,3.6993025826659895,True,0.33561037201431426,0.9982977698759609,28510.182675039097,1734.0,0.3226682276855668,0,0.0,17.0,0.0,3.0,0.0,0.16666666666666666,882.0,258.0
USO,159,2020-07-20,2020-08-21,2020-07-17,32,0.08767123287671233,25,estimation,2020,2020-08-21,0.001767662857142857,84,84,79,0,OK,OK,37,29.0,29.110017048371006,29.0,0.003779353622094922,0.359638,2.4699999999999998,0.040000000000000036,29.0,20,16,16.0,41.0,0.1886166853156083,0.008274042364260924,0.0003471522006305109,5.584817660242856,3.2518354278151778,4.209700739291815,3.8858776055001365,True,0.1916375410861258,0.9842366179747638,21134.890398366475,1041.0,0.1886166853156083,0,0.0,7.0,0.0,1.0,0.0,0.041666666666666664,912.0,273.0
USO,160,2020-08-24,2020-09-18,2020-08-21,25,0.0684931506849315,19,estimation,2020,2020-09-18,0.0015312342857142856,86,86,69,0,OK,OK,26,30.5,30.339983218470294,30.5,0.005274122282054888,0.28276900000000005,1.8,0.06,30.0,12,13,23.0,40.0,0.10244082350742013,0.0035720886061366627,0.00016012571237390244,3.590387810347084,3.8873838907292884,3.152981461235133,4.5042592303359035,True,0.10223348893270824,1.0020280494862928,13803.842646028867,784.0,0.09877607903842793,0,0.0,0.0,0.0,0.0,0.0,0.0,486.0,136.0
USO,161,2020-09-21,2020-10-16,2020-09-18,25,0.0684931506849315,20,estimation,2020,2020-10-16,0.00144945,208,130,103,0,OK,OK,38,28.0,28.235023331346476,28.0,0.008323822813546362,0.38178449999999997,2.255,0.07500000000000007,28.0,19,18,16.0,42.0,0.20114885861373175,0.006923199209558689,0.0004421714721184739,5.600774581763736,4.0579960755974005,4.28924990209536,5.00412488577792,True,0.2031612998258108,0.9900943673140282,16595.86907437563,969.0,0.1891634422340722,0,0.0,9.0,0.0,2.0,0.0,0.10526315789473684,741.0,277.0
USO,162,2020-10-19,2020-11-20,2020-10-16,32,0.08767123287671233,25,estimation,2020,2020-11-20,0.001469487142857143,80,80,72,0,OK,OK,32,28.5,28.610014172405354,28.5,0.0038453029677791416,0.395976,2.67,0.039999999999999925,28.5,16,15,15.0,41.0,0.20938750029398956,0.009184897132395326,0.0003831727374852449,5.4744280702399895,3.101756081449819,4.040094162237791,3.740827927997955,True,0.2063831267935497,1.0145572632177688,19724.227361148533,1182.0,0.19250250682612122,0,0.0,3.0,0.0,2.0,0.0,0.08333333333333333,792.0,177.0
USO,163,2020-11-23,2020-12-18,2020-11-20,25,0.0684931506849315,19,estimation,2020,2020-12-18,0.0014092522222222221,82,82,70,0,OK,OK,29,29.5,29.525002413219585,29.5,0.0008468217163765845,0.3660445,2.255,0.02499999999999991,29.5,16,12,21.0,36.0,0.17939378145760213,0.00614338880035437,0.00014321459952506389,3.5477466217387277,2.078625957371422,3.007734184835753,2.3000320236979284,True,0.18277882275153148,0.9814801231183605,16032.453906900417,558.0,0.17939378145760213,0,1.0,10.0,0.0,2.0,0.0,0.1111111111111111,540.0,106.0
USO,164,2020-12-21,2021-01-15,2020-12-18,25,0.0684931506849315,18,estimation,2020,2021-01-15,0.0013487327272727273,222,136,115,0,OK,OK,47,32.5,32.62001108598652,32.5,0.003679063310866733,0.3422775,2.33,0.04999999999999993,32.5,24,22,18.0,49.0,0.1755326552764505,0.006017654201288652,0.0002682079598696113,6.596123684343277,4.583487886082674,4.980612083755624,5.667593060825364,True,0.17768897901845285,0.9878646174123247,21877.616239495517,1316.0,0.1755326552764505,0,0.0,34.0,0.0,7.0,0.0,0.4117647058823529,816.0,267.0
USO,165,2021-01-19,2021-02-19,2021-01-15,31,0.08493150684931507,23,estimation,2021,2021-02-19,0.0013149177777777776,84,84,77,0,OK,OK,35,36.0,35.75997319579573,36.0,0.006712163985416226,0.3024605,2.5300000000000002,0.04999999999999982,35.5,16,18,25.0,50.0,0.12496660852206255,0.0053330201155491275,0.00016564485191791745,3.9781327690072894,3.885484732755,3.355504808986513,4.63379235526709,True,0.12645189164453818,0.988254164463978,20653.80155810527,812.0,0.12496660852206255,0,2.0,12.0,0.0,1.0,0.0,0.045454545454545456,792.0,210.0
USO,166,2021-02-22,2021-03-19,2021-02-19,25,0.0684931506849315,20,estimation,2021,2021-03-19,0.0011153145714285714,78,78,71,0,OK,OK,32,41.5,41.30998548507789,41.5,0.004599723594450289,0.343152,2.97,0.04999999999999993,41.0,20,11,24.0,50.0,0.16004356846814596,0.005509104760664338,0.0003233754087105034,5.962991059394537,2.2097495341899607,4.61694773342607,2.4442664471079194,True,0.1620378942863085,0.9876922257787508,23988.329190194898,1029.0,0.1456677375051861,0,0.0,6.0,0.0,2.0,0.0,0.10526315789473684,627.0,153.0
USO,167,2021-03-22,2021-04-16,2021-03-19,25,0.0684931506849315,19,estimation,2021,2021-04-16,0.0010170714285714286,118,118,96,0,OK,OK,37,41.5,41.73501637124048,41.5,0.005631155602048016,0.367365,3.195,0.07500000000000007,41.5,19,17,30.0,60.0,0.16625047085666045,0.005709146588901037,0.000310051686509333,3.3751109909468724,3.8343718343673148,2.882228406595945,4.636628306263042,True,0.16814374282573782,0.9887401580501302,21877.616239495517,672.0,0.16309310305593838,0,0.0,1.0,0.0,0.0,0.0,0.0,684.0,138.0
USO,168,2021-04-19,2021-05-21,2021-04-16,32,0.08767123287671233,25,estimation,2021,2021-05-21,0.0011817585714285713,110,110,98,0,OK,OK,43,43.5,43.349984458260266,43.5,0.0034605673707721143,0.3225675,3.31,0.06000000000000005,43.0,24,18,25.0,55.0,0.13688341961334932,0.006032867076149276,0.00042345925620425475,5.678189624245932,2.577037881730587,4.382832609758681,2.9218884065057873,True,0.1377886853817333,0.9934300427798116,28840.31503126606,1090.0,0.13688341961334932,0,0.0,14.0,0.0,3.0,0.0,0.125,1056.0,237.0
USO,169,2021-05-24,2021-06-18,2021-05-21,25,0.0684931506849315,19,estimation,2021,2021-06-18,0.0008435062857142858,128,128,105,0,OK,OK,41,45.0,45.050002888803604,45.0,0.0011099419666415048,0.3064745,2.88,0.030000000000000027,45.0,21,19,32.0,60.0,0.11905440010937726,0.004077587251503959,0.00016219990748812292,4.250528705364797,3.5866985847032313,3.6017446623753027,4.155859225817657,True,0.11964387957463236,0.9950730495588168,18836.49089489802,701.0,0.11905440010937726,0,0.0,1.0,0.0,0.0,0.0,0.0,756.0,256.0
USO,170,2021-06-21,2021-07-16,2021-06-18,25,0.0684931506849315,19,estimation,2021,2021-07-16,0.0009569157142857144,126,126,107,0,OK,OK,44,49.5,49.37499180695998,49.5,0.0025318119247241216,0.307483,3.175,0.06499999999999995,49.0,21,22,34.0,66.0,0.1280313223352762,0.004413628431713167,0.00031207303556313653,4.5414537837774756,3.701095059867512,3.804087494840658,4.311299160819412,True,0.13987799188710037,0.9153071230720414,22908.6765276777,767.0,0.1280313223352762,0,0.0,0.0,0.0,0.0,0.0,0.0,810.0,179.0
USO,171,2021-07-19,2021-08-20,2021-07-16,32,0.08767123287671233,25,estimation,2021,2021-08-20,0.0009017200000000001,108,108,107,0,OK,OK,53,46.0,45.85498853658579,46.0,0.003162392316345432,0.4005625,4.345,0.05499999999999994,45.5,15,37,25.0,74.0,0.21130654697968862,0.009292453280867476,0.00042037702661722946,5.049047056898221,4.100648513608833,3.798775413903581,5.281224355914735,True,0.2106756314865588,1.0029947245852688,33496.54391578279,1108.0,0.21130654697968862,0,0.0,23.0,0.0,1.0,0.0,0.041666666666666664,1296.0,434.0
USO,172,2021-08-23,2021-09-17,2021-08-20,25,0.0684931506849315,19,estimation,2021,2021-09-17,0.0008850794285714287,130,130,105,0,OK,OK,40,46.0,45.86499181579831,46.0,0.0029435998755631258,0.343468,3.295,0.06500000000000006,45.5,21,18,29.0,60.0,0.15353058852831686,0.005289750805831392,0.00044863706269489295,5.010769604671553,3.0774636665193587,4.034248946203875,3.545249073936739,True,0.17119405332356172,0.8968219721869638,24266.100950824144,859.0,0.15353058852831686,0,1.0,21.0,0.0,3.0,0.0,0.16666666666666666,738.0,217.0
USO,173,2021-09-20,2021-10-15,2021-09-17,25,0.0684931506849315,20,estimation,2021,2021-10-15,0.00082482,132,132,109,0,OK,OK,43,49.5,49.5550031072864,49.5,0.001109940547623849,0.3193945,3.3049999999999997,0.08499999999999996,49.5,21,21,34.0,66.0,0.12666042335865715,0.004338058001731953,0.00016618223002796647,4.493540091306708,3.4416110966144697,3.7460665963146513,3.9877483122059187,True,0.12707499963952243,0.9967375464722305,18620.871366628657,635.0,0.12666042335865715,0,1.0,18.0,0.0,3.0,0.0,0.15789473684210525,836.0,178.0
USO,174,2021-10-18,2021-11-19,2021-10-15,32,0.08767123287671233,25,estimation,2021,2021-11-19,0.0009065257142857143,78,78,74,0,OK,OK,35,57.0,56.959996820824585,57.0,0.0007023030443848154,0.32546949999999997,4.38,0.07000000000000006,56.5,21,13,39.0,70.0,0.12541068587144238,0.005530157499138934,0.0005010437327244632,3.8464413938748994,2.2232653994240246,3.214036075982925,2.4793992586153997,True,0.1257247784731083,0.9975017446403128,40271.703432545946,881.0,0.12541068587144238,0,1.0,0.0,0.0,0.0,0.0,0.0,864.0,136.0
USO,175,2021-11-22,2021-12-17,2021-11-19,25,0.0684931506849315,19,estimation,2021,2021-12-17,0.0009787544444444444,88,88,85,0,OK,OK,41,54.5,54.40499363117884,54.5,0.0017462803040696063,0.33984400000000003,3.865,0.06499999999999984,54.0,17,23,40.0,71.0,0.1333154191760584,0.004593412719161908,0.00026518248373545304,3.374189444757483,3.0772657450171748,2.9149499143136173,3.539582038809393,True,0.135699480069156,0.9824313188828534,25409.727055493066,680.0,0.1333154191760584,0,1.0,1.0,0.0,0.0,0.0,0.0,756.0,212.0
USO,176,2021-12-20,2022-01-21,2021-12-17,32,0.08767123287671233,23,estimation,2021,2022-01-21,0.005542979333333333,256,196,156,0,OK,OK,58,50.0,49.87994167064845,50.0,0.002406946065500279,0.444314,5.239999999999999,0.10000000000000009,49.5,29,28,24.0,70.0,0.352097913985971,0.015456373439831434,0.004084916515936686,5.502642829547509,2.6339830453109987,3.9157632560123496,3.147966539147183,True,0.41166815180617233,0.8552954908976076,50699.070827470445,932.0,0.352097913985971,0,3.0,80.0,0.0,6.0,0.0,0.2727272727272727,1298.0,336.0
USO,177,2022-01-24,2022-02-18,2022-01-21,25,0.0684931506849315,20,holdout,2022,2022-02-18,0.0049915325,96,96,87,0,OK,OK,39,60.0,60.075025645817796,60.0,0.0012488658142257292,0.3816005,4.785,0.07499999999999996,60.0,26,12,37.0,85.0,0.24108487938231365,0.008254290762915695,0.0022652954733108723,4.840587563194718,3.4876212429008575,3.838345625983932,4.1721148108521,True,0.24609460966873192,0.9796430718528867,32734.069487883862,633.0,0.24108487938231365,0,1.0,7.0,0.0,0.0,0.0,0.0,760.0,163.0
USO,178,2022-02-22,2022-03-18,2022-02-18,24,0.06575342465753424,19,holdout,2022,2022-03-18,0.004699559000000001,124,124,116,0,OK,OK,54,65.5,65.49499845470076,65.5,7.636530143131768e-05,0.45488850000000003,6.095,0.10499999999999998,65.0,32,21,39.0,99.0,0.26774822118653846,0.008828949431095148,0.00096538249735491,4.379338626768508,3.606965575839026,3.429223925364154,4.484369748553124,True,0.27401640717568165,0.9771247785716553,54954.08738576248,1043.0,0.2602844879516751,0,2.0,22.0,0.0,1.0,0.0,0.05555555555555555,990.0,141.0
USO,179,2022-03-21,2022-04-14,2022-03-18,24,0.06575342465753424,19,holdout,2022,2022-04-14,0.004617553999999999,176,176,155,0,OK,OK,67,79.0,79.45013664973881,79.0,0.005665649786397049,0.697121,11.3,0.15000000000000036,79.0,41,25,43.0,130.0,0.5375049761568271,0.017682260189747112,0.0005911235094416057,3.4026176264820744,2.7863617657184867,2.5492243329671878,3.6114011383701823,True,0.5419261916431554,0.9918416648715154,93325.43007969925,842.0,0.5375049761568271,0,0.0,11.0,0.0,0.0,0.0,0.0,1224.0,231.0
USO,180,2022-04-18,2022-05-20,2022-04-14,32,0.08767123287671233,25,holdout,2022,2022-05-20,0.005521294666666666,132,132,131,0,OK,OK,65,80.5,80.34992737361712,80.5,0.0018677381708767525,0.4817805,9.15,0.19999999999999973,80.0,43,21,45.0,120.0,0.2605333556350454,0.01142467503601662,0.0006966846906030859,4.033341727335263,2.8423379419745958,3.066904709546933,3.5050339537679234,True,0.2628056135163348,0.9913538457155211,66834.39175686149,834.0,0.2605333556350454,0,0.0,12.0,0.0,1.0,0.0,0.041666666666666664,1584.0,263.0
USO,181,2022-05-23,2022-06-17,2022-05-20,25,0.0684931506849315,19,holdout,2022,2022-06-17,0.00893537,114,114,114,0,OK,OK,57,82.0,81.89993878010388,82.0,0.0012217496299329023,0.435362,7.45,0.10000000000000009,81.5,32,24,40.0,130.0,0.2316842966457414,0.007941572323562414,0.00041964374155778494,6.246507338104211,4.0980666426970505,4.469062170720893,5.2228798862641765,True,0.23146315271689152,1.0009554174228343,54325.03314924325,1306.0,0.2316842966457414,0,0.0,7.0,0.0,1.0,0.0,0.05555555555555555,1044.0,178.0
USO,182,2022-06-21,2022-07-15,2022-06-17,24,0.06575342465753424,18,holdout,2022,2022-07-15,0.011240414,190,190,172,0,OK,OK,77,84.0,84.1250924211142,84.0,0.0014869810839317078,0.41747449999999997,7.175000000000001,0.125,84.0,43,33,45.0,135.0,0.21872271512294575,0.00718667902940045,0.0008167682731743043,5.830460148884896,4.432090433627449,4.33706747752796,5.671549778305793,True,0.22248575255243613,0.983086389189782,51286.13839913648,1083.0,0.21872271512294575,0,0.0,27.0,0.0,3.0,0.0,0.17647058823529413,1326.0,309.0
USO,183,2022-07-18,2022-08-19,2022-07-15,32,0.08767123287671233,25,holdout,2022,2022-08-19,0.017335014666666666,140,140,131,0,OK,OK,61,77.0,76.94992395312191,77.0,0.0006507614862439123,0.484727,8.8,0.15000000000000036,76.5,23,37,45.0,135.0,0.2794332074317701,0.012247793962277083,0.0008310401710987203,3.697128966470593,3.9574037637883093,2.868952451062632,5.328054551973459,True,0.2801955066072958,0.9972794025687424,66834.39175686149,900.0,0.2515260816867148,0,0.0,13.0,0.0,1.0,0.0,0.041666666666666664,1488.0,377.0
USO,184,2022-08-22,2022-09-16,2022-08-19,25,0.0684931506849315,19,holdout,2022,2022-09-16,0.0248183175,106,106,103,0,OK,OK,50,74.5,74.72538279933626,74.5,0.003016147805378136,0.4412595,6.875,0.125,74.5,25,24,40.0,110.0,0.2579056590382205,0.008821952664164266,0.0010640215864948853,5.385383719269032,3.3743634503490285,4.010007470283346,4.126239570871269,True,0.2590786296244898,0.9954725305287841,52480.746024977336,1070.0,0.2579056590382205,0,1.0,8.0,0.0,0.0,0.0,0.0,918.0,117.0
USO,185,2022-09-19,2022-10-21,2022-09-16,32,0.08767123287671233,25,holdout,2022,2022-10-21,0.028171652,188,188,153,0,OK,OK,59,70.0,70.12530911200487,70.0,0.0017869313318066922,0.4519585,7.475,0.125,70.0,26,32,38.0,110.0,0.2609166304309588,0.011410825830976263,0.001966358770234305,4.5650912851673535,3.3775129706352485,3.416054751197933,4.270068438997416,True,0.2607379014696894,1.0006854736509805,60255.95860743581,1059.0,0.22223831821515097,0,0.0,3.0,0.0,1.0,0.0,0.041666666666666664,1440.0,260.0
USO,186,2022-10-24,2022-11-18,2022-10-21,25,0.0684931506849315,20,holdout,2022,2022-11-18,0.032424935,108,108,103,0,OK,OK,49,70.5,70.52505558384883,70.5,0.00035527208935037547,0.44366799999999995,6.525,0.12499999999999978,70.5,24,24,45.0,115.0,0.23767883329558967,0.008121691830127044,0.0007959119028697048,3.866486611935177,4.214157597611559,3.1150812977772695,5.436122264748568,True,0.23879953197902834,0.9953069477391727,43151.9076827765,800.0,0.2276928441441222,0,0.0,1.0,0.0,0.0,0.0,0.0,950.0,183.0
USO,187,2022-11-21,2022-12-16,2022-11-18,25,0.0684931506849315,19,holdout,2022,2022-12-16,0.035451285,262,224,161,0,OK,OK,49,69.0,69.20048622411966,69.0,0.002897179413889417,0.44401650000000004,6.3999999999999995,0.10000000000000009,69.0,23,25,50.0,120.0,0.22399966018582387,0.007656827815693919,0.0005692277543886712,2.7716972732269123,4.76216993319317,2.3696370358890615,6.360604675281165,True,0.22562057559582202,0.9928157464995486,48977.88193684456,805.0,0.21978789014201233,0,0.0,3.0,0.0,0.0,0.0,0.0,900.0,158.0
USO,188,2022-12-19,2023-01-20,2022-12-16,32,0.08767123287671233,22,holdout,2022,2023-01-20,0.040315618000000004,192,192,149,0,OK,OK,53,66.5,66.29929184525686,66.5,0.0030273046537449355,0.4116825,6.45,0.15000000000000013,66.0,21,31,46.0,135.0,0.1902584759826175,0.008320916958350516,0.0006387870234512151,2.9616401810653703,5.870722178036759,2.485965498586141,8.576580970122187,True,0.1918124358162237,0.9918985449144962,49545.019080479055,878.0,0.18323001362245966,0,0.0,9.0,0.0,0.0,0.0,0.0,1134.0,303.0
USO,189,2023-01-23,2023-02-17,2023-01-20,25,0.0684931506849315,20,holdout,2023,2023-02-17,0.0407272275,138,138,111,0,OK,OK,42,71.5,71.69053075179622,71.5,0.0026576836549845654,0.353897,5.29,0.08999999999999986,71.5,22,19,55.0,90.0,0.13993442568744632,0.004782465854572157,0.0003043180254891968,2.832723778167133,2.4845013109895904,2.49159499139921,2.793606505508205,True,0.14178638083280803,0.9869384130232826,35892.193464500495,581.0,0.13800815156618518,0,1.0,1.0,0.0,0.0,0.0,0.0,817.0,150.0
USO,190,2023-02-21,2023-03-17,2023-02-17,24,0.06575342465753424,19,holdout,2023,2023-03-17,0.041062420999999995,162,162,123,0,OK,OK,42,67.0,66.89471611747722,67.0,0.0015738744198852623,0.3509275,4.805,0.06500000000000017,66.5,18,23,55.0,89.0,0.13756016737755405,0.004527899785080386,0.0003279717382841586,2.1099731486263713,3.238651778660513,1.921762010274238,3.759969150536553,True,0.13960657486662448,0.9853416109447174,27861.211686297724,456.0,0.1348489853151286,0,2.0,17.0,1.0,1.0,0.05555555555555555,0.05555555555555555,774.0,110.0
USO,191,2023-03-20,2023-04-21,2023-03-17,32,0.08767123287671233,24,holdout,2023,2023-04-21,0.04333266266666667,166,166,129,0,OK,OK,46,60.0,60.0,60.0,0.0,0.480769,6.800000000000001,0.10000000000000009,60.0,19,26,40.0,98.0,0.275293916326271,0.012021920049664984,0.0013799943367892092,2.8483179964879013,3.446535976744929,2.34160551222907,4.449050473235234,True,0.2824873271735319,0.9745354564424689,56885.29308438413,750.0,0.2612461081322084,0,2.0,14.0,1.0,4.0,0.043478260869565216,0.17391304347826086,1081.0,298.0
USO,192,2023-04-24,2023-05-19,2023-04-21,25,0.0684931506849315,20,holdout,2023,2023-05-19,0.045379449999999995,104,104,96,0,OK,OK,44,69.5,69.48996886983089,69.5,0.00014435364315533238,0.3135825,4.550000000000001,0.08999999999999964,69.0,21,22,51.0,105.0,0.11834534639269025,0.004065479003879102,0.0002627922221619256,3.683284589101629,5.1159082261653515,3.1786888908232473,6.357377781646495,True,0.11799134902970398,1.003000197606836,41686.93834703355,1151.0,0.11580072975514333,0,3.0,14.0,2.0,2.0,0.10526315789473684,0.10526315789473684,855.0,243.0
USO,193,2023-05-22,2023-06-16,2023-05-19,25,0.0684931506849315,19,holdout,2023,2023-06-16,0.046451095000000005,116,116,99,0,OK,OK,41,64.0,64.12539833105659,64.0,0.001955517381883544,0.328596,4.395,0.07500000000000018,64.0,21,19,48.0,78.0,0.12327622534352077,0.0042102913448627335,0.00036500346666260323,3.345237481276797,2.3003661149570345,2.907061128946001,2.543678487827751,True,0.13141962827661777,0.9380351090633402,31622.776601683792,632.0,0.12327622534352077,0,0.0,2.0,0.0,1.0,0.0,0.05555555555555555,756.0,136.0
USO,194,2023-06-20,2023-07-21,2023-06-16,31,0.08493150684931507,23,holdout,2023,2023-07-21,0.04788478933333333,178,178,141,0,OK,OK,52,64.0,64.15563165731511,64.0,0.0024258456084792807,0.321118,4.785,0.1449999999999998,64.0,26,25,45.0,100.0,0.12506600307149307,0.005292411060792974,0.0007056495690670664,3.7637058987177383,4.76886766775073,3.1723022702770405,6.010677985788076,True,0.12400387745932329,1.008565261296109,29853.82618917957,765.0,0.12108981126335586,0,0.0,5.0,0.0,0.0,0.0,0.0,1166.0,370.0
USO,195,2023-07-24,2023-08-18,2023-07-21,25,0.0684931506849315,20,holdout,2023,2023-08-18,0.048664860000000004,112,112,97,0,OK,OK,41,71.0,70.87959934749087,71.0,0.0016986644058026154,0.283211,4.2,0.050000000000000044,70.5,24,16,55.0,100.0,0.10331792629899451,0.0035409585145162437,0.000625641561565919,3.3497100444538046,4.716120634570141,2.9662577888051183,5.645458372241999,True,0.10044436836645489,1.0286084524127417,33496.54391578279,843.0,0.08824113085948034,0,0.0,0.0,0.0,0.0,0.0,0.0,798.0,276.0
USO,196,2023-08-21,2023-09-15,2023-08-18,25,0.0684931506849315,19,holdout,2023,2023-09-15,0.0503816475,98,98,79,0,OK,OK,30,73.0,72.78927408068745,73.0,0.002895013337802493,0.260877,3.9799999999999995,0.10000000000000009,72.0,17,12,60.0,85.0,0.0816794117005818,0.0028474813278693964,0.00021357666682443239,2.6704143728189025,2.431139271624987,2.441121444785959,2.6445482318514557,True,0.08312215712247584,0.982643070489999,28510.182675039097,519.0,0.0816794117005818,0,2.0,10.0,1.0,1.0,0.05555555555555555,0.05555555555555555,558.0,152.0
USO,197,2023-09-18,2023-10-20,2023-09-15,32,0.08767123287671233,25,holdout,2023,2023-10-20,0.051348274666666666,144,144,109,0,OK,OK,37,82.0,81.79407505748247,82.0,0.0025176021902907843,0.2555595,4.955,0.15500000000000025,81.0,18,18,60.0,104.0,0.08493726874479893,0.0037543913248618203,0.0005422763890515507,3.9659940170764347,3.3030732888417074,3.4262077187773867,3.7525132158038046,True,0.08857318119787161,0.9589501878119282,42657.95188015926,857.0,0.0781173052664633,0,0.0,0.0,0.0,0.0,0.0,0.0,912.0,137.0
USO,198,2023-10-23,2023-11-17,2023-10-20,25,0.0684931506849315,20,holdout,2023,2023-11-17,0.0516829775,100,100,94,0,OK,OK,44,79.0,79.05017731014588,79.0,0.0006347526577836487,0.38174399999999997,6.3,0.15000000000000013,79.0,17,26,60.0,110.0,0.17474881266731868,0.005963601947851743,0.00039148442494081804,2.753594545222806,3.3134075647466106,2.4073027819844093,3.927704539027194,True,0.17530761452509266,0.9968124495944584,49545.019080479055,703.0,0.17474881266731868,0,1.0,5.0,0.0,0.0,0.0,0.0,855.0,173.0
USO,199,2023-11-20,2023-12-15,2023-11-17,25,0.0684931506849315,19,holdout,2023,2023-12-15,0.051834954999999995,148,148,131,0,OK,OK,57,72.5,72.47491108376741,72.5,0.00034617381183941543,0.354407,5.365,0.135,72.0,22,34,50.0,105.0,0.163252511345581,0.0055927016751874704,0.0006969131989696862,3.9313540101514755,4.067750447856559,3.294308911630646,4.9414633674459685,True,0.16909365325377393,0.965456172979913,32734.069487883862,675.0,0.15204714846320636,0,2.0,11.0,0.0,2.0,0.0,0.1111111111111111,1044.0,337.0
USO,200,2023-12-18,2024-01-19,2023-12-15,32,0.08767123287671233,22,holdout,2023,2024-01-19,0.053025138,142,142,116,0,OK,OK,45,68.0,68.35665415855372,68.0,0.005217548502688005,0.3483075,5.615,0.11499999999999999,68.0,20,24,45.0,100.0,0.14460408602179323,0.0063231006824072825,0.0006391769726704403,4.003094778924148,3.73952126791137,3.2796503130098955,4.5629917398398545,True,0.14452729208765247,1.0005313455544036,32359.36569296281,702.0,0.13821280638676547,0,0.0,2.0,0.0,0.0,0.0,0.0,966.0,240.0
USO,201,2024-01-22,2024-02-16,2024-01-19,25,0.0684931506849315,20,holdout,2024,2024-02-16,0.0536655375,102,102,94,0,OK,OK,43,70.0,69.87955810174043,70.0,0.0017235641084652402,0.33468699999999996,4.89,0.07000000000000006,69.5,22,20,53.0,85.0,0.1284913656472099,0.004399102326157684,0.0003127300699140597,3.0943020367192937,2.2984455606351735,2.7104208145680646,2.546152886412424,True,0.1316277596238649,0.9761722452344593,31988.951096913974,543.0,0.1284913656472099,0,0.0,3.0,0.0,0.0,0.0,0.0,836.0,161.0
USO,202,2024-02-20,2024-03-15,2024-02-16,24,0.06575342465753424,19,holdout,2024,2024-03-15,0.052819282,96,96,85,0,OK,OK,37,72.5,72.60034790867012,72.5,0.0013821959750985218,0.286555,4.26,0.10000000000000009,72.5,23,13,55.0,90.0,0.09920707365488254,0.0032512489236179694,0.00027383561958268116,3.7595893937757383,2.942625046664518,3.28498100593648,3.28498100593648,True,0.10035148837442052,0.9885959367611165,22646.44307593062,526.0,0.09920707365488254,0,1.0,2.0,0.0,0.0,0.0,0.0,684.0,164.0
USO,203,2024-03-18,2024-04-19,2024-03-15,32,0.08767123287671233,24,holdout,2024,2024-04-19,0.05304292133333333,170,170,139,0,OK,OK,54,78.0,78.19088562190336,78.0,0.0024412771435586623,0.2691325,4.98,0.08000000000000007,78.0,28,25,55.0,104.0,0.09207235522669263,0.004020303657990345,0.000313913317137406,4.384276342221677,3.610090557748407,3.700313590418179,4.182963189168376,True,0.09344347914019631,0.9853267030923952,37153.52290971728,815.0,0.08927429903168019,0,0.0,1.0,0.0,0.0,0.0,0.0,1265.0,379.0
USO,204,2024-04-22,2024-05-17,2024-04-19,25,0.0684931506849315,20,holdout,2024,2024-05-17,0.052261405000000004,116,116,100,0,OK,OK,42,79.0,79.00501792981261,79.0,6.351406460115621e-05,0.259317,4.285,0.06500000000000017,79.0,22,19,63.0,105.0,0.08724435548336523,0.002977146474859877,0.0003014150986165414,3.334687816625317,4.192246274790476,2.9842714944285222,4.849441178446348,True,0.09024422158536613,0.966758358049959,27227.013080779154,614.0,0.08724435548336523,0,2.0,3.0,1.0,1.0,0.05263157894736842,0.05263157894736842,817.0,221.0
USO,205,2024-05-20,2024-06-21,2024-05-17,32,0.08767123287671233,23,holdout,2024,2024-06-21,0.053156706000000005,102,102,95,0,OK,OK,44,77.0,76.97990657619795,77.0,0.00026102167040385977,0.23688199999999998,4.32,0.16000000000000014,76.5,19,24,55.0,110.0,0.07791843610352624,0.0034193075178653824,0.0007448694047526894,4.704326538262,5.178128405071455,4.006972913450322,6.243422911655153,True,0.07841767700989427,0.9936335667491777,28840.31503126606,873.0,0.07791843610352624,0,2.0,2.0,0.0,0.0,0.0,0.0,990.0,289.0
USO,206,2024-06-24,2024-07-19,2024-06-21,25,0.0684931506849315,19,holdout,2024,2024-07-19,0.054308945,130,130,107,0,OK,OK,42,80.0,79.91970186257909,80.0,0.001004735197323217,0.2251185,3.7700000000000005,0.06999999999999995,79.5,23,18,63.0,105.0,0.06564174514682776,0.002253541994868548,0.0003001361867576793,3.948358496445304,4.7220171847344705,3.522751894400116,5.44425292770927,True,0.0680963814384989,0.963953498852387,26001.595631652723,774.0,0.06324545184463823,0,0.0,0.0,0.0,0.0,0.0,0.0,774.0,257.0
USO,207,2024-07-22,2024-08-16,2024-07-19,25,0.0684931506849315,20,holdout,2024,2024-08-16,0.052937112499999994,96,96,88,0,OK,OK,40,78.0,77.78923719371198,78.0,0.002709408317800724,0.235343,3.84,0.09999999999999998,77.5,16,23,65.0,100.0,0.07260811716607866,0.0024845188201870106,0.00036902329674704513,2.8557352157835667,4.138393401594185,2.6186861612340975,4.713635090221376,True,0.0736210262449574,0.9862415789273502,26302.679918953814,634.0,0.07260811716607866,0,0.0,0.0,0.0,0.0,0.0,0.0,779.0,98.0
USO,208,2024-08-19,2024-09-20,2024-08-16,32,0.08767123287671233,24,holdout,2024,2024-09-20,0.05295234866666666,112,112,108,0,OK,OK,52,74.5,74.62558164878928,74.5,0.001682823048271894,0.2854005,5.035,0.125,74.5,23,28,55.0,95.0,0.10365710926054686,0.0045242418486426085,0.0003824716515209095,3.5910931296007393,2.8764839170196583,3.0973840103005696,3.256224215957009,True,0.10628188418070755,0.9753036470853501,33884.415613920275,601.0,0.10365710926054686,0,1.0,2.0,0.0,0.0,0.0,0.0,1219.0,304.0
USO,209,2024-09-23,2024-10-18,2024-09-20,25,0.0684931506849315,20,holdout,2024,2024-10-18,0.0520526875,98,98,92,0,OK,OK,43,72.5,72.52007143231282,72.5,0.00027677071900779896,0.29708650000000003,4.5,0.3500000000000001,72.5,21,21,50.0,110.0,0.11900349833968998,0.004060996276313424,0.0006629519614862776,4.778885461493745,5.361902974891083,3.991517356657131,6.652528927761885,True,0.11885415945394509,1.0012564885102129,22387.21138568338,682.0,0.11900349833968998,0,0.0,0.0,0.0,0.0,0.0,0.0,836.0,115.0
USO,210,2024-10-21,2024-11-15,2024-10-18,25,0.0684931506849315,20,holdout,2024,2024-11-15,0.0488320725,92,92,92,0,OK,OK,46,72.5,72.6856197984931,72.5,0.0025537348241328637,0.40167949999999997,6.075,0.7250000000000001,72.5,20,25,50.0,115.0,0.22690834376626287,0.007748152846734526,0.0016127791058531149,3.534515342844387,4.388570824364613,2.952169381754655,5.576319943314347,True,0.2263444873586218,1.0024911426570229,44157.044735331205,714.0,0.22690834376626287,0,0.0,3.0,0.0,0.0,0.0,0.0,893.0,65.0
USO,211,2024-11-18,2024-12-20,2024-11-15,32,0.08767123287671233,24,holdout,2024,2024-12-20,0.04871950533333333,104,104,101,0,OK,OK,49,72.5,72.36442214139689,72.5,0.0018735430283434089,0.3176065,5.4350000000000005,0.21500000000000008,72.0,19,29,50.0,120.0,0.13915911721817148,0.006086880176101412,0.0006942217805387556,3.8774845614732474,5.43193713510252,3.2491685848152345,7.089095094142329,True,0.13980367332361437,0.9953895624476841,33113.112148259075,702.0,0.13915911721817148,0,0.0,3.0,0.0,0.0,0.0,0.0,1150.0,158.0
USO,212,2024-12-23,2025-01-17,2024-12-20,25,0.0684931506849315,17,holdout,2024,2025-01-17,0.048651280000000005,116,116,111,0,OK,OK,53,73.0,73.22073432428682,73.0,0.003014642318516154,0.2664795,4.08,0.09000000000000008,73.0,26,26,50.0,120.0,0.10997385171138797,0.003758254909354188,0.0009116341126032479,5.426322064327556,7.126843745648158,4.517702194568407,9.231826223683266,True,0.10924488838877645,1.006672745364683,21379.620895022323,722.0,0.10997385171138797,0,4.0,30.0,2.0,6.0,0.125,0.375,864.0,190.0
USO,213,2025-01-21,2025-02-21,2025-01-17,31,0.08493150684931507,23,holdout,2025,2025-02-21,0.04601509733333334,94,94,90,0,OK,OK,43,81.0,81.35137052239052,81.0,0.004319171516524313,0.29449749999999997,5.57,0.1299999999999999,81.0,24,18,60.0,105.0,0.12057063701276548,0.00510952390057276,0.001178839184019822,3.4966858358421034,3.023709547681479,3.020774098326352,3.4523132552301163,True,0.12050730602890831,1.000525536466992,57543.993733715666,846.0,0.12057063701276548,0,5.0,13.0,1.0,1.0,0.045454545454545456,0.045454545454545456,968.0,161.0
USO,214,2025-02-24,2025-03-21,2025-02-21,25,0.0684931506849315,20,holdout,2025,2025-03-21,0.0448157125,114,114,109,0,OK,OK,52,76.0,76.13039965708919,76.0,0.001712846086143497,0.270901,4.31,0.2500000000000002,76.0,22,29,58.0,110.0,0.11653260773115434,0.003980078791808352,0.0012768899555256267,3.8123812750926285,5.215194483343177,3.340601967253627,6.31002593814574,True,0.12862596196476686,0.905980456442183,23173.946499684796,508.0,0.11653260773115434,0,1.0,16.0,0.0,3.0,0.0,0.15789473684210525,1007.0,213.0
USO,215,2025-03-24,2025-04-17,2025-03-21,24,0.06575342465753424,19,holdout,2025,2025-04-17,0.044199264,182,182,146,0,OK,OK,55,75.0,75.04513097161002,75.0,0.0006013844072987828,0.254042,3.9050000000000002,0.09499999999999997,75.0,25,29,55.0,110.0,0.10895483259077762,0.003571861903784512,0.001361113715875683,4.7611731373112045,5.879295335438698,4.093586959565773,7.163777179240102,True,0.11990350277488852,0.9086876535653311,26607.25059798814,704.0,0.09147515282539084,0,6.0,44.0,4.0,4.0,0.2222222222222222,0.2222222222222222,1008.0,171.0
USO,216,2025-04-21,2025-05-16,2025-04-17,25,0.0684931506849315,20,holdout,2025,2025-05-16,0.04510676,106,106,106,0,OK,OK,53,69.0,68.80439661509851,69.0,0.0028428907820487338,0.37363650000000004,5.375,0.125,68.5,25,27,45.0,105.0,0.1977127665372932,0.00675994143352704,0.0008769577622736032,4.29688243252497,4.368011331090219,3.5083622023536916,5.449158314294031,True,0.20021042539531952,0.9875248311715303,34276.778654645044,720.0,0.1977127665372932,0,0.0,3.0,0.0,0.0,0.0,0.0,1026.0,116.0
USO,217,2025-05-19,2025-06-20,2025-05-16,32,0.08767123287671233,23,holdout,2025,2025-06-20,0.04550722533333333,88,88,88,0,OK,OK,44,68.5,68.64055967014546,68.5,0.0020477640453534815,0.3286595,5.33,0.20999999999999996,68.5,22,21,45.0,100.0,0.14837452599646875,0.006480288208409643,0.0008324048756968013,4.317691326845402,3.8877956246443977,3.525352459697939,4.725472445978088,True,0.14983964331428026,0.9902220982017521,42169.65034285822,893.0,0.14837452599646875,0,1.0,16.0,0.0,1.0,0.0,0.045454545454545456,990.0,57.0
USO,218,2025-06-23,2025-07-18,2025-06-20,25,0.0684931506849315,19,holdout,2025,2025-07-18,0.04429018,126,126,126,0,OK,OK,63,77.0,76.82446831851497,77.0,0.0022848408238540624,0.48199899999999996,7.7250000000000005,0.3750000000000002,76.0,28,34,40.0,125.0,0.3018521684765981,0.010364755490308178,0.0017547745755780407,5.0882268541219595,3.9445144646227335,3.7550800459377505,5.111081173637494,True,0.30365645475367903,0.9940581329695609,58210.321777087214,1056.0,0.3018521684765981,0,0.0,0.0,0.0,0.0,0.0,0.0,1152.0,165.0
USO,219,2025-07-21,2025-08-15,2025-07-18,25,0.0684931506849315,20,holdout,2025,2025-08-15,0.04598973,122,122,118,0,OK,OK,57,75.5,75.75078873697798,76.0,0.003289883408175866,0.2667525,4.234999999999999,0.41500000000000004,75.5,22,34,55.0,120.0,0.11843298577144909,0.004048667697028806,0.0013129743007951604,4.537873418689135,6.637210836472213,3.889330407319456,8.442692835400772,True,0.11931954710445539,0.9925698567039466,23713.737056616552,638.0,0.11843298577144909,0,0.0,0.0,0.0,0.0,0.0,0.0,1102.0,145.0
UNG,1,2007-05-21,2007-06-15,2007-05-18,25,0.0684931506849315,19,estimation,2007,2007-06-16,0.05383942687499999,52,52,47,0,OK,OK,21,53.0,52.874538195042746,53.0,0.0023728208177337218,0.436708,4.825,0.2250000000000001,52.0,7,13,45.0,65.0,0.1904047710682629,0.006637612351576204,0.0006562216963969744,1.2650194170835631,1.9524036939695142,1.1778228527792873,2.1873852980186763,False,0.19664826903217997,0.9682504300971224,35075.18739525679,381.0,0.1831092189812162,0,1.0,0.0,0.0,0.0,0.0,0.0,396.0,170.0
UNG,2,2007-06-18,2007-07-20,2007-06-15,32,0.08767123287671233,24,estimation,2007,2007-07-21,0.05383475142857143,52,52,49,0,OK,OK,23,50.0,50.276301001524814,50.0,0.005495650953248019,0.386632,4.575,0.125,50.0,8,14,42.0,64.0,0.15253007983341027,0.006669963495656834,0.0005034064258814207,1.5230144920873312,2.156376095494643,1.397634555453899,2.4458604720443233,True,0.15480432519911622,0.9853089029471191,28183.82931264455,362.0,0.14792982384915745,0,1.0,9.0,0.0,0.0,0.0,0.0,552.0,231.0
UNG,3,2007-07-23,2007-08-17,2007-07-20,25,0.0684931506849315,20,estimation,2007,2007-08-18,0.05385712342857143,52,52,46,0,OK,OK,20,39.0,38.92472282578279,39.0,0.0019339167694047432,0.5941025,4.825,0.27500000000000013,38.0,3,16,35.0,54.0,0.3360805203317076,0.011762229223160493,0.0015526592865212187,0.5289177072113873,2.2600299448761416,0.507753243214751,2.708017297145339,False,0.3801957881527673,0.8839669738704901,43151.9076827765,392.0,0.3232035736789117,0,2.0,4.0,1.0,1.0,0.05263157894736842,0.05263157894736842,399.0,106.0
UNG,4,2007-08-20,2007-09-21,2007-08-17,32,0.08767123287671233,24,estimation,2007,2007-09-22,0.055473884999999994,48,48,48,0,OK,OK,24,39.0,38.84926870354094,39.0,0.003879900484338288,0.6547775,6.0,0.5,38.0,8,15,30.0,53.0,0.4176359492050386,0.01846703958557889,0.0021912784371563056,1.2192830918714503,1.7160818865007224,1.0858856301814293,2.03603555659018,False,0.44819529422291493,0.9318168989907393,47315.12589614812,391.0,0.40504036372941726,0,0.0,0.0,0.0,0.0,0.0,0.0,575.0,191.0
UNG,5,2007-09-24,2007-10-19,2007-09-21,25,0.0684931506849315,20,estimation,2007,2007-10-20,0.05166412542857143,80,80,60,0,OK,OK,20,40.0,39.799291018579666,40.0,0.005043029066187039,0.4791435,4.0,0.20000000000000007,39.0,8,11,30.0,50.0,0.2593329367256517,0.00905916621884223,0.0012427680178407337,2.0922593062871853,1.981388708939296,1.8403004374914953,2.249256090267383,True,0.2717580845164676,0.9542786452409553,35075.18739525679,545.0,0.24939533295270913,0,0.0,0.0,0.0,0.0,0.0,0.0,399.0,147.0
UNG,6,2007-10-22,2007-11-16,2007-10-19,25,0.0684931506849315,20,estimation,2007,2007-11-17,0.049426840624999996,42,42,35,0,OK,OK,14,39.0,38.874576107877296,39.0,0.0032263732413352056,0.378255,3.075,0.22499999999999998,38.0,5,8,33.0,46.0,0.15239266215076788,0.005465242212800716,0.0007518805862314435,1.4251247625319414,1.9299706141134862,1.329162739320439,2.1266603829127027,False,0.15783532257868094,0.9655168416106611,23173.946499684796,395.0,0.1465526819758164,0,0.0,0.0,0.0,0.0,0.0,0.0,285.0,60.0
UNG,7,2007-11-19,2007-12-21,2007-11-16,32,0.08767123287671233,24,estimation,2007,2007-12-22,0.048285148571428564,62,62,52,0,OK,OK,21,40.0,40.07531816434233,40.0,0.001879415255880441,0.4465885,4.2250000000000005,0.125,40.0,8,12,32.0,52.0,0.21454618930531796,0.009366801457779161,0.0010793145714349387,1.6875173558358876,1.984122988239876,1.5124948454904568,2.268742268235685,True,0.22029034942731676,0.9739245948043945,32734.069487883862,445.0,0.20807271962282653,0,1.0,7.0,0.0,0.0,0.0,0.0,506.0,192.0
UNG,8,2007-12-24,2008-01-18,2007-12-21,25,0.0684931506849315,18,estimation,2007,2008-01-19,0.04983302857142857,82,82,52,0,OK,OK,11,35.0,34.648803331517435,35.0,0.010135896040112523,0.320599,2.35,0.15000000000000002,34.0,2,8,32.0,42.0,0.1073652938636468,0.0038458145491270597,0.0005109041126471198,0.7225423494894182,2.518444889752583,0.7010763922805088,2.804305569122035,False,0.11234050613390308,0.9557131043692635,19275.249131909368,413.0,0.10325104785869922,0,3.0,7.0,1.0,1.0,0.058823529411764705,0.058823529411764705,204.0,32.0
UNG,9,2008-01-22,2008-02-15,2008-01-18,24,0.06575342465753424,19,estimation,2008,2008-02-16,0.03914139333333334,36,36,31,0,OK,OK,13,37.0,37.22557982396876,37.0,0.006059806859570038,0.3582655,2.725,0.275,37.0,4,8,33.0,45.0,0.12986817834288933,0.004277201603581077,0.0007199700137094735,1.245377861578167,2.1307159742748887,1.1767767785781187,2.3535535571562374,False,0.134795968110231,0.9634426026503113,14962.35656094436,308.0,0.12468561914082642,0,4.0,6.0,3.0,4.0,0.16666666666666666,0.2222222222222222,252.0,105.0
UNG,10,2008-02-19,2008-03-20,2008-02-15,30,0.0821917808219178,23,estimation,2008,2008-03-22,0.03146684964285714,52,52,40,0,OK,OK,14,44.0,43.64909361766633,44.0,0.008039259312171483,0.377124,3.8499999999999996,0.19999999999999996,43.0,6,7,37.0,50.0,0.14289921438001502,0.005971040005481899,0.0006857315399005246,1.3899820318805638,1.394982921953502,1.2905785066842705,1.5056749244649823,False,0.15178004312310636,0.9414888244834122,32734.069487883862,417.0,0.1339912642006344,0,2.0,12.0,1.0,4.0,0.045454545454545456,0.18181818181818182,330.0,73.0
UNG,11,2008-03-24,2008-04-18,2008-03-20,25,0.0684931506849315,20,estimation,2008,2008-04-19,0.026895684000000003,76,76,61,0,OK,OK,23,46.0,45.54917025941134,46.0,0.009897649902755568,0.443668,4.25,0.20000000000000007,45.0,9,13,35.0,58.0,0.20822130021410815,0.007192071381970712,0.0007295136724943727,2.164391126104327,2.185629814027104,1.913840797327211,2.487993036525374,True,0.2105280822076818,0.9890428774661137,34673.685045253165,594.0,0.2002277212496622,0,3.0,11.0,2.0,3.0,0.10526315789473684,0.15789473684210525,456.0,172.0
UNG,12,2008-04-21,2008-05-16,2008-04-18,25,0.0684931506849315,20,estimation,2008,2008-05-17,0.029138044999999998,56,56,49,0,OK,OK,21,52.0,51.92485016879842,52.0,0.0014472806557415125,0.4079085,4.425,0.12499999999999978,51.0,8,12,43.0,63.0,0.16901968895674194,0.00594090380264866,0.0005341381128575891,1.5982976210425779,1.979392224505712,1.469377832128129,2.2040667481921936,True,0.17225394149900156,0.9812239272198113,29512.0922666639,388.0,0.1625328224962056,0,2.0,4.0,0.0,0.0,0.0,0.0,418.0,129.0
UNG,13,2008-05-19,2008-06-20,2008-05-16,32,0.08767123287671233,24,estimation,2008,2008-06-21,0.024869852857142858,72,72,60,0,OK,OK,24,52.0,52.37581853102429,52.0,0.007175420672455443,0.41844400000000004,5.175000000000001,0.17500000000000004,52.0,10,13,42.0,65.0,0.1748315229657805,0.007673215659271921,0.0006335675043450261,1.723783358278665,1.8010195980028751,1.552139511328128,2.0177813647265666,True,0.17822168606750033,0.9809778306079103,44157.044735331205,508.0,0.16954555834503912,0,8.0,37.0,4.0,4.0,0.17391304347826086,0.17391304347826086,575.0,174.0
UNG,14,2008-06-23,2008-07-18,2008-06-20,25,0.0684931506849315,19,estimation,2008,2008-07-19,0.025897450571428574,102,102,75,0,OK,OK,24,63.0,62.499112313952715,62.0,0.007985910446943894,0.3693685,4.875,0.2749999999999999,62.0,11,12,50.0,74.0,0.13904129275997562,0.004785594745698367,0.00040415258878295643,2.2252558824700195,1.830289498499223,2.0021938760126528,2.0021938760126528,True,0.1414142515067476,0.9832198047828385,35892.193464500495,525.0,0.13370387604303918,0,2.0,9.0,0.0,0.0,0.0,0.0,450.0,118.0
UNG,15,2008-07-21,2008-08-15,2008-07-18,25,0.0684931506849315,20,estimation,2008,2008-08-16,0.024817035,32,32,29,0,ONE_SIDED,OK,13,50.0,49.67444709622277,50.0,0.0065537297908240645,0.5642855,5.875,0.17500000000000004,45.0,0,12,,,,,,,,,,,,,,,0.3041836643027189,0,2.0,,0.0,,0.0,,,
UNG,16,2008-08-18,2008-09-19,2008-08-15,32,0.08767123287671233,24,estimation,2008,2008-09-20,0.025145525714285712,64,64,56,0,OK,OK,24,37.0,36.674282734417204,37.0,0.008881353398007276,0.566317,4.925,0.17500000000000004,36.0,6,17,30.0,56.0,0.32173986718019815,0.014247629178540543,0.0012125995889537603,1.0873011938309753,2.6349340553818386,0.9939409734378961,3.3131365781263207,False,0.3282559176343628,0.9801494806213281,32734.069487883862,383.0,0.30835575053898584,0,0.0,3.0,0.0,0.0,0.0,0.0,575.0,110.0
UNG,17,2008-09-22,2008-10-17,2008-09-19,25,0.0684931506849315,20,estimation,2008,2008-10-18,0.034256923142857144,108,108,83,0,OK,OK,29,35.0,35.3257634638266,35.0,0.009221696345223426,0.564065,4.175,0.12499999999999978,35.0,9,19,26.0,55.0,0.349403747300451,0.011981051869124728,0.0010653145331916435,2.013591476849943,3.0617619119794766,1.7418940681444788,3.870875706987731,True,0.3538223140438434,0.9875119047951145,29174.27014001166,517.0,0.3359966067694341,0,1.0,23.0,0.0,1.0,0.0,0.05263157894736842,570.0,214.0
UNG,18,2008-10-20,2008-11-21,2008-10-17,32,0.08767123287671233,25,estimation,2008,2008-11-22,0.03729479,52,52,43,0,OK,OK,17,30.0,30.30098250943627,30.0,0.009933094061967759,0.5791415,4.1,0.15000000000000002,30.0,5,11,25.0,41.0,0.3226383243728365,0.014147045854799638,0.0011572721053179048,1.0632240137976237,1.8216401410757281,0.9719311606134752,2.1382485533496456,False,0.3411527439945151,0.9457298235245141,24547.089156850336,291.0,0.312889309722014,0,1.0,8.0,0.0,0.0,0.0,0.0,432.0,99.0
UNG,19,2008-11-24,2008-12-19,2008-11-21,25,0.0684931506849315,19,estimation,2008,2008-12-20,0.013717678857142859,52,52,46,0,OK,OK,20,28.0,28.450423003859378,28.0,0.015831856130865837,0.6239635,3.7,0.1499999999999999,28.0,7,12,21.0,40.0,0.404362245035621,0.013964283861528688,0.001214335298118966,1.7616922390454417,2.184187131452734,1.5309367594853547,2.624463016260608,True,0.41008397224831133,0.9860474254057758,21134.890398366475,364.0,0.3888278665121757,0,2.0,12.0,0.0,1.0,0.0,0.05555555555555555,378.0,133.0
UNG,20,2008-12-22,2009-01-16,2008-12-19,25,0.0684931506849315,18,estimation,2008,2009-01-17,0.00493938375,148,148,91,0,OK,OK,17,22.0,22.375126889196288,22.0,0.01676535248510327,0.617974,2.875,0.125,22.0,5,11,17.0,36.0,0.415256462565789,0.014361624261685961,0.0012663154769377522,1.5941829969652062,3.0450310326604315,1.4052498512399023,3.934699583471726,False,0.41984181621256367,0.989078377927812,16595.86907437563,398.0,0.3897019177809439,0,0.0,6.0,0.0,1.0,0.0,0.058823529411764705,306.0,103.0
UNG,21,2009-01-20,2009-02-20,2009-01-16,31,0.08493150684931507,23,estimation,2009,2009-02-21,0.0037434014285714283,42,42,36,0,OK,OK,15,19.0,19.25007949581751,19.0,0.012991088991182832,0.5939955,2.65,0.10000000000000009,19.0,4,10,15.0,29.0,0.3828437047139053,0.016339170939769,0.001083489347684326,1.3655552811039173,2.4427318865000043,1.21615469520957,3.0403867380239253,False,0.3906002374697597,0.9801420173062365,19498.445997580457,420.0,0.3708877086064657,0,0.0,10.0,0.0,1.0,0.0,0.045454545454545456,352.0,123.0
UNG,22,2009-02-23,2009-03-20,2009-02-20,25,0.0684931506849315,20,estimation,2009,2009-03-21,0.004867642142857143,42,42,31,0,OK,OK,10,17.0,16.774924972460575,17.0,0.01341734928227288,0.643789,2.275,0.07500000000000007,16.0,3,6,13.0,22.0,0.4505575642066784,0.01659738765465933,0.001774938548308686,1.2323741145212082,1.8900757827029262,1.1128436398344104,2.2256872796688207,False,0.461400942042533,0.9764990123603713,16788.040181225588,360.0,0.4332401694141007,0,1.0,1.0,0.0,0.0,0.0,0.0,209.0,65.0
UNG,23,2009-03-23,2009-04-17,2009-03-20,25,0.0684931506849315,19,estimation,2009,2009-04-18,0.005325316857142858,126,126,75,0,OK,OK,12,18.0,17.749908796435378,18.0,0.014089717667442148,0.5608115,2.0999999999999996,0.04999999999999999,17.0,4,7,13.0,24.0,0.39315359457958565,0.014431845972687126,0.001461353034849639,1.8277714588902898,2.349512533212956,1.6031368136262456,2.80548942384593,False,0.40609767711355194,0.9681256917646763,13963.683610559363,379.0,0.37804238290036996,0,4.0,12.0,2.0,3.0,0.1111111111111111,0.16666666666666666,234.0,95.0
UNG,24,2009-04-20,2009-05-15,2009-04-17,25,0.0684931506849315,20,estimation,2009,2009-05-16,0.004321133125,32,32,24,0,OK,OK,8,14.0,14.350103604138791,14.0,0.024397287559499988,0.570597,1.7,0.04999999999999999,14.0,2,5,12.0,19.0,0.3392399063049137,0.011926959524158297,0.001115865736324132,1.0322678187713246,2.044983840669671,0.9566408102662801,2.3916020256657005,False,0.3421656437603749,0.9914493535256562,8317.63771102671,248.0,0.3261967192575212,0,4.0,7.0,2.0,2.0,0.10526315789473684,0.10526315789473684,171.0,54.0
UNG,25,2009-05-18,2009-06-19,2009-05-15,32,0.08767123287671233,24,estimation,2009,2009-06-20,0.0033394421428571425,32,32,26,0,OK,OK,10,16.0,16.1750512427776,16.0,0.010822299116719135,0.5586530000000001,2.125,0.07499999999999996,16.0,4,5,12.0,21.0,0.33797414760127503,0.014870800181503658,0.0013703883940391793,1.7391702846547374,1.6439642322313155,1.511364846123879,1.8892060576548486,False,0.34002037971688137,0.9939820309673493,12022.644346174131,326.0,0.3277375391894948,0,0.0,1.0,0.0,0.0,0.0,0.0,253.0,73.0
UNG,26,2009-06-22,2009-07-17,2009-06-19,25,0.0684931506849315,19,estimation,2009,2009-07-18,0.0032595837142857143,74,74,48,0,OK,OK,11,15.0,14.649921850571058,15.0,0.023896246887849155,0.673351,2.1,0.050000000000000044,14.0,3,7,11.0,21.0,0.48605704546064166,0.017719379741657014,0.0012165771610656941,1.3684971511750077,2.3008505262840857,1.2159847755825162,2.837297809692538,False,0.4876801607376422,0.9966717627501076,14454.39770745928,396.0,0.46736957491770537,0,3.0,7.0,0.0,1.0,0.0,0.05555555555555555,216.0,105.0
UNG,27,2009-07-20,2009-08-21,2009-07-17,32,0.08767123287671233,25,estimation,2009,2009-08-22,0.0029687599999999995,30,30,24,0,OK,OK,9,13.0,13.225058569462844,13.0,0.017017585841359706,0.6020065,1.875,0.07500000000000001,13.0,3,5,10.0,18.0,0.37393844311913926,0.016537373435306923,0.0015608675992522705,1.4718886077368996,1.8256507793631869,1.2946374479574967,2.1577290799291613,False,0.37392717200531483,1.0000301425375535,9885.53094656939,306.0,0.3626110860892774,0,0.0,3.0,0.0,0.0,0.0,0.0,240.0,82.0
UNG,28,2009-08-24,2009-09-18,2009-08-21,25,0.0684931506849315,19,estimation,2009,2009-09-19,0.0027137834285714283,24,24,19,0,OK,OK,7,12.0,11.574920995537376,12.0,0.03672413873291319,0.629667,1.575,0.07500000000000001,11.0,2,4,9.0,15.0,0.419248249778497,0.015720738000021217,0.0013254557822698016,1.2177256402896284,1.8821064420390774,1.103323339568537,2.206646679137074,False,0.41300425115117767,1.0151184851243427,7943.282347242822,268.0,0.4031277745355195,0,1.0,0.0,0.0,0.0,0.0,0.0,144.0,45.0
UNG,29,2009-09-21,2009-10-16,2009-09-18,25,0.0684931506849315,20,estimation,2009,2009-10-17,0.0024961749999999998,74,74,45,0,OK,OK,8,11.0,11.200034197101353,11.0,0.017860141637167756,0.6188455,1.45,0.04999999999999999,11.0,3,4,8.0,15.0,0.4832065692565926,0.016710658684741895,0.0017160807822698013,1.9662581340100784,1.9150180732338198,1.6839250602681166,2.2452334136908223,False,0.48301673909063103,1.0003930094975984,6760.829753919818,278.0,0.4646248487437458,0,0.0,1.0,0.0,0.0,0.0,0.0,171.0,69.0
UNG,30,2009-10-19,2009-11-20,2009-10-16,32,0.08767123287671233,25,estimation,2009,2009-11-21,0.002507269285714286,22,22,16,0,OK,OK,5,12.0,11.599912064179758,12.0,0.03449060075685431,0.3984685,1.15,0.050000000000000044,11.0,1,3,10.0,14.0,0.19381562275180095,0.00998100037242145,0.0011557026958500486,0.8078239726537115,2.044026054626311,0.7705215027323532,2.3115645081970597,False,0.1866457139832469,1.0384145374439062,8912.509381337459,324.0,0.18794456622342784,0,7.0,5.0,4.0,2.0,0.16666666666666666,0.08333333333333333,144.0,42.0
UNG,31,2009-11-23,2009-12-18,2009-11-20,25,0.0684931506849315,19,estimation,2009,2009-12-19,0.002357116,22,22,19,0,OK,OK,8,9.0,9.070011302153416,9.0,0.007718987311161775,0.43521849999999995,0.8200000000000001,0.010000000000000009,9.0,2,5,7.0,14.0,0.2726508083740349,0.00936610088841087,0.0005893835879235897,2.206411451113532,3.879064368782789,1.9509968415142487,4.877492103785622,False,0.24844477047188115,1.0974302572607113,3589.2193464500497,326.0,0.2621660273969728,0,1.0,2.0,0.0,0.0,0.0,0.0,162.0,51.0
UNG,32,2009-12-21,2010-01-15,2009-12-18,25,0.0684931506849315,18,estimation,2009,2010-01-16,0.002315200625,76,76,49,0,OK,OK,11,10.0,10.380060263424426,10.0,0.03661445634989427,0.5093265,1.12,0.020000000000000018,10.0,3,7,7.0,18.0,0.33182114897033604,0.012084050612684088,0.0005850038441279233,2.675794499591535,4.409606986995165,2.2506160399519133,6.001642773205102,False,0.31018632933555995,1.0697478179683784,5754.399373371566,480.0,0.31906081829954147,0,0.0,4.0,0.0,0.0,0.0,0.0,204.0,78.0
UNG,33,2010-01-19,2010-02-19,2010-01-15,31,0.08493150684931507,23,estimation,2010,2010-02-20,0.0023373957142857143,22,22,18,0,OK,OK,7,10.0,10.070013897677235,10.0,0.006952711127179736,0.453059,1.06,0.009999999999999953,10.0,2,4,8.0,14.0,0.24463903714736546,0.010411223732784464,0.0003209939342317379,1.6900329181550071,2.548355767334599,1.5147495038073153,3.0294990076146306,False,0.22786231460937045,1.0736265782551877,5370.317963702527,333.0,0.23699571291174498,0,0.0,1.0,0.0,0.0,0.0,0.0,176.0,43.0
UNG,34,2010-02-22,2010-03-19,2010-02-19,25,0.0684931506849315,20,estimation,2010,2010-03-20,0.0022998859999999997,22,22,17,0,OK,OK,6,9.0,9.0,9.0,0.0,0.42028200000000004,0.79,0.010000000000000009,9.0,2,3,7.0,12.0,0.2411802078373778,0.00825829515652297,0.00036793874766006797,2.2848256221690546,2.6154621311348816,2.0203337732012527,3.030500659801879,False,0.2158211744012044,1.1175002105633611,3715.3522909717276,331.0,0.2319056661254659,0,2.0,5.0,0.0,0.0,0.0,0.0,133.0,52.0
UNG,35,2010-03-22,2010-04-16,2010-03-19,25,0.0684931506849315,19,estimation,2010,2010-04-17,0.00247930125,40,40,25,0,OK,FAR_FROM_FORWARD,5,7.0,7.410069630125143,7.0,0.0553395110429236,0.40003750000000005,,,7.0,1,3,6.0,10.0,0.23413292927957918,0.009732486929957169,0.0004307831002771479,1.4723842654437682,3.406813229250278,1.3645130179433393,4.093539053830018,False,0.18666986684137038,1.2542620469030616,3715.3522909717276,329.0,0.22512907471334762,0,,1.0,,0.0,,0.0,108.0,26.0
UNG,36,2010-04-19,2010-05-21,2010-04-16,32,0.08767123287671233,25,estimation,2010,2010-05-22,0.00263757,22,22,17,0,OK,OK,6,7.0,7.055012719616332,7.0,0.007797678303735798,0.4418765,0.735,0.014999999999999986,7.0,2,3,5.0,10.0,0.26327129706706137,0.01156886574074074,0.0006818035084404132,2.5716968487693492,2.726108515142773,2.183747864603134,3.275621796904701,False,0.22815482947670074,1.1539150745610087,3273.406948788383,357.0,0.2552955306524474,0,0.0,1.0,0.0,0.0,0.0,0.0,168.0,43.0
UNG,37,2010-05-24,2010-06-18,2010-05-21,25,0.0684931506849315,19,estimation,2010,2010-06-19,0.0035471888571428573,20,20,16,0,OK,OK,6,7.0,6.989997570123424,7.0,0.0014309632837825959,0.43856850000000003,0.64,0.010000000000000009,6.0,1,4,5.0,10.0,0.28491004984610785,0.02336394951499118,0.0007696719891660371,1.5884626696579367,4.450529319327925,1.4520706324130133,5.808282529652053,False,0.24120670828515614,1.181186260828556,13031.667784523,703.0,0.27396150413064674,0,2.0,11.0,0.0,4.0,0.0,0.2222222222222222,126.0,40.0
UNG,38,2010-06-21,2010-07-16,2010-06-18,25,0.0684931506849315,19,estimation,2010,2010-07-17,0.0034889943750000003,34,34,23,0,OK,OK,6,8.0,8.260062140201136,8.0,0.031484283748354824,0.487031,0.8500000000000001,0.010000000000000009,8.0,2,3,6.0,11.0,0.3033422273477173,0.010914201415567757,0.0004721054143267346,2.2570055199723025,2.4984241209913414,1.961371367997397,2.942057051996095,False,0.267300221618459,1.1348371711442282,4027.170343254591,348.0,0.29167798564741276,0,0.0,0.0,0.0,0.0,0.0,0.0,126.0,29.0
UNG,39,2010-07-19,2010-08-20,2010-07-16,32,0.08767123287671233,25,estimation,2010,2010-08-21,0.003464802142857143,14,14,13,0,OK,FAR_FROM_FORWARD,6,8.0,7.599878476153466,8.0,0.052648410774200634,0.4508475,,,7.0,1,4,6.0,11.0,0.2778099511972963,0.01584513804948058,0.0005231258224900001,1.1547480077153653,3.3858359998421874,1.0701477365332033,4.280590946132813,False,0.24151739075317008,1.1502689323155908,6839.116472814293,407.0,0.2693970506332636,0,,1.0,,0.0,,0.0,168.0,55.0
UNG,40,2010-08-23,2010-09-17,2010-08-20,25,0.0684931506849315,19,estimation,2010,2010-09-18,0.0026679077142857145,12,12,10,0,ONE_SIDED,OK,4,7.0,6.849972587484722,7.0,0.021901899693640522,0.4638995,0.6799999999999999,0.010000000000000009,6.0,0,3,,,,,,,,,,,,,,,0.281767174610396,0,0.0,,0.0,,0.0,,,
UNG,41,2010-09-20,2010-10-15,2010-09-17,25,0.0684931506849315,20,estimation,2010,2010-10-16,0.0025833412499999997,24,24,17,0,OK,FAR_FROM_FORWARD,5,6.0,6.420074321871339,6.0,0.06543137988921205,0.44774349999999996,,,6.0,1,3,5.0,9.0,0.30169052546458625,0.012780472883597885,0.000580783100277148,1.5559124595619522,3.460195408138623,1.4223153192652194,4.2669459577956586,False,0.2356555832373552,1.2802180254762725,3758.374042884443,342.0,0.29008865543043755,0,,1.0,,0.0,,0.0,114.0,44.0
UNG,42,2010-10-18,2010-11-19,2010-10-15,32,0.08767123287671233,25,estimation,2010,2010-11-20,0.002617467857142857,10,10,9,0,ONE_SIDED,FAR_FROM_FORWARD,4,6.0,5.569901313724694,6.0,0.07721836744495052,0.4089635,,,5.0,0,3,,,,,,,,,,,,,,,0.26217607493630884,0,,,,,,,,
UNG,43,2010-11-22,2010-12-17,2010-11-19,25,0.0684931506849315,19,estimation,2010,2010-12-18,0.002580653714285714,10,10,9,0,OK,OK,4,6.0,6.085015025681725,6.0,0.013971210477364444,0.49323550000000005,0.625,0.015000000000000013,6.0,1,2,5.0,8.0,0.3475831252727762,0.012001792800453515,0.0005884991496598641,1.4124078464301066,2.2286142327501373,1.2911326114025181,2.5822652228050362,False,0.2853712816273119,1.2180031686815336,2754.2287033381663,239.0,0.3342171341619795,0,0.0,1.0,0.0,0.0,0.0,0.0,90.0,30.0
UNG,44,2010-12-20,2011-01-21,2010-12-17,32,0.08767123287671233,23,estimation,2010,2011-01-22,0.0026658592857142856,96,96,53,0,ONE_SIDED,OK,5,6.0,5.809955588167906,6.0,0.03271013159190467,0.41526450000000004,0.6000000000000001,0.009999999999999995,5.0,0,4,,,,,,,,,,,,,,,0.2591233585828047,0,1.0,,0.0,,0.0,,,
UNG,45,2011-01-24,2011-02-18,2011-01-21,25,0.0684931506849315,20,estimation,2011,2011-02-19,0.0026419857142857147,10,10,8,0,ONE_SIDED,OK,3,6.0,6.240043433831882,6.0,0.038468231251473306,0.3859275,0.53,0.009999999999999995,6.0,0,2,,,,,,,,,,,,,,,0.2223490283966762,0,0.0,,0.0,,0.0,,,
UNG,46,2011-02-22,2011-03-18,2011-02-18,24,0.06575342465753424,19,estimation,2011,2011-03-19,0.002652406571428571,24,24,15,0,OK,OK,3,5.0,5.210036628205263,5.0,0.04031384867204194,0.37384649999999997,0.42000000000000004,0.010000000000000002,5.0,1,1,4.0,6.0,0.2783546730942944,0.010031944444444444,0.0006513888888888889,2.32772586763063,1.9018905161116781,2.0863035063495476,2.0863035063495476,False,0.18348187002162025,1.5170690873245132,1949.8445997580454,253.0,0.2672224491659518,0,14.0,28.0,6.0,6.0,0.3333333333333333,0.3333333333333333,72.0,25.0
UNG,47,2011-03-21,2011-04-15,2011-03-18,25,0.0684931506849315,20,estimation,2011,2011-04-16,0.0025316749999999997,44,22,17,0,OK,OK,6,11.0,11.105018208830394,11.0,0.009456824550443929,0.3687545,0.855,0.015000000000000013,11.0,2,3,9.0,14.0,0.1668559163529888,0.005758818684830173,0.00026353009125653146,2.0793282542836753,2.4988954039634574,1.883980527033845,2.825970790550767,False,0.1482940998981075,1.1251689478383502,4570.881896148751,385.0,0.16043953828238366,0,0.0,0.0,0.0,0.0,0.0,0.0,133.0,55.0
UNG,48,2011-04-18,2011-05-20,2011-04-15,32,0.08767123287671233,24,estimation,2011,2011-05-21,0.002184067142857143,42,42,26,0,OK,OK,5,11.0,10.799961700361493,11.0,0.01852213046568595,0.3402385,0.89,0.009999999999999981,10.0,1,3,9.0,13.0,0.14310894908035576,0.009471148903112772,0.00024235873015010504,1.0458415107239396,2.6043099447404217,0.9926313516919967,2.97789405507599,False,0.12710569768871308,1.1259050670634394,8912.509381337459,409.0,0.13877405890087768,0,1.0,5.0,0.0,3.0,0.0,0.13043478260869565,138.0,45.0
UNG,49,2011-05-23,2011-06-17,2011-05-20,25,0.0684931506849315,19,estimation,2011,2011-06-18,0.001903873142857143,42,42,25,0,OK,OK,4,11.0,11.130016953400464,11.0,0.011681649178507387,0.3521015,0.82,0.009999999999999981,11.0,1,2,10.0,13.0,0.14729647531917897,0.005113585899337648,0.00015563033508837705,1.0343031361255088,1.8128657822744823,0.9865426549675335,1.973085309935067,False,0.12971405512438844,1.1355475332101057,4073.8027780411303,248.0,0.14163211634162157,0,1.0,1.0,0.0,0.0,0.0,0.0,90.0,15.0
UNG,50,2011-06-20,2011-07-15,2011-06-17,25,0.0684931506849315,19,estimation,2011,2011-07-16,0.00183209125,52,34,22,0,OK,OK,5,11.0,10.954994352789093,11.0,0.004108230982286959,0.34217699999999995,0.7849999999999999,0.015000000000000013,10.0,1,3,9.0,13.0,0.15520712510744533,0.009874144431283127,0.00030868104419969235,1.1765313421409211,2.9297481914974246,1.1166719665285982,3.3500158995857943,False,0.13704875157282093,1.132495723793412,11885.022274370189,523.0,0.1492392851813117,0,0.0,1.0,0.0,0.0,0.0,0.0,108.0,34.0
UNG,51,2011-07-18,2011-08-19,2011-07-15,32,0.08767123287671233,25,estimation,2011,2011-08-20,0.0019218105714285713,42,42,26,0,OK,OK,5,11.0,11.415069928204241,11.0,0.03636157560267684,0.3505255,0.985,0.014999999999999986,11.0,1,3,10.0,14.0,0.13986786056699085,0.006841954417266605,0.00020180169619480302,0.9183138078324272,2.323596987802212,0.8759093059178482,2.6277279177535444,False,0.12509134521580198,1.1181258009952415,4954.501908047905,262.0,0.13563030792931188,0,3.0,3.0,2.0,2.0,0.08333333333333333,0.08333333333333333,144.0,52.0
UNG,52,2011-08-22,2011-09-16,2011-08-19,25,0.0684931506849315,19,estimation,2011,2011-09-17,0.002112013125,42,42,26,0,OK,OK,5,10.0,9.749963832775812,10.0,0.025644830228360217,0.3543685,0.76,0.010000000000000009,9.0,1,3,8.0,12.0,0.16480840104143923,0.009114692059483726,0.0002967621288644017,1.2700009942370298,3.1019451655483783,1.1980606612446776,3.5941819837340327,False,0.13748209381135573,1.1987626640861242,7244.359600749906,422.0,0.15847180019531393,0,0.0,3.0,0.0,1.0,0.0,0.05555555555555555,108.0,39.0
UNG,53,2011-09-19,2011-10-21,2011-09-16,32,0.08767123287671233,25,estimation,2011,2011-10-22,0.0023955685714285714,54,34,23,0,OK,OK,6,10.0,9.679932785757966,10.0,0.03306502445068079,0.3296795,0.8099999999999999,0.009999999999999953,9.0,1,4,8.0,13.0,0.1397977857736626,0.008979992665809974,0.00032634792768096975,1.2065970065480816,3.7670587827875575,1.1382482486868386,4.552992994747354,False,0.11778313085865175,1.1869083862393675,8317.63771102671,548.0,0.1355638432038077,0,2.0,1.0,0.0,0.0,0.0,0.0,168.0,69.0
UNG,54,2011-10-24,2011-11-18,2011-10-21,25,0.0684931506849315,20,estimation,2011,2011-11-19,0.002388331142857143,40,40,23,0,ONE_SIDED,OK,3,9.0,8.704951738676877,9.0,0.033894301792874615,0.36007900000000004,0.7050000000000001,0.015,8.0,0,2,,,,,,,,,,,,,,,0.1616641106380492,0,2.0,,0.0,,0.0,,,
UNG,55,2011-11-21,2011-12-16,2011-11-18,25,0.0684931506849315,19,estimation,2011,2011-12-17,0.0024600200000000003,34,34,21,0,ONE_SIDED,OK,4,8.0,7.8549755662361,8.0,0.018462747915763623,0.38938249999999996,0.655,0.014999999999999986,7.0,0,3,,,,,,,,,,,,,,,0.20023017057631567,0,3.0,,2.0,,0.1111111111111111,,,
UNG,56,2011-12-19,2012-01-20,2011-12-16,32,0.08767123287671233,22,estimation,2011,2012-01-21,0.003000421428571428,80,42,25,0,ONE_SIDED,OK,4,7.0,6.84495922178677,7.0,0.022650358196401262,0.425577,0.7050000000000001,0.015000000000000013,6.0,0,3,,,,,,,,,,,,,,,0.22912074271939248,0,5.0,,3.0,,0.14285714285714285,,,
UNG,57,2012-01-23,2012-02-17,2012-01-20,25,0.0684931506849315,20,estimation,2012,2012-02-18,0.002677076285714286,28,28,19,0,OK,FAR_FROM_FORWARD,5,6.0,5.549917479809478,6.0,0.08109715537715935,0.591056,,,5.0,1,3,4.0,8.0,0.5418842594453943,0.02460135345804989,0.0008315547052154183,1.4425541951795406,3.038428415810867,1.2929382782371082,3.878814834711324,False,0.44733292798679647,1.2113668043265275,4786.30092322638,324.0,0.5210529220076279,0,,1.0,,0.0,,0.0,114.0,35.0
UNG,58,2012-02-21,2012-03-16,2012-02-17,24,0.06575342465753424,19,estimation,2012,2012-03-17,0.00239268,20,20,14,0,OK,FAR_FROM_FORWARD,4,6.0,5.504922117056085,6.0,0.08993367615683394,0.47490750000000004,,,5.0,1,2,4.0,7.0,0.37675102710741726,0.01748251133786848,0.0009534297052154199,1.8323824504207116,2.7630008476935717,1.642335115336157,3.284670230672314,False,0.27430259741392904,1.3734869106576164,4466.835921509635,385.0,0.3616873041943418,0,,85.0,,16.0,,0.8888888888888888,90.0,38.0
UNG,59,2012-03-19,2012-04-20,2012-03-16,32,0.08767123287671233,24,estimation,2012,2012-04-21,0.00251463,74,34,33,0,OK,OK,16,18.0,18.490108037657635,18.0,0.026506499402786748,0.4394055,1.94,0.010000000000000009,18.0,3,12,15.0,30.0,0.21379681676495574,0.009740455730571898,0.00020030264300527483,1.4013414720270376,3.9262561385780077,1.2810164421119647,5.124065768447859,False,0.2134945737815151,1.0014156939826955,9772.372209558112,363.0,0.20732022040993608,0,5.0,24.0,2.0,2.0,0.08695652173913043,0.08695652173913043,391.0,191.0
UNG,60,2012-04-23,2012-05-18,2012-04-20,25,0.0684931506849315,20,estimation,2012,2012-05-19,0.0023845957142857145,42,42,32,0,OK,OK,11,15.0,15.07501225063593,15.0,0.0049759329802711375,0.4660025,1.4649999999999999,0.015000000000000013,15.0,4,6,11.0,21.0,0.2490201050602788,0.008539195066015848,0.00025442654332425,2.543120084204312,2.75890925676437,2.186537416950087,3.2798061254251305,False,0.240113413683295,1.0370936851896644,7244.359600749906,412.0,0.23944469444238953,0,3.0,5.0,0.0,0.0,0.0,0.0,228.0,55.0
UNG,61,2012-05-21,2012-06-15,2012-05-18,25,0.0684931506849315,19,estimation,2012,2012-06-16,0.002337328125,44,44,35,0,OK,OK,13,19.0,18.754960774573238,19.0,0.013065301941818522,0.555208,2.195,0.015000000000000013,18.0,5,7,13.0,25.0,0.32828265209543633,0.012120192897202165,0.00022278774371393362,2.2395881293853446,2.2607964536638376,1.9116932727657223,2.6763705818720114,False,0.3245848656619758,1.0113923562822902,12161.86000646368,408.0,0.31565907301851687,0,2.0,3.0,1.0,1.0,0.05555555555555555,0.05555555555555555,252.0,76.0
UNG,62,2012-06-18,2012-07-20,2012-06-15,32,0.08767123287671233,24,estimation,2012,2012-07-21,0.0025501799999999995,82,52,42,0,OK,OK,16,18.0,18.270060372653386,18.0,0.014781580747133847,0.557511,2.4,0.010000000000000009,18.0,6,9,12.0,27.0,0.33945063553238497,0.014989226547793826,0.00026010765804341244,2.45624390344494,2.45624390344494,2.019280947835752,3.0289214217536284,True,0.33644877330001555,1.00892219698983,17179.08387157586,582.0,0.32916770287515973,0,1.0,4.0,0.0,0.0,0.0,0.0,391.0,114.0
UNG,63,2012-07-23,2012-08-17,2012-07-20,25,0.0684931506849315,20,estimation,2012,2012-08-18,0.0024357751428571426,56,56,43,0,OK,OK,15,21.0,21.16502752989219,21.0,0.0077971800253561815,0.5133814999999999,2.2649999999999997,0.015000000000000013,21.0,6,8,15.0,29.0,0.2842935452967257,0.009765328642571517,0.000198336567531292,2.504294780636502,2.4023370536888344,2.1265136216069678,2.835351495475957,True,0.28130467752384086,1.0106250198155042,12589.254117941662,452.0,0.27336163682383213,0,0.0,1.0,0.0,0.0,0.0,0.0,304.0,81.0
UNG,64,2012-08-20,2012-09-21,2012-08-17,32,0.08767123287671233,24,estimation,2012,2012-09-22,0.0024387021428571424,44,44,37,0,OK,OK,15,19.0,18.919982893849504,19.0,0.0042292377640842415,0.4867285,2.1799999999999997,0.019999999999999907,18.0,5,9,13.0,27.0,0.2684062020285862,0.013069081067894058,0.0002623860295246263,2.2580424937243335,2.8134432129071785,1.9274457603312352,3.4694023685962234,False,0.26604897438305153,1.008860126790569,19275.249131909368,644.0,0.26027548623959146,0,0.0,2.0,0.0,1.0,0.0,0.043478260869565216,368.0,97.0
UNG,65,2012-09-24,2012-10-19,2012-09-21,25,0.0684931506849315,20,estimation,2012,2012-10-20,0.002160122857142857,76,56,43,0,OK,OK,15,20.0,19.589939334527926,20.0,0.02093220701042845,0.42578,1.79,0.019999999999999962,19.0,4,10,15.0,29.0,0.19910741607459378,0.007299700849304762,0.0001877158374497191,2.1213778306543625,3.7947619858088166,1.8892853660074318,4.723213415018579,False,0.1935604544076788,1.028657515213474,9332.543007969905,447.0,0.19145112204115022,0,3.0,12.0,0.0,3.0,0.0,0.15789473684210525,304.0,120.0
UNG,66,2012-10-22,2012-11-16,2012-10-19,25,0.0684931506849315,18,estimation,2012,2012-11-17,0.002083128125,44,44,33,0,OK,OK,11,22.0,22.17002425733193,22.0,0.007669105606670779,0.35786450000000003,1.6600000000000001,0.010000000000000009,22.0,4,6,18.0,28.0,0.1381654403635299,0.00476087772524364,0.00011021602395474959,2.1426032779005726,2.5749380708084835,1.9413110192715453,2.9119665289073176,False,0.13386184628095557,1.0321495198381003,9549.92586021436,444.0,0.13285222137301886,0,0.0,0.0,0.0,0.0,0.0,0.0,204.0,70.0
UNG,67,2012-11-19,2012-12-21,2012-11-16,32,0.08767123287671233,24,estimation,2012,2012-12-22,0.0021438385714285715,42,42,35,0,OK,OK,14,22.0,21.909983082642857,22.0,0.004108488674665161,0.3622565,1.88,0.010000000000000009,21.0,4,9,17.0,30.0,0.14220082999985972,0.007170967090234031,0.00014468685502341542,1.9700327390076653,3.3252772256439447,1.7758077739452696,3.995567491376857,False,0.13895251050024993,1.0233771918759536,12445.14611771387,484.0,0.1378929657575587,0,5.0,4.0,3.0,1.0,0.13043478260869565,0.043478260869565216,345.0,129.0
UNG,68,2012-12-24,2013-01-18,2012-12-21,25,0.0684931506849315,18,estimation,2012,2013-01-19,0.002119068857142857,126,66,46,0,OK,OK,13,19.0,19.075010886417708,19.0,0.0039324164407748335,0.39827999999999997,1.585,0.015000000000000013,19.0,4,8,15.0,27.0,0.17656875716273804,0.006053789644806399,0.0001778181909750801,2.267852397147772,3.371219846152902,2.0197346669143426,4.039469333828685,False,0.17110469220291538,1.0319340451128176,8609.937521846008,465.0,0.16977886174181608,0,0.0,0.0,0.0,0.0,0.0,0.0,238.0,107.0
UNG,69,2013-01-22,2013-02-15,2013-01-18,24,0.06575342465753424,19,estimation,2013,2013-02-16,0.0020027633333333334,42,42,30,0,OK,OK,9,20.0,19.95999473211123,20.0,0.0020042724672872797,0.342433,1.4,0.019999999999999962,19.0,3,5,16.0,24.0,0.1275951508667218,0.005470628887855866,0.0001534465717980898,1.9571106781987306,2.6605146131859154,1.798178722752463,2.9969645379207717,False,0.12217155348528373,1.0443932914554563,12589.254117941662,547.0,0.12249235422505231,0,1.0,0.0,0.0,0.0,0.0,0.0,180.0,61.0
UNG,70,2013-02-19,2013-03-15,2013-02-15,24,0.06575342465753424,19,estimation,2013,2013-03-16,0.001998997142857143,42,42,28,0,OK,OK,7,18.0,18.295038777616295,18.0,0.016126709607047696,0.3317215,1.255,0.015000000000000013,18.0,2,4,16.0,22.0,0.11969208770135327,0.004068880631479109,0.00010799929871601959,1.3846816412415432,2.3591260523480497,1.3062451212613693,2.6124902425227385,False,0.11306375266689894,1.058624757078268,7079.457843841381,348.0,0.11490509981300219,0,2.0,2.0,1.0,1.0,0.05555555555555555,0.05555555555555555,144.0,36.0
UNG,71,2013-03-18,2013-04-19,2013-03-15,32,0.08767123287671233,24,estimation,2013,2013-04-20,0.0020778214285714284,68,68,44,0,OK,OK,10,21.0,21.230041901804668,21.0,0.010835678180414397,0.3239145,1.63,0.019999999999999962,21.0,4,5,17.0,26.0,0.11087185439401441,0.004919239067199627,0.00013301511861907856,2.2032269778547433,2.2268432057581795,1.986011459388834,2.4825143242360426,False,0.1072003503206215,1.034248993239406,8511.380382023759,397.0,0.10751284482230564,0,1.0,3.0,0.0,0.0,0.0,0.0,253.0,82.0
UNG,72,2013-04-22,2013-05-17,2013-04-19,25,0.0684931506849315,20,estimation,2013,2013-05-18,0.0019719488571428574,42,42,31,0,OK,OK,10,23.0,23.22002971630462,23.0,0.009475858514949236,0.31471499999999997,1.53,0.010000000000000009,23.0,4,5,19.0,28.0,0.11047660303756844,0.0038286872040755875,9.478392518931747e-05,2.3196258031599917,2.388284571582091,2.111500265545189,2.639375331931486,False,0.10713319049782032,1.0312079993530683,8413.951416451948,417.0,0.10622817879831768,0,0.0,0.0,0.0,0.0,0.0,0.0,209.0,54.0
UNG,73,2013-05-20,2013-06-21,2013-05-17,32,0.08767123287671233,24,estimation,2013,2013-06-22,0.0020043157142857143,42,42,32,0,OK,OK,11,22.0,22.035006150769433,22.0,0.0015886608122508332,0.319975,1.665,0.014999999999999958,22.0,4,6,18.0,28.0,0.11021875903792147,0.004831924041885931,0.00011538131321094791,2.1180653285219546,2.5454488505285235,1.9190783493179575,2.878617523976936,False,0.10715937702302328,1.028549830167834,8317.63771102671,381.0,0.10687951857020846,0,0.0,0.0,0.0,0.0,0.0,0.0,276.0,86.0
UNG,74,2013-06-24,2013-07-19,2013-06-21,25,0.0684931506849315,19,estimation,2013,2013-07-20,0.0019067751428571429,52,52,34,0,OK,OK,8,20.0,19.944992816473878,20.0,0.0027579445143087774,0.300734,1.255,0.015000000000000013,19.0,2,5,17.0,24.0,0.1013790160359334,0.004708127111233705,0.00013215997399876702,1.4131842592472574,2.9682080941945137,1.337427632290736,3.34356908072684,False,0.09612723884195618,1.0546336008112303,10839.269140212038,457.0,0.09748072271516635,0,0.0,0.0,0.0,0.0,0.0,0.0,162.0,50.0
UNG,75,2013-07-22,2013-08-16,2013-07-19,25,0.0684931506849315,20,estimation,2013,2013-08-17,0.00185862,40,40,28,0,OK,OK,8,20.0,19.524939527349545,20.0,0.02433095743958716,0.313965,1.345,0.015000000000000013,19.0,3,4,16.0,23.0,0.11143865224158785,0.0041975219476335125,0.00010973504517451326,2.0914398411428747,2.325166928292952,1.921599357743644,2.5621324769915255,False,0.10558148054627042,1.0554753699703099,7244.359600749906,379.0,0.1071533679968192,0,5.0,5.0,3.0,3.0,0.15789473684210525,0.15789473684210525,171.0,55.0
UNG,76,2013-08-19,2013-09-20,2013-08-16,32,0.08767123287671233,24,estimation,2013,2013-09-21,0.0018842378571428573,42,42,30,0,OK,OK,9,18.0,18.230037997633268,18.0,0.01261862414456474,0.319635,1.38,0.010000000000000009,18.0,3,5,15.0,23.0,0.11479584023375189,0.00511296450148775,0.0001319572673967356,1.9264384381772222,2.590002704665819,1.7610263902714938,2.9350439837858233,False,0.10986668683257014,1.0448648588875122,5888.43655355589,305.0,0.1113178990234304,0,2.0,2.0,1.0,1.0,0.043478260869565216,0.043478260869565216,230.0,84.0
UNG,77,2013-09-23,2013-10-18,2013-09-20,25,0.0684931506849315,20,estimation,2013,2013-10-19,0.0018010765714285715,54,54,35,0,OK,OK,8,19.0,18.899987663098166,19.0,0.005291661491245626,0.29009450000000003,1.15,0.010000000000000009,18.0,2,5,16.0,23.0,0.0965766910802892,0.004556824487506532,0.00011745109455722923,1.5513853152206776,3.2286430698949276,1.463505717737787,3.6587642943444676,False,0.09029571249943265,1.0695600976723676,10000.0,482.0,0.09286300387030988,0,0.0,3.0,0.0,2.0,0.0,0.10526315789473684,171.0,62.0
UNG,78,2013-10-21,2013-11-15,2013-10-18,25,0.0684931506849315,20,estimation,2013,2013-11-16,0.0017239525,42,42,29,0,OK,OK,8,19.0,18.819978744536208,19.0,0.009565433516552502,0.3198305,1.27,0.010000000000000009,18.0,2,5,16.0,23.0,0.11113999632197899,0.004843192871757257,0.00013288319332266133,1.4071464332710133,2.9284624106820147,1.327437375216824,3.3185934380420608,False,0.10441076649089331,1.0644495779242518,10351.421666793452,467.0,0.10686608285767744,0,1.0,0.0,0.0,0.0,0.0,0.0,171.0,52.0
UNG,79,2013-11-18,2013-12-20,2013-11-15,32,0.08767123287671233,24,estimation,2013,2013-12-21,0.0017283785714285716,42,42,29,0,OK,OK,8,18.0,17.904985603646672,18.0,0.005306588815909267,0.3073075,1.305,0.015000000000000013,17.0,2,5,15.0,22.0,0.10527871231777515,0.0060309964999396325,0.00013115599058666764,1.3755448131819086,2.833545767687705,1.2929429361667628,3.2323573404169075,False,0.10001660988545284,1.0526122854828703,11091.748152624008,452.0,0.1020892706239992,0,6.0,15.0,3.0,4.0,0.13043478260869565,0.17391304347826086,207.0,39.0
UNG,80,2013-12-23,2014-01-17,2013-12-20,25,0.0684931506849315,18,estimation,2013,2014-01-18,0.001724376,94,72,57,0,OK,OK,21,22.0,22.055006496320612,22.0,0.002494059402330643,0.41646,1.915,0.014999999999999958,22.0,5,15,17.0,37.0,0.23625018082089536,0.008092929459698292,0.00026786813932046813,2.3655660648479477,4.769825051030304,2.085213157494423,6.255639472483269,False,0.23486510138321148,1.00589734034357,10715.193052376071,451.0,0.22716494948974753,0,0.0,7.0,0.0,0.0,0.0,0.0,374.0,183.0
UNG,81,2014-01-21,2014-02-21,2014-01-17,31,0.08493150684931507,23,estimation,2014,2014-02-22,0.0016302464285714285,42,42,37,0,OK,OK,16,22.0,21.509932150252894,22.0,0.0227833284793204,0.4047365,2.08,0.020000000000000018,21.0,4,11,17.0,32.0,0.18930792812404446,0.008332769466571988,0.00022971301790450564,1.791477676547064,3.571046123238091,1.614856404094159,4.440855111258938,False,0.18753715733809437,1.009442239666445,12445.14611771387,446.0,0.18339323031243354,0,1.0,5.0,0.0,0.0,0.0,0.0,374.0,52.0
UNG,82,2014-02-24,2014-03-21,2014-02-21,25,0.0684931506849315,20,estimation,2014,2014-03-22,0.0015204528571428572,60,60,52,0,OK,OK,22,26.0,26.11501197679339,26.0,0.004404056061532476,0.469449,2.5549999999999997,0.025000000000000022,26.0,7,14,18.0,40.0,0.2828906824778992,0.009696811029105752,0.00030379057230061105,2.993028874237175,3.506279087184194,2.5044054985630853,4.3827096224853985,True,0.28313279225641214,0.9991448896590768,16595.86907437563,583.0,0.272011744074237,0,1.0,6.0,0.0,0.0,0.0,0.0,437.0,148.0
UNG,83,2014-03-24,2014-04-17,2014-03-21,24,0.06575342465753424,19,estimation,2014,2014-04-19,0.0014638579999999997,66,66,49,0,OK,OK,16,24.0,23.889989411585983,24.0,0.004604882259205394,0.2916005,1.46,0.010000000000000009,23.0,4,11,19.0,34.0,0.1076377150845674,0.004287020467751482,0.0002047883607203928,2.555121128007767,5.22734043031225,2.325866065526088,6.396131680196743,False,0.10429253155450599,1.0320750055656012,12589.254117941662,736.0,0.09935921025021405,0,1.0,2.0,0.0,0.0,0.0,0.0,306.0,129.0
UNG,84,2014-04-21,2014-05-16,2014-04-17,25,0.0684931506849315,20,estimation,2014,2014-05-17,0.00152832,42,42,30,0,OK,OK,9,26.0,26.110011515342425,26.0,0.004213384405356592,0.289697,1.58,0.010000000000000009,26.0,4,4,22.0,30.0,0.09572065751766357,0.0032867122183051906,0.00011138162913668894,2.2033806399014098,1.8874463864033846,2.029172992635308,2.029172992635308,False,0.0949819377050865,1.0077774767542724,10115.794542598982,422.0,0.09203957453995483,0,1.0,1.0,0.0,0.0,0.0,0.0,190.0,49.0
UNG,85,2014-05-19,2014-06-20,2014-05-16,32,0.08767123287671233,24,estimation,2014,2014-06-21,0.0015188771428571429,50,50,37,0,OK,OK,12,25.0,24.719962712204524,25.0,0.011328386335195355,0.28922000000000003,1.71,0.010000000000000009,24.0,4,7,20.0,31.0,0.09366497092856724,0.004555208510499553,0.00023216339566750155,2.1290268660078016,2.9886154935695126,1.9462197298057842,3.4058845271601226,False,0.09167316601787656,1.021727240338817,11350.108156723143,488.0,0.09082721918389203,0,0.0,5.0,0.0,2.0,0.0,0.08695652173913043,299.0,102.0
UNG,86,2014-06-23,2014-07-18,2014-06-20,25,0.0684931506849315,19,estimation,2014,2014-07-19,0.0014827728571428572,66,66,47,0,OK,OK,14,25.0,24.659965467919683,25.0,0.013788929774563963,0.267652,1.4100000000000001,0.010000000000000009,24.0,4,9,20.0,33.0,0.08680420849300656,0.0033504920066985957,0.00016451486426970056,2.6028189228471184,4.54623913914536,2.3793300223851372,5.353492550366559,False,0.08356887820150573,1.0387145353764309,8413.951416451948,538.0,0.08346612850976147,0,2.0,3.0,1.0,1.0,0.05555555555555555,0.05555555555555555,270.0,110.0
UNG,87,2014-07-21,2014-08-15,2014-07-18,25,0.0684931506849315,20,estimation,2014,2014-08-16,0.0014889430434782609,68,68,51,0,OK,OK,17,21.5,21.309980622355884,21.5,0.008916919307039198,0.2844565,1.28,0.010000000000000009,21.0,6,10,18.0,30.0,0.09335794765132817,0.0033057961328957627,0.0002954265895441715,2.070646726608327,4.791077184723176,1.9189449930499343,5.756834979149803,True,0.09191250421492508,1.0157262980564985,9120.108393559096,706.0,0.08463891869616634,0,0.0,1.0,0.0,0.0,0.0,0.0,342.0,120.0
UNG,88,2014-08-18,2014-09-19,2014-08-15,32,0.08767123287671233,24,estimation,2014,2014-09-20,0.001589647142857143,74,74,55,0,OK,OK,18,21.0,20.84997909359448,21.0,0.007195254524337075,0.298578,1.48,0.009999999999999953,20.5,6,11,17.5,26.0,0.09595260667242735,0.004351264368666756,0.00024011778898547128,1.7897237953042617,2.6883822733221416,1.6553164543970487,3.034746833061256,True,0.09730222667416608,0.9861296082538977,11481.53621496884,527.0,0.09304550592839023,0,0.0,1.0,0.0,0.0,0.0,0.0,437.0,137.0
UNG,89,2014-09-22,2014-10-17,2014-09-19,25,0.0684931506849315,20,estimation,2014,2014-10-18,0.0015313148571428573,84,84,58,0,OK,OK,16,21.0,20.9949994755496,21.0,0.00023817692666399344,0.3297955,1.4449999999999998,0.05500000000000005,20.5,5,10,18.0,25.5,0.11507281270699901,0.0042319281482580415,0.0004051875101281674,1.5067892232897009,2.5286752087646733,1.4129209024278793,2.8258418048557585,False,0.11652472202092337,0.987539903217588,10351.421666793452,429.0,0.11064756335772204,0,0.0,0.0,0.0,0.0,0.0,0.0,323.0,78.0
UNG,90,2014-10-20,2014-11-21,2014-10-17,32,0.08767123287671233,25,estimation,2014,2014-11-22,0.001647217857142857,76,76,62,0,OK,OK,24,19.5,19.690027440569214,19.5,0.0096509484886589,0.35424449999999996,1.65,0.08000000000000002,19.5,7,16,16.0,27.5,0.14552655390983735,0.006425800641443742,0.0007531811166507014,1.8860410162107117,3.277466380462478,1.711203894390197,3.9113231871775933,True,0.14973671284387924,0.9718829213351868,12445.14611771387,533.0,0.1411174567063433,0,7.0,15.0,3.0,3.0,0.125,0.125,600.0,136.0
UNG,91,2014-11-24,2014-12-19,2014-11-21,25,0.0684931506849315,19,estimation,2014,2014-12-20,0.0014974214285714289,86,86,76,0,OK,OK,33,22.0,21.83498307621873,22.0,0.007557455996427845,0.6083825,2.785,0.07500000000000007,21.5,9,23,17.0,33.0,0.38359552888475057,0.013256851123238102,0.0011172103485783287,1.474928712727387,2.6909433268044727,1.314539887522071,3.3593797125564033,False,0.38970625433805667,0.9843196628607216,21134.890398366475,473.0,0.3688438305715332,0,1.0,18.0,0.0,2.0,0.0,0.1111111111111111,612.0,259.0
UNG,92,2014-12-22,2015-01-16,2014-12-19,25,0.0684931506849315,18,estimation,2014,2015-01-17,0.001610044347826087,114,114,86,0,OK,OK,29,16.5,16.35998456036728,16.5,0.008558409032482377,0.582612,2.0,0.07,16.0,7,21,12.5,32.0,0.35817258906167737,0.0125179073318772,0.0012672008733259198,1.6190037852798589,4.545927063159609,1.4346470316200963,6.5583864302632975,True,0.36302862454512125,0.9866235465880175,16218.100973589299,660.0,0.33901558156820305,0,1.0,10.0,0.0,2.0,0.0,0.11764705882352941,510.0,230.0
UNG,93,2015-01-20,2015-02-20,2015-01-16,31,0.08493150684931507,23,estimation,2015,2015-02-20,0.0017139342857142856,76,76,65,0,OK,OK,27,14.5,14.660023292418707,14.5,0.0109156233402072,0.61205,2.08,0.08999999999999991,14.5,8,18,10.5,25.0,0.4167591794179102,0.017756305261686593,0.002044038175252637,1.8095742581024898,3.053920484141987,1.5465738835748453,4.059756444383969,True,0.4269387418812969,0.9761568546847479,15667.5107010815,520.0,0.4126187792074175,0,0.0,5.0,0.0,0.0,0.0,0.0,616.0,277.0
UNG,94,2015-02-23,2015-03-20,2015-02-20,25,0.0684931506849315,20,estimation,2015,2015-03-20,0.001705482857142857,88,88,59,0,OK,OK,15,14.5,14.60501226617532,14.5,0.007190152549102951,0.488658,1.4849999999999999,0.05499999999999999,14.5,5,9,12.0,19.0,0.2348096989557537,0.008066710600822011,0.0006921385400753001,1.479752025584733,2.1134983972509778,1.3481661579929325,2.4266990843872787,False,0.23874259295226882,0.9835266344899697,7943.282347242822,326.0,0.2348096989557537,0,0.0,0.0,0.0,0.0,0.0,0.0,304.0,106.0
UNG,95,2015-03-23,2015-04-17,2015-03-20,25,0.0684931506849315,19,estimation,2015,2015-04-17,0.0016933202857142857,94,94,64,0,OK,OK,17,14.0,13.87498550155406,14.0,0.009010063356962682,0.4198655,1.225,0.04499999999999993,13.5,4,12,11.5,31.0,0.1983358566509048,0.0071772640220315,0.000848110933969049,1.4592015911864191,7.565240202559034,1.3482252751076538,11.79697115719197,False,0.20188869001006146,0.9824020188600976,9332.543007969905,757.0,0.18559848647251964,0,0.0,13.0,0.0,3.0,0.0,0.16666666666666666,324.0,120.0
UNG,96,2015-04-20,2015-05-15,2015-04-17,25,0.0684931506849315,20,estimation,2015,2015-05-15,0.0017577843478260868,96,96,59,0,OK,OK,11,13.0,12.764971705192512,13.0,0.01841197146656299,0.39424950000000003,1.075,0.025000000000000022,12.5,4,6,10.5,16.0,0.17140308030449464,0.0060939067908299845,0.0006871198399292087,1.6898013995156136,2.392523093496553,1.550690975094121,2.7137092064147117,False,0.1746861119098189,0.9812061098078644,5888.43655355589,359.0,0.17140308030449464,0,0.0,5.0,0.0,1.0,0.0,0.05263157894736842,228.0,56.0
UNG,97,2015-05-18,2015-06-19,2015-05-15,32,0.08767123287671233,24,estimation,2015,2015-06-19,0.0018862435714285717,90,90,59,0,OK,OK,14,15.0,14.869978500213422,15.0,0.0087438929239011,0.41303,1.46,0.03999999999999998,14.5,5,8,12.0,18.5,0.1769487113100028,0.008080846373213943,0.0007574597228643548,1.5474170371181963,1.992078724822717,1.4098141078199105,2.2557025725118565,False,0.1806989633112528,0.9792458576821484,7943.282347242822,311.0,0.1769487113100028,0,1.0,1.0,0.0,0.0,0.0,0.0,345.0,104.0
UNG,98,2015-06-22,2015-07-17,2015-06-19,25,0.0684931506849315,19,estimation,2015,2015-07-17,0.0018174165714285714,104,104,65,0,OK,OK,13,13.5,13.269971367682924,13.5,0.017334523635618163,0.406422,1.15,0.05999999999999997,13.0,5,7,10.0,17.0,0.19444300106467444,0.006873785911472202,0.0006054853504697352,2.4666293825679073,2.522095884370068,2.1695872582468625,2.8927830109958164,False,0.19173847059375407,1.014105309500724,8222.426499470712,575.0,0.19444300106467444,0,0.0,0.0,0.0,0.0,0.0,0.0,252.0,58.0
UNG,99,2015-07-20,2015-08-21,2015-07-17,32,0.08767123287671233,25,estimation,2015,2015-08-21,0.0019486007142857143,92,92,59,0,OK,OK,13,13.5,13.610018793590237,13.5,0.008083662135870938,0.365072,1.17,0.06000000000000005,13.5,5,7,11.0,17.0,0.14903470740955843,0.006565114118148414,0.0009316500504675594,1.8945715950817361,2.1325951717013263,1.7131648620133044,2.398430806818626,False,0.15304990578156438,0.9737654306188432,6531.305526474723,349.0,0.14903470740955843,0,0.0,0.0,0.0,0.0,0.0,0.0,336.0,112.0
UNG,100,2015-08-24,2015-09-18,2015-08-21,25,0.0684931506849315,19,estimation,2015,2015-09-18,0.0019140645714285714,90,90,53,0,OK,OK,8,12.5,12.62501638861339,12.5,0.009902275352778486,0.346546,0.915,0.035,12.5,3,4,11.0,15.0,0.1354912918568712,0.004689511009911048,0.0006535630307658712,1.409482800844746,2.010266141689348,1.3231125339465097,2.2051875565775165,False,0.13713857898673582,0.9879881566366242,5188.000389289609,316.0,0.1354912918568712,0,0.0,0.0,0.0,0.0,0.0,0.0,162.0,40.0
UNG,101,2015-09-21,2015-10-16,2015-09-18,25,0.0684931506849315,20,estimation,2015,2015-10-16,0.0018890352173913045,90,90,59,0,OK,OK,14,12.0,12.155020056123401,12.0,0.012753582915340901,0.319103,0.815,0.025000000000000022,12.0,4,9,10.0,19.0,0.13126063076995692,0.004578076432437738,0.0005214013478093652,2.1831499244378048,5.502519766727524,1.995695556454896,6.984934447592137,False,0.12916318235059096,1.016238748389404,4168.693834703355,480.0,0.12807584046450668,0,1.0,3.0,0.0,0.0,0.0,0.0,285.0,94.0
UNG,102,2015-10-19,2015-11-20,2015-10-16,32,0.08767123287671233,25,estimation,2015,2015-11-20,0.002020127142857143,84,84,54,0,OK,OK,12,11.0,11.20503631015792,11.0,0.018298585072146968,0.3932825,1.045,0.04500000000000001,11.0,3,8,9.5,20.0,0.1800972604261018,0.008066964134446263,0.0009456874962576761,1.2589575406806308,5.133926084276188,1.1710229189380663,7.026137513628399,False,0.1776258537745226,1.0139135525547782,4954.501908047905,377.0,0.16381482172210687,0,1.0,10.0,0.0,2.0,0.0,0.08333333333333333,312.0,104.0
UNG,103,2015-11-23,2015-12-18,2015-11-20,25,0.0684931506849315,19,estimation,2015,2015-12-18,0.002134844285714286,80,80,50,0,OK,OK,10,9.0,9.110016085619257,9.0,0.012076387635903824,0.5112384999999999,0.97,0.030000000000000027,9.0,4,5,7.0,12.0,0.27262071780603797,0.009409663154198524,0.0009232549361107958,1.8783230960431476,2.150134732414774,1.6608880568825881,2.491332085323882,False,0.2688215859880847,1.0141325400041412,4786.30092322638,347.0,0.27262071780603797,0,1.0,11.0,0.0,1.0,0.0,0.05555555555555555,198.0,45.0
UNG,104,2015-12-21,2016-01-15,2015-12-18,25,0.0684931506849315,18,estimation,2015,2016-01-15,0.004179243043478261,108,108,63,0,OK,OK,9,7.5,7.424978528212738,7.5,0.010103931142992885,0.573642,0.895,0.08500000000000002,7.0,2,6,6.0,10.0,0.35399013727309964,0.013961878768116697,0.001566523415878742,1.0267883463683996,2.3757902092179584,0.9515627802976572,2.8546883408929715,False,0.36066253653180436,0.9814996053572193,5308.8444423098845,289.0,0.35399013727309964,0,2.0,5.0,0.0,1.0,0.0,0.058823529411764705,170.0,31.0
UNG,105,2016-01-19,2016-02-19,2016-01-15,31,0.08493150684931507,23,estimation,2016,2016-02-19,0.004353287142857143,62,62,40,0,OK,OK,9,8.0,7.749907550101048,7.5,0.03224652016626821,0.516359,0.93,0.04999999999999996,7.5,3,5,6.0,10.0,0.29739731224261945,0.01317947191055442,0.001680657667709403,1.4828532549377262,1.9117303413427784,1.3290576816622515,2.2150961361037522,False,0.3063062532026819,0.9709149229997357,5559.042572704037,322.0,0.29739731224261945,0,1.0,3.0,0.0,0.0,0.0,0.0,220.0,55.0
UNG,106,2016-02-22,2016-03-18,2016-02-19,25,0.0684931506849315,20,estimation,2016,2016-03-18,0.004358501714285714,58,58,35,0,OK,OK,6,6.5,6.620035828649414,6.5,0.018132202265422292,0.485459,0.67,0.06,6.5,1,4,6.0,9.0,0.25222727639328923,0.008805807234478824,0.000860322756307761,0.6300073880268708,2.561364082527626,0.6054531159659939,3.0272655798299697,False,0.2544735972947185,0.991172675965956,3388.4415613920273,265.0,0.25222727639328923,0,1.0,1.0,0.0,0.0,0.0,0.0,133.0,39.0
UNG,107,2016-03-21,2016-04-15,2016-03-18,25,0.0684931506849315,19,estimation,2016,2016-04-15,0.004300798260869565,78,78,47,0,OK,OK,8,6.5,6.419976430510809,6.5,0.012464776211463992,0.4948755,0.67,0.03,6.0,2,5,5.0,9.0,0.2930886406188205,0.012483329422091441,0.0016539224627357847,1.407727176507782,3.130645996263536,1.2868538433432786,3.860561530029836,False,0.2802872778625671,1.0456722932766513,5188.000389289609,438.0,0.2930886406188205,0,1.0,4.0,0.0,2.0,0.0,0.1111111111111111,162.0,52.0
UNG,108,2016-04-18,2016-05-20,2016-04-15,32,0.08767123287671233,25,estimation,2016,2016-05-20,0.004524068571428571,52,52,33,0,OK,OK,7,6.5,6.6150456215738265,6.5,0.017391508412069764,0.4277165,0.665,0.015000000000000013,6.5,3,3,5.0,8.0,0.2227216233896601,0.009915839026940425,0.0014109985346405177,2.0716678200012484,1.6395517546936729,1.822188666590662,1.822188666590662,False,0.21865981891712835,1.0185759070534635,3981.0717055349733,358.0,0.2227216233896601,0,0.0,0.0,0.0,0.0,0.0,0.0,192.0,63.0
UNG,109,2016-05-23,2016-06-17,2016-05-20,25,0.0684931506849315,19,estimation,2016,2016-06-17,0.004488068,52,52,31,0,OK,OK,5,6.5,6.6500461173755925,6.5,0.02256316944683196,0.4207225,0.59,0.020000000000000018,6.5,1,3,6.0,8.0,0.19156098378442038,0.006824645377135075,0.0005653492893705808,0.7269465183919013,1.8857772018693888,0.6986140846371074,2.0958422539113224,False,0.1858831974043484,1.0305449145450258,3198.895109691397,248.0,0.19156098378442038,0,4.0,7.0,2.0,3.0,0.1111111111111111,0.16666666666666666,108.0,18.0
UNG,110,2016-06-20,2016-07-15,2016-06-17,25,0.0684931506849315,19,estimation,2016,2016-07-15,0.004462614782608695,68,68,42,0,OK,OK,8,8.0,8.180055026947716,8.0,0.02201146891488597,0.3811655,0.6599999999999999,0.020000000000000004,8.0,3,4,6.0,10.0,0.1850276263637867,0.0065878283998241334,0.0008787093466783993,2.8838697505352147,2.2369031625003797,2.5061257084577173,2.5061257084577173,False,0.17564378390866783,1.0534254173207651,3349.6543915782795,423.0,0.1850276263637867,0,0.0,0.0,0.0,0.0,0.0,0.0,162.0,44.0
UNG,111,2016-07-18,2016-08-19,2016-07-15,32,0.08767123287671233,25,estimation,2016,2016-08-19,0.004985965714285714,58,58,37,0,OK,OK,8,8.0,8.055024047172305,8.0,0.006831022086348797,0.413693,0.785,0.024999999999999994,8.0,3,4,6.5,10.0,0.1857273697103968,0.008161558815811164,0.0008941520715802035,1.6951298138630249,1.8217031583002739,1.5307157216492244,2.0409542955322992,False,0.1827897228007657,1.0160711820370396,4315.19076827765,331.0,0.1857273697103968,0,0.0,0.0,0.0,0.0,0.0,0.0,216.0,79.0
UNG,112,2016-08-22,2016-09-16,2016-08-19,25,0.0684931506849315,19,estimation,2016,2016-09-16,0.0050965117391304346,56,56,33,0,OK,OK,5,8.0,7.949982543145966,8.0,0.006291517821904706,0.3775365,0.63,0.02999999999999997,7.5,1,3,7.0,9.0,0.15408325614957216,0.007074214318080175,0.000909897970626159,0.6982672981250214,1.8452512282597229,0.6747241012738389,2.024172303821517,False,0.1512197752369795,1.0189358892255014,5559.042572704037,314.0,0.15408325614957216,0,0.0,4.0,0.0,0.0,0.0,0.0,108.0,22.0
UNG,113,2016-09-19,2016-10-21,2016-09-16,32,0.08767123287671233,25,estimation,2016,2016-10-21,0.0055577149999999995,62,62,40,0,OK,OK,9,8.5,8.595046300192982,8.5,0.011058265060287982,0.380294,0.7749999999999999,0.054999999999999966,8.5,3,5,7.0,11.0,0.16572772373731023,0.007323725205070576,0.0008186612092249449,1.7242602563678664,2.2897281208846034,1.5671995667407355,2.611999277901226,False,0.16241853357892208,1.020374461494446,4623.810213992603,374.0,0.16572772373731023,0,4.0,4.0,2.0,2.0,0.08333333333333333,0.08333333333333333,240.0,92.0
UNG,114,2016-10-24,2016-11-18,2016-10-21,25,0.0684931506849315,20,estimation,2016,2016-11-18,0.005288866,64,64,40,0,OK,OK,8,9.0,8.924972826246245,9.0,0.008406431617709539,0.407598,0.765,0.034999999999999976,8.5,2,5,7.5,11.0,0.17995523020775034,0.007410005740129486,0.000881442683843984,1.1733318066220886,2.4169982270928125,1.102872881067811,2.7571822026695276,False,0.17506321023421795,1.0279443063279106,6606.9344800759645,437.0,0.17995523020775034,0,5.0,8.0,1.0,3.0,0.05263157894736842,0.15789473684210525,171.0,67.0
UNG,115,2016-11-21,2016-12-16,2016-11-18,25,0.0684931506849315,19,estimation,2016,2016-12-16,0.00551765652173913,66,66,42,0,OK,OK,9,8.0,7.784918731483292,8.0,0.027627940115404103,0.5525154999999999,0.925,0.014999999999999958,7.5,3,5,6.0,10.0,0.3264030401810187,0.011895278272670647,0.0010009916421670785,1.5431789920573062,1.9895037431486184,1.3831266760511012,2.305211126751835,False,0.3223150429160686,1.0126832344775623,5011.872336272725,322.0,0.3264030401810187,0,3.0,8.0,1.0,2.0,0.05555555555555555,0.1111111111111111,180.0,57.0
UNG,116,2016-12-19,2017-01-20,2016-12-16,32,0.08767123287671233,22,estimation,2016,2017-01-20,0.007618982857142857,96,96,60,0,OK,OK,12,8.5,8.58505679604452,8.5,0.00990754028368337,0.47806000000000004,0.965,0.06500000000000003,8.5,3,8,7.0,13.0,0.24853841272278915,0.010937592994823365,0.001173193548029437,1.3716391874140512,3.001639895598643,1.2466983057233427,3.740094917170028,False,0.2487701009464115,0.9990686653149196,5308.8444423098845,353.0,0.24853841272278915,0,0.0,2.0,0.0,0.0,0.0,0.0,273.0,91.0
UNG,117,2017-01-23,2017-02-17,2017-01-20,25,0.0684931506849315,20,estimation,2017,2017-02-17,0.007768815,68,68,42,0,OK,OK,8,8.0,8.200106450442481,8.0,0.02440290887097979,0.4524815,0.78,0.03,8.0,2,5,7.0,11.0,0.220268588786064,0.00785209827092545,0.000632738550650112,1.1276101560178025,2.6891928135637237,1.0555665355679074,3.1666996067037223,False,0.21506555632478042,1.0241927742879768,3981.0717055349733,311.0,0.220268588786064,0,2.0,3.0,1.0,1.0,0.05263157894736842,0.05263157894736842,171.0,60.0
UNG,118,2017-02-21,2017-03-17,2017-02-17,24,0.06575342465753424,19,estimation,2017,2017-03-17,0.007835676857142856,60,60,36,0,OK,OK,6,6.5,6.55502834454358,6.5,0.008394829381536713,0.40716850000000004,0.545,0.024999999999999994,6.5,2,3,5.5,8.0,0.19475196523001476,0.006435323582268825,0.000586634491777786,1.600013836756066,1.9887323160658033,1.473510662022283,2.2102659930334245,False,0.18398866028442085,1.0584998278097972,3019.9517204020162,326.0,0.19475196523001476,0,4.0,4.0,3.0,3.0,0.16666666666666666,0.16666666666666666,126.0,41.0
UNG,119,2017-03-20,2017-04-21,2017-03-17,32,0.08767123287671233,24,estimation,2017,2017-04-21,0.009966645,56,56,35,0,OK,OK,7,7.5,7.414925695556903,7.5,0.011473385969878892,0.3647205,0.645,0.034999999999999976,7.0,2,4,6.0,9.0,0.14609313689567108,0.008153723675652919,0.0006617015940540397,1.4274362214584955,2.3271731159752163,1.3228580012548057,2.6457160025096114,False,0.138640246443212,1.0537570485025922,4786.30092322638,386.0,0.14609313689567108,0,0.0,1.0,0.0,0.0,0.0,0.0,184.0,76.0
UNG,120,2017-04-24,2017-05-19,2017-04-21,25,0.0684931506849315,20,estimation,2017,2017-05-19,0.00998374,54,54,32,0,OK,OK,5,7.5,7.304866609925341,7.5,0.026712793059017043,0.347022,0.5549999999999999,0.02500000000000001,7.0,1,3,6.5,8.5,0.13438632871329495,0.005546881767848107,0.00048211225681245925,0.8159890842751298,2.1378157278620007,0.786486701730018,2.359460105190054,False,0.12423176941349097,1.081738828543975,4120.975190973304,339.0,0.13438632871329495,0,0.0,4.0,0.0,2.0,0.0,0.10526315789473684,114.0,44.0
UNG,121,2017-05-22,2017-06-16,2017-05-19,25,0.0684931506849315,19,estimation,2017,2017-06-16,0.010227646956521739,52,52,30,0,OK,OK,4,7.5,7.685129642299821,7.5,0.024089332375194655,0.320741,0.5349999999999999,0.02500000000000001,7.5,1,2,7.0,8.5,0.1129087478985797,0.004168465560243705,0.00027039817152351147,0.8219136056774069,1.4910712933973207,0.7942014761460826,1.5884029522921652,False,0.10589333717632096,1.0662497840688268,3273.406948788383,265.0,0.1129087478985797,0,2.0,2.0,0.0,0.0,0.0,0.0,90.0,34.0
UNG,122,2017-06-19,2017-07-21,2017-06-16,32,0.08767123287671233,24,estimation,2017,2017-07-21,0.012333116428571428,52,52,31,0,OK,OK,5,6.5,6.53003245532883,6.5,0.004599128034091479,0.350417,0.54,0.009999999999999981,6.5,1,3,6.0,8.0,0.13294578594741777,0.005832124974003408,0.0003586082472929998,0.7714504688607774,2.0012252204842698,0.7413835124188465,2.2241505372565396,False,0.12773857132138314,1.040764622401589,2344.228815319923,212.0,0.13294578594741777,0,3.0,3.0,2.0,2.0,0.08695652173913043,0.08695652173913043,138.0,43.0
UNG,123,2017-07-24,2017-08-18,2017-07-21,25,0.0684931506849315,20,estimation,2017,2017-08-18,0.012403757714285715,48,48,27,0,ONE_SIDED,OK,3,6.5,6.484987250998474,6.5,0.0023150005420927685,0.3060885,0.41500000000000004,0.015,6.0,0,2,,,,,,,,,,,,,,,0.10538632024836539,0,0.0,,0.0,,0.0,,,
UNG,124,2017-08-21,2017-09-15,2017-08-18,25,0.0684931506849315,19,estimation,2017,2017-09-15,0.012426408695652173,48,48,27,0,OK,OK,3,6.5,6.635114950635917,6.5,0.020363618662396752,0.267374,0.385,0.025000000000000015,6.5,1,1,6.0,7.0,0.0877706076157534,0.0032191495927759665,0.0003378382911349945,1.1438762055552771,1.0590639478906854,1.0992941132037348,1.0992941132037348,False,0.07617043956076236,1.1522922556556523,2065.3801558105292,230.0,0.0877706076157534,0,1.0,1.0,0.0,0.0,0.0,0.0,72.0,15.0
UNG,125,2017-09-18,2017-10-20,2017-09-15,32,0.08767123287671233,25,estimation,2017,2017-10-20,0.012571360714285716,50,50,30,0,OK,OK,5,7.0,6.949944862286019,7.0,0.007202235227160726,0.308875,0.51,0.019999999999999976,6.5,1,3,6.0,8.0,0.11237142787180868,0.00731366810654242,0.00043250699811482775,0.8752063421992295,2.270379079195261,0.8410955443829217,2.523286633148765,False,0.10464055808022354,1.0738802423593554,5688.529308438413,409.0,0.11237142787180868,0,5.0,0.0,2.0,0.0,0.08333333333333333,0.0,144.0,50.0
UNG,126,2017-10-23,2017-11-17,2017-10-20,25,0.0684931506849315,20,estimation,2017,2017-11-17,0.012488684857142858,48,48,28,0,ONE_SIDED,OK,4,6.5,6.44995721223382,6.5,0.007758623215555936,0.3315145,0.45,0.03,6.0,0,3,,,,,,,,,,,,,,,0.12862279297945273,0,0.0,,0.0,,0.0,,,
UNG,127,2017-11-20,2017-12-15,2017-11-17,25,0.0684931506849315,19,estimation,2017,2017-12-15,0.012915714782608697,48,48,29,0,OK,OK,5,6.0,6.2602301076456675,6.5,0.0383004918719361,0.37938649999999996,0.545,0.02499999999999998,6.0,1,3,5.5,7.5,0.1503274161009508,0.0060833667359391635,0.0004103415648620444,0.8763358861039634,2.2473923357474206,0.8392924354865379,2.5178773064596136,False,0.13463338175352066,1.116568670733993,2630.2679918953813,264.0,0.1503274161009508,0,3.0,2.0,1.0,0.0,0.05555555555555555,0.0,108.0,35.0
UNG,128,2017-12-18,2018-01-19,2017-12-15,32,0.08767123287671233,22,estimation,2017,2018-01-19,0.015242529714285713,62,62,38,0,ONE_SIDED,OK,7,5.5,5.434913080397045,5.5,0.011975705708655004,0.41247500000000004,0.535,0.02499999999999998,5.0,0,6,,,,,,,,,,,,,,,0.1992544230118215,0,18.0,,8.0,,0.38095238095238093,,,
UNG,129,2018-01-22,2018-02-16,2018-01-19,25,0.0684931506849315,20,estimation,2018,2018-02-16,0.015570882608695652,80,60,54,0,OK,OK,24,25.0,24.824813263148844,25.0,0.007056920629941327,0.4291475,2.2350000000000003,0.1150000000000001,24.5,7,16,21.0,33.0,0.19023401462543765,0.006595708542196065,0.0006248233568122582,1.3725092668312442,2.651824401384703,1.271955158577199,3.0890339565446268,False,0.19396640966345235,0.9807575185595758,13645.831365889238,374.0,0.19023401462543765,0,4.0,10.0,1.0,1.0,0.05263157894736842,0.05263157894736842,475.0,149.0
UNG,130,2018-02-20,2018-03-16,2018-02-16,24,0.06575342465753424,19,estimation,2018,2018-03-16,0.015932358571428572,100,80,55,0,OK,OK,15,22.0,22.190199149653484,22.0,0.008571313324894345,0.296531,1.35,0.030000000000000027,22.0,6,8,19.0,26.0,0.09056625498876629,0.0030117355510418577,0.00023171515034420154,1.9280352575665078,2.196988624768447,1.79336745058965,2.3911566007862004,True,0.09069662361736291,0.9985625856465546,8609.937521846008,437.0,0.09056625498876629,0,2.0,2.0,0.0,0.0,0.0,0.0,288.0,102.0
UNG,131,2018-03-19,2018-04-20,2018-03-16,32,0.08767123287671233,24,estimation,2018,2018-04-20,0.01873047142857143,86,62,46,0,OK,OK,15,22.0,22.160262955607305,22.0,0.007231997017740836,0.2499075,1.31,0.03999999999999998,22.0,5,9,19.5,27.0,0.06568754024144731,0.0029012190248835206,0.00018174541754379002,1.6301975512820737,2.767644193790421,1.5357109501090738,3.0714219002181475,False,0.06573822393541887,0.999229007251225,9885.53094656939,534.0,0.06568754024144731,0,0.0,0.0,0.0,0.0,0.0,0.0,368.0,123.0
UNG,132,2018-04-23,2018-05-18,2018-04-20,25,0.0684931506849315,20,estimation,2018,2018-05-18,0.018923124,76,76,50,0,OK,OK,12,22.5,22.62516211808623,22.5,0.005531987679601081,0.22237600000000002,1.055,0.024999999999999994,22.5,5,6,20.0,25.5,0.05412054446842326,0.0018664947171813699,0.00010103246373104211,2.0238170815478504,2.1506264062468525,1.909176167546338,2.2910114010556057,False,0.05385573095783356,1.0049170906397507,6309.57344480193,399.0,0.05412054446842326,0,0.0,0.0,0.0,0.0,0.0,0.0,247.0,90.0
UNG,133,2018-05-21,2018-06-15,2018-05-18,25,0.0684931506849315,19,estimation,2018,2018-06-15,0.019338560434782607,74,74,49,0,OK,OK,12,23.0,23.130172306751437,23.0,0.0056278139663248775,0.20575300000000002,1.0,0.02999999999999997,23.0,4,7,21.0,27.0,0.045726538660326305,0.001579899202081864,0.0001321882350388749,1.6894172938045788,2.9776888098073,1.614850831023251,3.229701662046502,False,0.0450893869800127,1.014130857015112,5888.43655355589,442.0,0.045726538660326305,0,1.0,2.0,0.0,0.0,0.0,0.0,234.0,68.0
UNG,134,2018-06-18,2018-07-20,2018-06-15,32,0.08767123287671233,24,estimation,2018,2018-07-20,0.021198066428571426,96,72,51,0,OK,OK,15,24.0,23.97996279622747,24.0,0.0008355811033903628,0.227189,1.29,0.030000000000000027,23.5,5,9,21.0,28.0,0.05377323297561762,0.002560987736903302,0.00014527897140448467,1.6720592570062578,2.604524103249843,1.5814530003403173,2.846615400612571,False,0.05395455187839666,0.9966394141649495,8912.509381337459,446.0,0.05377323297561762,0,1.0,1.0,0.0,0.0,0.0,0.0,368.0,156.0
UNG,135,2018-07-23,2018-08-17,2018-07-20,25,0.0684931506849315,20,estimation,2018,2018-08-17,0.020641368285714282,78,78,47,0,OK,OK,8,22.0,22.09012733130015,22.0,0.004079982426015484,0.2029165,0.94,0.030000000000000027,22.0,3,4,20.5,24.0,0.0429414619870881,0.0014768999693165474,9.862764437875736e-05,1.329755566722325,1.6384572208439494,1.2838894888835466,1.711852651844729,False,0.04321845462701996,0.9935908712534417,5370.317963702527,296.0,0.0429414619870881,0,2.0,7.0,0.0,0.0,0.0,0.0,171.0,51.0
UNG,136,2018-08-20,2018-09-21,2018-08-17,32,0.08767123287671233,24,estimation,2018,2018-09-21,0.020993965,76,76,49,0,OK,OK,11,24.0,24.12022107140127,24.0,0.004984244176095654,0.2143445,1.23,0.029999999999999916,24.0,4,6,22.0,27.0,0.04717628469846455,0.0020767217550908554,0.00014366814617511808,1.3709926941881463,1.85584560285087,1.3130396867062812,1.969559530059422,False,0.04757216354392737,0.9916783510361628,7943.282347242822,356.0,0.04717628469846455,0,1.0,1.0,0.0,0.0,0.0,0.0,276.0,95.0
UNG,137,2018-09-24,2018-10-19,2018-09-21,25,0.0684931506849315,20,estimation,2018,2018-10-19,0.022280962,74,74,50,0,OK,OK,13,25.0,25.085129816960652,25.0,0.0033936366916105794,0.273705,1.435,0.024999999999999967,25.0,5,7,22.5,28.5,0.07372478695400528,0.0025267601240913638,0.00013852006335460213,1.4708608357894593,1.8291894107753266,1.396026610733659,1.9544372550271225,False,0.0741380314363946,0.9944260122047636,10592.537251772897,427.0,0.07372478695400528,0,3.0,5.0,1.0,1.0,0.05263157894736842,0.05263157894736842,266.0,56.0
UNG,138,2018-10-22,2018-11-16,2018-10-19,25,0.0684931506849315,20,estimation,2018,2018-11-16,0.022975477826086957,72,72,57,0,OK,OK,21,26.0,26.050078745086097,26.0,0.0019224028294172965,0.423124,2.3,0.05999999999999994,26.0,8,12,22.0,32.5,0.17865899532765506,0.006110689949327266,0.00039446493060781165,1.5085713909811749,2.0150837872255853,1.389298003534356,2.2576092557433287,True,0.1806733386159533,0.9888509101357782,17579.23613958693,444.0,0.17865899532765506,0,6.0,37.0,3.0,5.0,0.15789473684210525,0.2631578947368421,418.0,108.0
UNG,139,2018-11-19,2018-12-21,2018-11-16,32,0.08767123287671233,23,estimation,2018,2018-12-21,0.02344966642857143,116,116,108,0,OK,OK,50,37.0,37.250514493974464,37.5,0.0066975049718009175,1.1016685,9.674999999999999,0.3250000000000002,37.0,25,24,22.0,59.0,1.1351715411756087,0.04968162162279984,0.0030626729717613964,1.593748644073845,1.4304853825334978,1.2428251875027205,1.8228102750039903,False,1.2112408799431178,0.9371971834610788,98855.3094656939,591.0,1.1351715411756087,0,3.0,34.0,1.0,1.0,0.045454545454545456,0.045454545454545456,1122.0,205.0
UNG,140,2018-12-24,2019-01-18,2018-12-21,25,0.0684931506849315,18,estimation,2018,2019-01-18,0.02519032714285714,154,122,109,0,OK,OK,48,29.0,29.245423079271937,29.0,0.00839184574648482,0.7034135,4.285,0.21499999999999997,29.0,14,33,18.0,59.0,0.5824183980186953,0.019947199683940514,0.0024869473927209987,2.590687157291999,3.8580854593695366,2.0604421048949484,5.619387558804406,True,0.5833909156254373,0.9983329915144472,36728.23004980842,776.0,0.5731687701059526,0,0.0,22.0,0.0,1.0,0.0,0.058823529411764705,833.0,342.0
UNG,141,2019-01-22,2019-02-15,2019-01-18,24,0.06575342465753424,19,estimation,2019,2019-02-15,0.025192494545454545,92,92,81,0,OK,OK,35,26.5,26.5851409185704,26.5,0.0032025754097442525,0.56165,3.0549999999999997,0.21500000000000008,26.5,10,24,21.0,45.0,0.3652170487109528,0.01199241528633531,0.0011970663216002424,1.6152002930076885,3.6766778305265664,1.4410925191193007,4.847311200674011,True,0.3676761318557531,0.9933118227381562,32734.069487883862,746.0,0.36092102733859105,0,5.0,30.0,2.0,3.0,0.1111111111111111,0.16666666666666666,648.0,287.0
UNG,142,2019-02-19,2019-03-15,2019-02-15,24,0.06575342465753424,19,estimation,2019,2019-03-15,0.0250054219047619,94,94,59,0,OK,OK,12,23.5,23.695320881187296,23.5,0.008243014819958382,0.2606415,1.275,0.07500000000000001,23.5,5,6,21.0,26.5,0.07269454583753351,0.0024205153449006343,0.00026468995356095776,1.682925017499234,1.7976306291179327,1.5917299623921068,1.910075954870528,False,0.07305143146219972,0.9951145977905871,8317.63771102671,370.0,0.07269454583753351,0,6.0,10.0,3.0,3.0,0.16666666666666666,0.16666666666666666,234.0,73.0
UNG,143,2019-03-18,2019-04-18,2019-03-15,31,0.08493150684931507,24,estimation,2019,2019-04-18,0.02518983107142857,120,120,73,0,OK,OK,13,25.0,25.050107085024067,25.0,0.0020002742844170336,0.2156325,1.26,0.07,25.0,5,7,22.0,30.0,0.048689577217584566,0.0020652250629371125,0.00021010533524912141,2.0342091830753293,2.901278286900017,1.90955694186759,3.18259490311265,False,0.047708938178401286,1.0205546188329808,6683.439175686149,462.0,0.04711281077573181,0,7.0,11.0,5.0,5.0,0.21739130434782608,0.21739130434782608,322.0,116.0
UNG,144,2019-04-22,2019-05-17,2019-04-18,25,0.0684931506849315,20,estimation,2019,2019-05-17,0.02497778,82,82,52,0,OK,OK,11,22.0,22.16027396337828,22.0,0.007232490159785326,0.236222,1.1,0.03,22.0,4,6,20.0,25.0,0.05965675146555291,0.0020660387402308745,0.00016032256086135114,1.5416840331742845,2.067760948182402,1.4704944866610687,2.205741729991603,False,0.05998918387578932,0.9944584608631328,7079.457843841381,379.0,0.05965675146555291,0,0.0,1.0,0.0,0.0,0.0,0.0,228.0,70.0
UNG,145,2019-05-20,2019-06-21,2019-05-17,32,0.08767123287671233,24,estimation,2019,2019-06-21,0.024686470714285712,74,74,49,0,OK,OK,12,23.0,23.065140831411256,23.0,0.002824211301694885,0.2336725,1.275,0.065,23.0,5,6,20.5,26.0,0.05603878863468531,0.002455186053993217,0.0002068234669763325,1.6631193697582194,1.7719951704806987,1.5709993694847786,1.8851992433817344,False,0.056629778597614096,0.9895639718613753,7673.614893618185,352.0,0.05603878863468531,0,9.0,27.0,6.0,8.0,0.2608695652173913,0.34782608695652173,299.0,102.0
UNG,146,2019-06-24,2019-07-19,2019-06-21,25,0.0684931506849315,19,estimation,2019,2019-07-19,0.02418153657142857,100,100,64,0,OK,OK,14,19.5,19.650248646300042,19.5,0.007646144789538463,0.354454,1.4500000000000002,0.07,19.5,6,7,16.5,23.0,0.12767411743046514,0.004394800241838699,0.00032042068052296667,1.8008338493500387,1.779550634089325,1.6584530812107379,1.9348619280791939,True,0.12883522858442295,0.9909876268570675,10471.285480508985,444.0,0.12767411743046514,0,3.0,4.0,2.0,2.0,0.1111111111111111,0.1111111111111111,270.0,78.0
UNG,147,2019-07-22,2019-08-16,2019-07-19,25,0.0684931506849315,20,estimation,2019,2019-08-16,0.023254680869565218,70,70,49,0,OK,OK,14,20.0,19.904848564725707,20.0,0.004780314452776838,0.353758,1.475,0.044999999999999984,19.5,5,8,17.0,23.5,0.12462604444901358,0.004476398804157557,0.00033576547532893287,1.481930441732663,2.015343639499436,1.384763332672502,2.215621332276003,False,0.12531036063801396,0.9945390294504285,10715.193052376071,422.0,0.12462604444901358,0,3.0,0.0,1.0,0.0,0.05263157894736842,0.0,285.0,77.0
UNG,148,2019-08-19,2019-09-20,2019-08-16,32,0.08767123287671233,24,estimation,2019,2019-09-20,0.021893177857142856,62,62,47,0,OK,OK,16,19.0,19.150288186768787,19.0,0.007847828988423431,0.372595,1.6800000000000002,0.07,19.0,6,9,16.0,23.5,0.142387670221819,0.006260905857663875,0.0004757209513894874,1.5577028202776484,1.9267213420667635,1.4312057560141456,2.1468086340212182,True,0.14441526136792043,0.9859599939307258,10351.421666793452,354.0,0.142387670221819,0,4.0,28.0,1.0,5.0,0.043478260869565216,0.21739130434782608,391.0,85.0
UNG,149,2019-09-23,2019-10-18,2019-09-20,25,0.0684931506849315,20,estimation,2019,2019-10-18,0.020202402857142858,80,80,60,0,OK,OK,20,22.0,21.919889225278883,22.0,0.003654707097184142,0.423135,1.94,0.08000000000000002,21.5,7,12,18.0,32.0,0.19229942099742128,0.006766931751721226,0.0005157427356375053,1.6044969689308206,3.5911576349078165,1.470032926671098,4.410098780013294,True,0.1911663651495367,1.0059270669659817,13645.831365889238,557.0,0.18474289277966355,0,1.0,7.0,0.0,2.0,0.0,0.10526315789473684,399.0,131.0
UNG,150,2019-10-21,2019-11-15,2019-10-18,25,0.0684931506849315,20,estimation,2019,2019-11-15,0.018524082173913044,68,68,55,0,OK,OK,21,19.5,19.40487939009149,19.5,0.004901891323121522,0.49118700000000004,1.9949999999999999,0.034999999999999976,19.0,6,14,16.0,26.0,0.24484022086457824,0.008601065497613322,0.00035016421122090104,1.33684097853653,2.439974693107981,1.2282795398778534,2.8659855930483245,False,0.24837464204064846,0.9857697986113583,15848.93192461114,468.0,0.24484022086457824,0,4.0,15.0,1.0,5.0,0.05263157894736842,0.2631578947368421,418.0,101.0
UNG,151,2019-11-18,2019-12-20,2019-11-15,32,0.08767123287671233,24,estimation,2019,2019-12-20,0.017519517857142855,72,72,64,0,OK,OK,28,20.0,20.090138342412544,20.0,0.004486695953817897,0.5109319999999999,2.42,0.030000000000000027,20.0,9,18,15.0,31.0,0.27821389341432406,0.012187100416347699,0.0007053565888129038,1.901608623130325,2.896910984704327,1.6525261783987764,3.635557592477308,True,0.28015899059634874,0.9930571666542476,19275.249131909368,587.0,0.27821389341432406,0,0.0,12.0,0.0,1.0,0.0,0.043478260869565216,667.0,242.0
UNG,152,2019-12-23,2020-01-17,2019-12-20,25,0.0684931506849315,18,estimation,2019,2020-01-17,0.01756738142857143,116,90,69,0,OK,OK,24,17.0,17.200240793898676,17.0,0.011641743641734696,0.483377,1.73,0.020000000000000018,17.0,6,17,13.0,29.0,0.2600269554233005,0.008963611696882173,0.0003974408889097122,2.1205710108620224,4.221810953641034,1.8599510550873446,5.579853165262034,True,0.25842572850648643,1.006196081659779,13031.667784523,668.0,0.2568445240008716,0,0.0,4.0,0.0,0.0,0.0,0.0,425.0,191.0
UNG,153,2020-01-21,2020-02-21,2020-01-17,31,0.08493150684931507,23,estimation,2020,2020-02-21,0.016758222857142856,70,70,51,0,OK,OK,16,15.0,14.899857568550686,15.0,0.0067210328010574695,0.40538399999999997,1.4100000000000001,0.020000000000000018,14.5,4,11,12.5,20.0,0.1666926138269514,0.007448347126030514,0.00022074490134767522,1.256294400056908,2.7220299973672235,1.1675109839584001,3.2106552058856,False,0.16724521905364087,0.9966958384232663,11091.748152624008,482.0,0.1666926138269514,0,0.0,1.0,0.0,0.0,0.0,0.0,374.0,144.0
UNG,154,2020-02-24,2020-03-20,2020-02-21,25,0.0684931506849315,20,estimation,2020,2020-03-20,0.016314697142857142,70,70,45,0,OK,OK,10,14.5,14.38487142199783,14.5,0.008003448527604538,0.36525450000000004,1.105,0.015000000000000013,14.0,3,6,12.5,17.0,0.13460884812104804,0.004982194097499013,0.00014143277715992423,1.1855522616129301,2.031101846833173,1.1208411732412096,2.241682346482419,False,0.13487141121135887,0.9980532339066329,6918.309709189362,329.0,0.13460884812104804,0,0.0,0.0,0.0,0.0,0.0,0.0,209.0,24.0
UNG,155,2020-03-23,2020-04-17,2020-03-20,25,0.0684931506849315,19,estimation,2020,2020-04-17,0.00823053794871795,82,82,61,0,OK,OK,20,12.5,12.610062028384512,12.5,0.008728111577624958,0.7960185,2.09,0.039999999999999925,12.5,6,13,9.5,21.0,0.6144486484324237,0.02106964455823774,0.0011460903458620243,1.3173333472119741,2.490279184796855,1.1520319092810714,3.2640904096297025,False,0.640781489409552,0.9589051159992267,20653.80155810527,604.0,0.6144486484324237,0,0.0,2.0,0.0,0.0,0.0,0.0,378.0,102.0
UNG,156,2020-04-20,2020-05-15,2020-04-17,25,0.0684931506849315,20,estimation,2020,2020-05-15,0.00571061,64,64,55,0,OK,OK,23,14.5,14.264908064668747,14.5,0.016480438167949193,0.752996,2.265,0.03500000000000003,14.0,8,14,10.0,24.0,0.5888426809056216,0.020336910278310652,0.0006280060874005165,1.707391023226336,2.735077925426011,1.4498254344392496,3.6245635860981245,True,0.5930750334243549,0.9928637149092315,18620.871366628657,567.0,0.5888426809056216,0,2.0,20.0,0.0,2.0,0.0,0.10526315789473684,456.0,114.0
UNG,157,2020-05-18,2020-06-19,2020-05-15,32,0.08767123287671233,24,estimation,2020,2020-06-19,0.0017631514285714287,72,72,62,0,OK,OK,26,12.0,12.115017777804832,12.0,0.009493818326502906,0.6413935,1.825,0.015000000000000013,12.0,13,12,5.0,19.0,0.5462538921873495,0.0239876021994201,0.0009798197292366377,4.609857820625702,2.4197079941636046,3.071593095175585,3.071593095175585,True,0.5510790081398186,0.9912442392448293,11748.975549395303,831.0,0.5462538921873495,0,1.0,24.0,0.0,3.0,0.0,0.13043478260869565,621.0,226.0
UNG,158,2020-06-22,2020-07-17,2020-06-19,25,0.0684931506849315,19,estimation,2020,2020-07-17,0.001668651142857143,86,86,63,0,OK,OK,20,10.0,10.14501657316732,10.0,0.014294365329168213,0.5758775,1.2149999999999999,0.014999999999999958,10.0,7,12,6.5,20.0,0.3999497153713029,0.01380047972995697,0.0007476182676367902,2.8582801224210574,4.599088622357265,2.3222788218292885,6.635082348083682,True,0.40020116896465335,0.9993716820118218,6998.419960022731,578.0,0.3891782479104675,0,0.0,9.0,0.0,1.0,0.0,0.05555555555555555,378.0,155.0
UNG,159,2020-07-20,2020-08-21,2020-07-17,32,0.08767123287671233,25,estimation,2020,2020-08-21,0.001767662857142857,66,66,52,0,OK,OK,19,9.5,9.62501937314887,9.5,0.01298899963751131,0.5819345,1.315,0.025000000000000022,9.5,6,12,6.5,20.0,0.3791195937833203,0.016702944319984397,0.000711233641645078,2.20240528858108,4.320433406563934,1.8327152236620807,6.414503282817284,True,0.3774624019797029,1.004390349329962,6918.309709189362,476.0,0.36601092303681676,0,4.0,28.0,3.0,3.0,0.125,0.125,480.0,134.0
UNG,160,2020-08-24,2020-09-18,2020-08-21,25,0.0684931506849315,19,estimation,2020,2020-09-18,0.0015312342857142856,68,68,54,0,OK,OK,20,14.0,14.040004195382426,14.0,0.0028493008139971387,0.533385,1.56,0.020000000000000018,14.0,8,11,9.0,19.5,0.32000158296880166,0.010961891076618187,0.0003723035571383671,3.1651444566028144,2.3737334921690545,2.5584539142247564,2.814299305647232,True,0.3203781175332595,0.9988247182193435,9015.711376059571,548.0,0.32000158296880166,0,1.0,8.0,0.0,0.0,0.0,0.0,378.0,109.0
UNG,161,2020-09-21,2020-10-16,2020-09-18,25,0.0684931506849315,20,estimation,2020,2020-10-16,0.00144945,74,74,59,0,OK,OK,22,12.0,12.195019360053458,12.0,0.015991722054355367,0.6179399999999999,1.565,0.014999999999999958,12.0,9,12,7.5,18.0,0.43968683315202006,0.015188317795161327,0.0004659671204016427,2.9062390292512355,2.507168985215257,2.3187898308746973,3.0917197744995963,True,0.44379816025911273,0.9907360429238998,9225.71427154763,504.0,0.43968683315202006,0,0.0,4.0,0.0,0.0,0.0,0.0,437.0,123.0
UNG,162,2020-10-19,2020-11-20,2020-10-16,32,0.08767123287671233,25,estimation,2020,2020-11-20,0.001469487142857143,74,74,62,0,OK,OK,25,12.5,12.494999355799756,12.5,0.0004002116413013678,0.6394885,1.8849999999999998,0.014999999999999958,12.0,6,18,9.0,23.0,0.4339441188191736,0.019870426877034778,0.00044272306082567453,1.519327864431062,3.435931231537942,1.320318512970356,4.841167880891305,True,0.43605419611601515,0.9951609746778354,16788.040181225588,608.0,0.4339441188191736,0,2.0,28.0,0.0,3.0,0.0,0.125,624.0,225.0
UNG,163,2020-11-23,2020-12-18,2020-11-20,25,0.0684931506849315,19,estimation,2020,2020-12-18,0.0014092522222222221,76,76,58,0,OK,OK,20,10.0,10.22002123633235,10.0,0.02152845197132966,0.597185,1.27,0.010000000000000009,10.0,4,15,8.0,18.0,0.4029819701604577,0.014041443721461684,0.00040956275121521377,1.4277490432379223,3.760860860640828,1.2796686570856806,5.118674628342722,False,0.403704831512487,0.9982094310109665,7161.43410212902,377.0,0.4029819701604577,0,0.0,12.0,0.0,1.0,0.0,0.05555555555555555,378.0,156.0
UNG,164,2020-12-21,2021-01-15,2020-12-18,25,0.0684931506849315,18,estimation,2020,2021-01-15,0.0013487327272727273,102,102,66,0,OK,OK,15,10.0,9.744976442278647,9.5,0.025138741353526,0.5218430000000001,1.065,0.014999999999999986,9.5,4,10,7.0,18.0,0.3123885965828159,0.01102970517712967,0.0006093414841033937,2.2360396604622315,4.679417172834374,1.9268724576612224,6.551366356048157,False,0.30524747851766987,1.0233945194234673,5432.503314924336,498.0,0.2999843624881212,0,0.0,4.0,0.0,1.0,0.0,0.058823529411764705,272.0,95.0
UNG,165,2021-01-19,2021-02-19,2021-01-15,31,0.08493150684931507,23,estimation,2021,2021-02-19,0.0013149177777777776,60,60,46,0,OK,OK,16,9.5,9.294977104742184,9.5,0.022057385719994483,0.522774,1.1549999999999998,0.014999999999999958,9.0,4,11,7.0,15.0,0.29319459660455893,0.012986387048101332,0.0005068359790353266,1.6495634608329404,3.352928399636948,1.45860968059161,4.37582904177483,False,0.2906141232244004,1.008879380504732,7498.942093324558,483.0,0.29319459660455893,0,2.0,10.0,0.0,1.0,0.0,0.045454545454545456,374.0,114.0
UNG,166,2021-02-22,2021-03-19,2021-02-19,25,0.0684931506849315,20,estimation,2021,2021-03-19,0.0011153145714285714,66,66,45,0,OK,OK,12,11.0,10.94499579831202,11.0,0.005025511448479801,0.372773,0.855,0.014999999999999986,10.5,3,8,9.0,15.0,0.1643874546404377,0.0065272643079808375,0.0003145909373605963,1.5800739876210494,3.655986477551239,1.4643130709989955,4.392939212996987,False,0.16217474841231067,1.013643962761092,7413.102413009177,565.0,0.1643874546404377,0,1.0,5.0,0.0,1.0,0.0,0.05263157894736842,247.0,96.0
UNG,167,2021-03-22,2021-04-16,2021-03-19,25,0.0684931506849315,19,estimation,2021,2021-04-16,0.0010170714285714286,74,74,46,0,OK,OK,9,9.5,9.630009056430902,9.5,0.013500408532231046,0.337303,0.68,0.009999999999999981,9.5,3,5,8.0,13.0,0.1404953598928434,0.004904785091297336,0.0003060692957486582,1.9467330848656033,3.5531372373908026,1.788643867246906,4.173502356909448,False,0.13483952150963283,1.0419449603490807,3672.8230049808462,412.0,0.1404953598928434,0,0.0,0.0,0.0,0.0,0.0,0.0,180.0,72.0
UNG,168,2021-04-19,2021-05-21,2021-04-16,32,0.08767123287671233,25,estimation,2021,2021-05-21,0.0011817585714285713,64,64,41,0,OK,OK,9,10.0,10.080008288927859,10.0,0.007937323723805068,0.297709,0.71,0.010000000000000009,10.0,4,4,8.0,12.0,0.10329967934118377,0.0045597393114135635,0.00027589370146013784,2.5314177423817052,2.0683188959244645,2.2688692794148473,2.2688692794148473,False,0.10121539333444894,1.0205925792319717,4518.559443749226,469.0,0.10329967934118377,0,0.0,0.0,0.0,0.0,0.0,0.0,240.0,74.0
UNG,169,2021-05-24,2021-06-18,2021-05-21,25,0.0684931506849315,19,estimation,2021,2021-06-18,0.0008435062857142858,64,64,39,0,OK,OK,7,10.5,10.424995666794592,10.5,0.007194663250010715,0.330754,0.725,0.044999999999999984,10.0,2,4,9.0,12.0,0.11774782857900179,0.004935281325643702,0.0003353927182558929,1.2171643126303957,2.1062472119396194,1.1552376191697034,2.3104752383394067,False,0.1143133840187248,1.0300441159165965,5888.43655355589,389.0,0.11774782857900179,0,2.0,5.0,0.0,1.0,0.0,0.05555555555555555,144.0,29.0
UNG,170,2021-06-21,2021-07-16,2021-06-18,25,0.0684931506849315,19,estimation,2021,2021-07-16,0.0009569157142857144,66,66,44,0,OK,OK,11,11.5,11.264984597084766,11.5,0.02086246997408707,0.32910399999999995,0.805,0.024999999999999994,11.0,3,7,9.5,17.0,0.12953772818311066,0.004726066018866839,0.00047538761076595113,1.702109632049783,5.054171370615278,1.5832220907131986,6.3328883628527946,False,0.12598451685923917,1.028203555583274,4731.512589614803,529.0,0.11834067420413096,0,4.0,14.0,3.0,4.0,0.16666666666666666,0.2222222222222222,216.0,54.0
UNG,171,2021-07-19,2021-08-20,2021-07-16,32,0.08767123287671233,25,estimation,2021,2021-08-20,0.0009017200000000001,68,68,51,0,OK,OK,17,13.0,13.130010277543773,13.0,0.009901765101138537,0.3932495,1.22,0.05999999999999994,13.0,5,11,10.5,19.0,0.17701548811970325,0.007808973584918738,0.0006185168460928314,1.8342217944881247,3.2591411315406287,1.65158116075974,3.9637947858233757,False,0.17611071116918367,1.0051375464019925,6683.439175686149,397.0,0.17701548811970325,0,1.0,4.0,0.0,0.0,0.0,0.0,432.0,108.0
UNG,172,2021-08-23,2021-09-17,2021-08-20,25,0.0684931506849315,19,estimation,2021,2021-09-17,0.0008850794285714287,74,74,52,0,OK,OK,15,14.0,13.799987875256758,14.0,0.014493644961954079,0.43121600000000004,1.26,0.020000000000000018,13.5,5,9,11.0,18.0,0.1887272490742336,0.0067097488069146555,0.0003086920632408565,1.8146783792337629,2.549143945024374,1.6409214849568214,2.9536586729222787,False,0.187414846902213,1.0070026585071212,8709.635899560806,496.0,0.1887272490742336,0,4.0,32.0,3.0,5.0,0.16666666666666666,0.2777777777777778,288.0,50.0
UNG,173,2021-09-20,2021-10-15,2021-09-17,25,0.0684931506849315,20,estimation,2021,2021-10-15,0.00082482,96,96,84,0,OK,OK,36,17.0,17.2500141240291,17.5,0.014491922973133805,0.71834,2.61,0.06000000000000005,17.0,12,23,10.0,35.0,0.5481163156864307,0.018878183863769896,0.001117480359313418,2.8225181674965416,3.8411794985570302,2.1902591140980205,5.632094864823482,True,0.5491408974984039,0.9981342096051475,29853.82618917957,1218.0,0.5481163156864307,0,2.0,19.0,1.0,1.0,0.05263157894736842,0.05263157894736842,703.0,163.0
UNG,174,2021-10-18,2021-11-19,2021-10-15,32,0.08767123287671233,25,estimation,2021,2021-11-19,0.0009065257142857143,84,84,79,0,OK,OK,37,17.5,17.464997218221512,17.5,0.002004167612575898,0.936666,3.8549999999999995,0.06500000000000006,17.0,10,26,11.0,38.0,0.8918387659764285,0.039465252615823156,0.001091120551065054,1.569615877893535,2.9003076751987096,1.2725914937322402,4.454070228062841,True,0.8963078689423637,0.9950138751194847,62373.483548241915,1094.0,0.8918387659764285,0,0.0,29.0,0.0,2.0,0.0,0.08333333333333333,912.0,168.0
UNG,175,2021-11-22,2021-12-17,2021-11-19,25,0.0684931506849315,19,estimation,2021,2021-12-17,0.0009787544444444444,88,88,83,0,OK,OK,39,16.0,15.97499832399443,16.0,0.0015650503053898203,0.924189,3.075,0.08500000000000008,15.5,8,30,11.0,38.0,0.9281392330690617,0.0322529875677455,0.0021491814135291614,1.4178810331281486,3.7075340366216336,1.2003183580825667,6.001591790412833,False,0.9307303452577825,0.9972160441507866,35892.193464500495,769.0,0.9281392330690617,0,3.0,76.0,2.0,3.0,0.1111111111111111,0.16666666666666666,720.0,221.0
UNG,176,2021-12-20,2022-01-21,2021-12-17,32,0.08767123287671233,23,estimation,2021,2022-01-21,0.005542979333333333,90,90,82,0,OK,OK,37,12.5,12.505002430389649,12.5,0.0004000343396568748,0.659413,1.9449999999999998,0.04500000000000004,12.5,8,28,8.0,35.0,0.49519635423582564,0.02169677120212105,0.0009428443475550663,2.2857476108803287,5.27339936349745,1.8438111589391875,9.219055794695938,True,0.49577578627908925,0.9988312619145594,12882.495516931323,624.0,0.49519635423582564,0,1.0,38.0,0.0,2.0,0.0,0.09090909090909091,836.0,314.0
UNG,177,2022-01-24,2022-02-18,2022-01-21,25,0.0684931506849315,20,holdout,2022,2022-02-18,0.0049915325,98,98,81,0,OK,OK,32,13.5,13.37495725697034,13.5,0.00934902001010088,0.5211865,1.4649999999999999,0.04499999999999993,13.0,6,25,10.0,37.0,0.32825344232386056,0.011653526844881742,0.0006316733004928833,1.9234812239419363,7.668349501831128,1.691847338085707,13.534778704685657,True,0.3289183594376666,0.9979784737010642,9660.50878989814,632.0,0.32443260955053826,0,1.0,26.0,0.0,4.0,0.0,0.21052631578947367,627.0,170.0
UNG,178,2022-02-22,2022-03-18,2022-02-18,24,0.06575342465753424,19,holdout,2022,2022-03-18,0.004699559000000001,78,78,71,0,OK,OK,32,15.5,15.670052540174124,15.5,0.010852072112595135,0.5790845,1.85,0.03999999999999998,15.5,10,21,10.0,30.0,0.41423246571093647,0.013674558220089365,0.0007380724851281735,2.951383751162465,4.447110204657541,2.3896255994205893,6.299922034836098,True,0.41457089057302127,0.9991836743249941,13803.842646028867,732.0,0.41423246571093647,0,1.0,12.0,0.0,1.0,0.0,0.05555555555555555,594.0,179.0
UNG,179,2022-03-21,2022-04-14,2022-03-18,24,0.06575342465753424,19,holdout,2022,2022-04-14,0.004617553999999999,96,96,79,0,OK,OK,31,17.5,17.459987853356548,17.5,0.002291648022868467,0.5177955,1.85,0.06,17.0,11,19,11.0,30.0,0.31657808150603367,0.010770846406388413,0.0005133436922482598,3.278606049445084,4.277782211756768,2.658182953285519,5.75939639878529,True,0.3167790250362993,0.9993656665549665,15667.5107010815,906.0,0.31657808150603367,0,2.0,28.0,0.0,2.0,0.0,0.1111111111111111,576.0,142.0
UNG,180,2022-04-18,2022-05-20,2022-04-14,32,0.08767123287671233,25,holdout,2022,2022-05-20,0.005521294666666666,90,90,80,0,OK,OK,35,27.0,27.05502662967372,27.0,0.002033878229983572,0.866324,5.525,0.1449999999999998,27.0,22,12,13.0,36.0,0.7267519423334596,0.03184427792801457,0.0011845140258556932,2.8493226907718086,1.121511925137966,2.0214144627342416,1.299480726043441,False,0.7818719270914702,0.9295025401883215,48417.23675840999,800.0,0.7267519423334596,0,0.0,18.0,0.0,2.0,0.0,0.08333333333333333,864.0,120.0
UNG,181,2022-05-23,2022-06-17,2022-05-20,25,0.0684931506849315,19,holdout,2022,2022-06-17,0.00893537,100,100,88,0,OK,OK,38,30.0,29.989993878010388,30.0,0.00033364868396817954,0.9415145,5.890000000000001,0.08000000000000007,29.5,22,15,14.0,42.0,0.8912745192242173,0.030642286215906266,0.0019971976912961206,3.0248213288323837,1.4337309938832639,2.1323529790037865,1.719639499196602,False,0.9236549402600974,0.964943162620056,70794.57843841374,1227.0,0.8912745192242173,0,1.0,11.0,0.0,1.0,0.0,0.05555555555555555,702.0,119.0
UNG,182,2022-06-21,2022-07-15,2022-06-17,24,0.06575342465753424,18,holdout,2022,2022-07-15,0.011240414,106,106,88,0,OK,OK,35,23.0,23.195144176938154,23.0,0.008413147831699042,0.669547,3.165,0.09500000000000008,23.0,11,23,13.0,40.0,0.5196833313425127,0.017108823274367687,0.0015125786757987098,3.323146893928721,3.22320043398335,2.5323976794774676,4.3050760551116944,True,0.521187235803883,0.9971144641348502,31622.776601683792,1084.0,0.5196833313425127,0,0.0,11.0,0.0,1.0,0.0,0.058823529411764705,612.0,174.0
UNG,183,2022-07-18,2022-08-19,2022-07-15,32,0.08767123287671233,25,holdout,2022,2022-08-19,0.017335014666666666,92,92,83,0,OK,OK,37,25.5,25.3397566499901,25.5,0.006323791985191075,0.9221550000000001,5.52,0.10000000000000009,25.0,19,17,14.0,38.0,0.8706976018739196,0.03820181120491895,0.0015926470815024027,2.1235357764781413,1.533490882633218,1.61146246506465,1.90445564053095,True,0.9035461696680711,0.9636448375336273,73282.45331389044,925.0,0.8706976018739196,0,1.0,32.0,0.0,3.0,0.0,0.125,912.0,166.0
UNG,184,2022-08-22,2022-09-16,2022-08-19,25,0.0684931506849315,19,holdout,2022,2022-09-16,0.0248183175,88,88,82,0,OK,OK,38,33.5,33.71536578603243,33.5,0.006387763591212475,0.8314745,5.835,0.125,33.5,25,12,11.0,45.0,0.958862769219581,0.03280262289412362,0.00851653716044677,5.117717151368783,1.3561939281470425,3.086492346021996,1.5775405324112421,False,0.9576723620593187,1.0012430213164996,38904.51449942805,1214.0,0.7148468534006959,0,1.0,19.0,0.0,3.0,0.0,0.16666666666666666,702.0,119.0
UNG,185,2022-09-19,2022-10-21,2022-09-16,32,0.08767123287671233,25,holdout,2022,2022-10-21,0.028171652,116,116,104,0,OK,OK,46,27.5,27.339604336633762,27.5,0.0058667880263108,0.8997375,5.8100000000000005,0.1100000000000001,27.0,16,29,17.0,50.0,0.836990394051481,0.03667839029726627,0.001650586999294931,1.7365341639793481,2.3129569330459,1.3902466497282175,3.1975672943749007,True,0.8524735632380156,0.9818373614687549,51286.13839913648,572.0,0.836990394051481,0,3.0,71.0,2.0,3.0,0.08333333333333333,0.125,1128.0,292.0
UNG,186,2022-10-24,2022-11-18,2022-10-21,25,0.0684931506849315,20,holdout,2022,2022-11-18,0.032424935,102,102,89,0,OK,OK,38,18.5,18.585188985085992,18.5,0.004583702923567434,0.9387415,3.625,0.06499999999999995,18.5,8,29,13.0,45.0,0.965220564939396,0.03299274638379666,0.0016315369773569582,1.436102036092537,3.618089364465938,1.2101003076414416,5.830483300454218,False,0.9810244213689736,0.9838904556448003,29174.27014001166,519.0,0.9610524075075468,0,0.0,21.0,0.0,2.0,0.0,0.10526315789473684,741.0,212.0
UNG,187,2022-11-21,2022-12-16,2022-11-18,25,0.0684931506849315,19,holdout,2022,2022-12-16,0.035451285,110,110,105,0,OK,OK,50,22.0,21.814550242689318,22.0,0.008501195543686786,1.1473895,5.225,0.05500000000000016,21.5,20,29,9.0,50.0,1.4997235039132668,0.051342595944558936,0.004211823993653438,2.9000008132112844,2.8105583244563386,1.9361415706416765,4.414402781063022,True,1.5783250076475137,0.9501994181468353,43651.58322401666,840.0,1.4878163547975576,0,0.0,52.0,0.0,5.0,0.0,0.2777777777777778,918.0,285.0
UNG,188,2022-12-19,2023-01-20,2022-12-16,32,0.08767123287671233,22,holdout,2022,2023-01-20,0.040315618000000004,124,124,109,0,OK,OK,47,18.0,18.030106223211472,18.0,0.001669775143793354,0.9371415000000001,3.9699999999999998,0.050000000000000044,18.0,14,32,7.0,50.0,0.9679994029263956,0.04228452933098752,0.003820148423346598,3.403694569423885,3.681874170976183,2.2023505780783794,6.4068380453189215,True,0.9795409619906008,0.9882173798625524,26302.679918953814,838.0,0.9557111166945091,0,3.0,115.0,1.0,6.0,0.047619047619047616,0.2857142857142857,1008.0,413.0
UNG,189,2023-01-23,2023-02-17,2023-01-20,25,0.0684931506849315,20,holdout,2023,2023-02-17,0.0407272275,78,78,67,0,OK,OK,28,11.0,11.020055868610127,11.0,0.0018199425528553678,0.8592884999999999,1.97,0.030000000000000027,11.0,9,18,6.0,25.0,0.8714950533028504,0.029764238810770224,0.0023033748822606556,2.695301582027648,3.650650840576931,2.0212254011781314,5.659431123298768,True,0.8735660847312189,0.9976292218017991,13963.683610559363,673.0,0.8664687874275842,0,4.0,48.0,2.0,3.0,0.10526315789473684,0.15789473684210525,551.0,188.0
UNG,190,2023-02-21,2023-03-17,2023-02-17,24,0.06575342465753424,19,holdout,2023,2023-03-17,0.041062420999999995,64,64,50,0,OK,OK,18,7.0,7.235635356122425,7.0,0.03256595233520752,0.9754395,1.4249999999999998,0.015000000000000013,7.0,5,12,4.5,14.0,1.0468187269396338,0.034888204536812815,0.0017370930620152622,1.766437921156671,2.7711876459322493,1.4278495264854347,3.997978674159217,False,1.0710089320606415,0.9774136289652924,9225.71427154763,439.0,1.0468187269396338,0,2.0,13.0,1.0,2.0,0.05555555555555555,0.1111111111111111,342.0,98.0
UNG,191,2023-03-20,2023-04-21,2023-03-17,32,0.08767123287671233,24,holdout,2023,2023-04-21,0.04333266266666667,120,120,82,0,OK,OK,22,7.5,7.489961937465865,7.5,0.0013402020755169852,0.9144715,1.61,0.019999999999999962,7.0,5,16,4.0,17.0,0.9329911981653483,0.04318349636214343,0.0020700647195494794,2.0667656097122156,3.276976397648124,1.582794318838761,5.2759810627958705,False,0.9296253661181374,1.0036206327515198,9885.53094656939,517.0,0.9329911981653483,0,0.0,25.0,0.0,3.0,0.0,0.13043478260869565,529.0,199.0
UNG,192,2023-04-24,2023-05-19,2023-04-21,25,0.0684931506849315,20,holdout,2023,2023-05-19,0.045379449999999995,54,54,40,0,OK,OK,13,7.0,7.215669298635964,7.0,0.0298890220310864,0.6698575,1.005,0.015000000000000013,7.0,5,7,4.0,10.5,0.5376141594350815,0.018827458582304637,0.001321623765795151,3.1921549334169983,2.312850125174258,2.4446529735750153,2.8520951358375184,False,0.527393671358098,1.019379239137748,5069.907082747044,512.0,0.5376141594350815,0,0.0,4.0,0.0,1.0,0.0,0.05263157894736842,266.0,90.0
UNG,193,2023-05-22,2023-06-16,2023-05-19,25,0.0684931506849315,19,holdout,2023,2023-06-16,0.046451095000000005,62,62,43,0,OK,OK,12,7.0,7.035111532695844,7.0,0.004990899224932366,0.633448,0.925,0.015000000000000013,7.0,4,7,5.0,12.0,0.46767213965056414,0.015977833221747163,0.0011595095311533947,2.0296198124002887,3.251257778908584,1.7234449439117612,4.308612359779403,False,0.4619304982728065,1.0124296650669875,5559.042572704037,466.0,0.45497848459214274,0,0.0,2.0,0.0,1.0,0.0,0.05555555555555555,234.0,78.0
UNG,194,2023-06-20,2023-07-21,2023-06-16,31,0.08493150684931507,23,holdout,2023,2023-07-21,0.04788478933333333,86,86,60,0,OK,OK,17,7.0,6.88955172706669,7.0,0.016031271308900426,0.6690825,1.08,0.020000000000000018,6.5,4,12,4.0,13.0,0.5125162838995364,0.023464631347533755,0.0014905787529373793,2.4899013461140203,3.5547689281841524,1.9724798093067126,5.128447504197452,False,0.5025908636119268,1.0197485091875316,6998.419960022731,623.0,0.5125162838995364,0,0.0,10.0,0.0,1.0,0.0,0.045454545454545456,396.0,158.0
UNG,195,2023-07-24,2023-08-18,2023-07-21,25,0.0684931506849315,20,holdout,2023,2023-08-18,0.048664860000000004,48,48,35,0,OK,OK,11,7.5,7.2692320826908325,7.5,0.031745845322322504,0.491386,0.78,0.010000000000000009,7.0,4,6,5.0,10.0,0.29961783808893505,0.010963930999430943,0.0005889551274648264,2.616392430645843,2.7734877411977714,2.2217009699727246,3.332551454959087,False,0.29303843454108425,1.0224523570027753,3801.8939632056126,390.0,0.29961783808893505,0,0.0,1.0,0.0,0.0,0.0,0.0,228.0,65.0
UNG,196,2023-08-21,2023-09-15,2023-08-18,25,0.0684931506849315,19,holdout,2023,2023-09-15,0.0503816475,52,52,39,0,OK,OK,13,7.0,7.010034567586312,7.0,0.0014314576468297448,0.5625294999999999,0.8200000000000001,0.009999999999999981,7.0,3,9,5.5,12.0,0.3735476354179924,0.012749682141520082,0.0005870670444079121,1.638098846799755,3.661146193282459,1.4555406687529509,4.851802229176503,False,0.3701426391271791,1.0091991463043612,4168.693834703355,362.0,0.3735476354179924,0,0.0,5.0,0.0,1.0,0.0,0.05555555555555555,252.0,100.0
UNG,197,2023-09-18,2023-10-20,2023-09-15,32,0.08767123287671233,25,holdout,2023,2023-10-20,0.051348274666666666,64,64,48,0,OK,OK,16,7.0,6.979909761705607,7.0,0.002878294846247924,0.5160335,0.85,0.010000000000000009,6.5,4,11,4.0,13.0,0.35323891635127125,0.01812825463220234,0.0011276838923174673,3.1775308265844733,4.536480077139788,2.517214350146598,6.544757310381154,False,0.3455208393872882,1.0223375150907525,5754.399373371566,663.0,0.35323891635127125,0,0.0,10.0,0.0,1.0,0.0,0.041666666666666664,408.0,165.0
UNG,198,2023-10-23,2023-11-17,2023-10-20,25,0.0684931506849315,20,holdout,2023,2023-11-17,0.0516829775,52,52,37,0,OK,OK,11,7.0,6.839432607533186,7.0,0.02347671242347788,0.49759699999999996,0.73,0.009999999999999981,6.5,3,7,5.0,10.0,0.30555303572283044,0.011785835244272524,0.0006212417573063248,2.014667385297769,3.307936364567175,1.772052469510882,4.134789095525391,False,0.29824237010643057,1.0245124983877743,4731.512589614803,453.0,0.30555303572283044,0,0.0,2.0,0.0,0.0,0.0,0.0,228.0,65.0
UNG,199,2023-11-20,2023-12-15,2023-11-17,25,0.0684931506849315,19,holdout,2023,2023-12-15,0.051834954999999995,48,48,35,0,OK,OK,11,6.0,6.035124482725629,6.0,0.005820009649538459,0.6437809999999999,0.805,0.024999999999999994,6.0,3,7,4.5,10.0,0.46792104764053627,0.015984975589031704,0.0009179584486890305,1.707462095646859,3.0318725898771004,1.4838099582422286,3.9568265553126096,False,0.45791990563057366,1.0218403740195365,5011.872336272725,439.0,0.46792104764053627,0,2.0,19.0,1.0,3.0,0.05555555555555555,0.16666666666666666,216.0,73.0
UNG,200,2023-12-18,2024-01-19,2023-12-15,32,0.08767123287671233,22,holdout,2023,2024-01-19,0.053025138,118,118,69,0,OK,OK,10,5.0,4.919627231875219,5.0,0.016337166280410532,0.6747785,0.79,0.010000000000000009,4.5,1,8,4.0,9.0,0.4788515700499319,0.02522106115923418,0.0012424855058219095,0.5895124071384437,3.4692505642765963,0.5561189538536759,5.005070584683084,False,0.46954869043932534,1.0198123853820196,5688.529308438413,363.0,0.4788515700499319,0,3.0,12.0,1.0,3.0,0.047619047619047616,0.14285714285714285,231.0,43.0
UNG,201,2024-01-22,2024-02-16,2024-01-19,25,0.0684931506849315,20,holdout,2024,2024-02-16,0.0536655375,44,44,34,0,OK,OK,12,5.0,4.929742226015249,5.0,0.014251814955756963,0.616594,0.64,0.009999999999999981,4.5,1,10,4.0,10.0,0.4876224486100168,0.02118135889832299,0.0023561626631992782,0.7298941399466827,4.948302486208592,0.6885486388681766,7.574035027549945,False,0.4666910344371865,1.0448506884176012,6165.9500186148225,498.0,0.4876224486100168,0,34.0,221.0,16.0,16.0,0.8421052631578947,0.8421052631578947,247.0,130.0
UNG,202,2024-02-20,2024-03-15,2024-02-16,24,0.06575342465753424,19,holdout,2024,2024-03-15,0.052819282,92,62,59,0,OK,OK,28,15.0,14.824391159827305,15.0,0.011845939457438079,0.6342274999999999,1.935,0.025000000000000022,14.5,8,19,10.0,29.0,0.5048989346214694,0.016791247632245217,0.001353720460997412,2.2846982730791594,4.26207613475343,1.9082718941896475,6.148876103499975,True,0.5125359320601229,0.9850995862710409,15310.87461682032,627.0,0.5018205487823821,0,0.0,14.0,0.0,1.0,0.0,0.05555555555555555,522.0,143.0
UNG,203,2024-03-18,2024-04-19,2024-03-15,32,0.08767123287671233,24,holdout,2024,2024-04-19,0.05304292133333333,104,74,65,0,OK,OK,28,15.5,15.389487271529628,15.5,0.0071810533073976566,0.5712015,2.08,0.030000000000000027,15.0,11,16,9.5,25.0,0.4339064289709266,0.019267856928899794,0.003167904189982035,2.7006521467448112,3.0203326526627445,2.1679713280860495,3.9417660510655446,True,0.5264470057250359,0.8242167288487849,15488.166189124795,556.0,0.4339064289709266,0,1.0,19.0,0.0,3.0,0.0,0.13043478260869565,667.0,230.0
UNG,204,2024-04-22,2024-05-17,2024-04-19,25,0.0684931506849315,20,holdout,2024,2024-05-17,0.052261405000000004,76,76,60,0,OK,OK,22,15.0,15.100358596252171,15.0,0.006646106820077744,0.5193855,1.63,0.030000000000000027,15.0,7,14,11.5,23.0,0.33434903409214395,0.011431697631543667,0.002071412518194946,1.9547145053992356,3.1446031654282063,1.7165774069780488,3.923605501664112,True,0.41091664978837433,0.8136663098570881,11885.022274370189,483.0,0.33434903409214395,0,1.0,5.0,0.0,0.0,0.0,0.0,437.0,104.0
UNG,205,2024-05-20,2024-06-21,2024-05-17,32,0.08767123287671233,23,holdout,2024,2024-06-21,0.053156706000000005,78,78,70,0,OK,OK,31,20.0,19.894509525039226,20.0,0.0053024918673166615,0.52414,2.465,0.04500000000000004,19.5,14,16,12.0,30.0,0.3154769591565008,0.013968529215252014,0.0017423837818867109,3.128386220857555,2.7757644574982856,2.4782823889731267,3.469595344562377,True,0.3175816855745146,0.9933726454842436,16405.89773199539,635.0,0.3154769591565008,0,0.0,3.0,0.0,0.0,0.0,0.0,704.0,101.0
UNG,206,2024-06-24,2024-07-19,2024-06-21,25,0.0684931506849315,19,holdout,2024,2024-07-19,0.054308945,98,72,67,0,OK,OK,31,20.0,19.76412422132607,20.0,0.011934542407875177,0.564292,2.345,0.03500000000000003,19.5,13,17,12.0,35.0,0.38307554748873723,0.013161706867273627,0.0019484268733682476,3.2875226997867286,3.9607652275541634,2.6043490269553304,5.382321322374349,True,0.3857147563230351,0.9931576150742661,19724.227361148533,905.0,0.38307554748873723,0,5.0,57.0,3.0,10.0,0.16666666666666666,0.5555555555555556,576.0,169.0
UNG,207,2024-07-22,2024-08-16,2024-07-19,25,0.0684931506849315,20,holdout,2024,2024-08-16,0.052937112499999994,70,70,62,0,OK,OK,27,15.0,15.075272430817147,15.0,0.004993105840215134,0.5923335000000001,1.855,0.04500000000000004,15.0,11,15,9.5,24.0,0.44690221895603166,0.015262023546779673,0.0030696571676870265,2.946433732661636,3.0318753636853355,2.365274572741772,3.870449300850173,True,0.5012460472757208,0.8915825299470219,14454.39770745928,636.0,0.44690221895603166,0,0.0,9.0,0.0,1.0,0.0,0.05263157894736842,532.0,117.0
UNG,208,2024-08-19,2024-09-20,2024-08-16,32,0.08767123287671233,24,holdout,2024,2024-09-20,0.05295234866666666,70,70,59,0,OK,OK,24,15.0,14.773953032179296,15.0,0.015300371358183459,0.5550575,1.955,0.03500000000000003,14.5,10,13,9.5,22.0,0.3607581067689572,0.015918460996646545,0.0021438486139929037,2.572923294204781,2.53664041924733,2.0981448622993386,3.147217293449008,True,0.3955162142096804,0.9121196396203963,14454.39770745928,580.0,0.3607581067689572,0,0.0,12.0,0.0,2.0,0.0,0.08695652173913043,575.0,120.0
UNG,209,2024-09-23,2024-10-18,2024-09-20,25,0.0684931506849315,20,holdout,2024,2024-10-18,0.0520526875,74,74,60,0,OK,OK,23,16.0,16.140500026189763,16.0,0.008704812487951779,0.5574685,1.8699999999999999,0.020000000000000018,16.0,8,14,11.0,30.0,0.35975987876338633,0.01231511412917501,0.0010272495288637757,2.5682198367280167,4.3086027553304875,2.1419341602421036,5.99741564867789,True,0.36022335017906804,0.9987133776434778,14962.35656094436,779.0,0.35975987876338633,0,1.0,20.0,0.0,2.0,0.0,0.10526315789473684,456.0,119.0
UNG,210,2024-10-21,2024-11-15,2024-10-18,25,0.0684931506849315,20,holdout,2024,2024-11-15,0.0488320725,70,70,61,0,OK,OK,26,13.5,13.274246191021913,13.5,0.017006902367893158,0.6189715,1.7349999999999999,0.03500000000000003,13.0,7,18,9.5,24.0,0.4699925909870449,0.016263666803192623,0.003164163993313574,1.9362504567393328,3.7847766844473605,1.6619978864666207,5.223421928895093,True,0.5126525025610418,0.9167859098299879,10715.193052376071,445.0,0.4699925909870449,0,0.0,12.0,0.0,1.0,0.0,0.05263157894736842,513.0,132.0
UNG,211,2024-11-18,2024-12-20,2024-11-15,32,0.08767123287671233,24,holdout,2024,2024-12-20,0.04871950533333333,70,70,65,0,OK,OK,30,14.0,13.794122511010078,14.0,0.014925015261071949,0.6938500000000001,2.2750000000000004,0.03500000000000003,13.5,9,20,9.0,30.0,0.5486956736231142,0.024186219048208214,0.0032759773340446515,1.973600914972244,3.8867352291318897,1.6224995899817796,5.9491651632665254,True,0.5567790410611949,0.9854819114191616,14791.083881682072,508.0,0.5486956736231142,0,0.0,18.0,0.0,3.0,0.0,0.13043478260869565,713.0,183.0
UNG,212,2024-12-23,2025-01-17,2024-12-20,25,0.0684931506849315,17,holdout,2024,2025-01-17,0.048651280000000005,160,78,72,0,OK,OK,33,15.5,15.755851148605176,16.0,0.015495757677073375,0.751387,2.4899999999999998,0.08999999999999986,15.5,10,22,10.0,40.0,0.645583730530812,0.022171260494695744,0.003189526355042226,2.2286381582462385,4.821022424440304,1.8044453869115327,8.03798399624228,True,0.6427731757213371,1.0043725452704537,22387.21138568338,828.0,0.645583730530812,0,0.0,22.0,0.0,3.0,0.0,0.1875,544.0,82.0
UNG,213,2025-01-21,2025-02-21,2025-01-17,31,0.08493150684931507,23,holdout,2025,2025-02-21,0.04601509733333334,78,78,69,0,OK,OK,30,18.0,17.804236423239562,18.0,0.010995336846061602,0.5806715,2.415,0.025000000000000022,17.5,9,20,13.0,30.0,0.3823559059578165,0.0163242276101184,0.0016319612416530562,1.7565445280408825,3.1850849507835237,1.5195309123043494,4.220919200845416,True,0.40324245482797744,0.9482034973746226,23442.288153199228,655.0,0.3823559059578165,0,1.0,9.0,0.0,1.0,0.0,0.045454545454545456,682.0,53.0
UNG,214,2025-02-24,2025-03-21,2025-02-21,25,0.0684931506849315,20,holdout,2025,2025-03-21,0.0448157125,62,62,56,0,OK,OK,25,21.5,21.279323657233693,21.5,0.010370458493932925,0.5752715,2.57,0.039999999999999925,21.0,12,12,14.0,30.0,0.37211620058791883,0.012792836653448698,0.0010838811284000689,2.6931283797718386,2.369060603899564,2.214023949218505,2.846602220423792,True,0.37781019418838674,0.9849289572169968,17378.00828749376,561.0,0.37211620058791883,0,0.0,7.0,0.0,1.0,0.0,0.05263157894736842,494.0,81.0
UNG,215,2025-03-24,2025-04-17,2025-03-21,24,0.06575342465753424,19,holdout,2025,2025-04-17,0.044199264,86,86,75,0,OK,OK,32,20.5,20.610320152824496,20.5,0.0053526656551900935,0.58093,2.45,0.15000000000000002,20.5,12,19,14.0,35.0,0.4121862803319448,0.013526441438407767,0.002887713630149453,2.5601225267018872,3.59094224930814,2.12851395748209,4.7482234436138935,True,0.45586979716094245,0.9041754529450097,12882.495516931323,438.0,0.4121862803319448,0,3.0,42.0,2.0,5.0,0.1111111111111111,0.2777777777777778,594.0,156.0
UNG,216,2025-04-21,2025-05-16,2025-04-17,25,0.0684931506849315,20,holdout,2025,2025-05-16,0.04510676,60,60,51,0,OK,OK,21,16.0,15.90972151466085,16.0,0.005674422726755964,0.616652,2.06,0.18,15.5,4,16,12.0,24.0,0.4482253598987861,0.015651123399126804,0.0020465653000140346,1.5858540140505328,2.7091319068927975,1.3991769103816134,3.3980010680696324,False,0.4533319427002579,0.9887354445595548,19054.607179632483,562.0,0.4482253598987861,0,1.0,8.0,0.0,1.0,0.0,0.05263157894736842,418.0,43.0
UNG,217,2025-05-19,2025-06-20,2025-05-16,32,0.08767123287671233,23,holdout,2025,2025-06-20,0.04550722533333333,84,84,71,0,OK,OK,29,15.5,15.801199293168835,16.0,0.012581368233049879,0.595326,2.235,0.03500000000000003,15.5,7,21,12.0,35.0,0.37964942708776894,0.016763955781948548,0.0029888576864436477,1.4519227667700965,4.620744627165132,1.281011236168788,7.137062601511818,False,0.3875452020556625,0.9796261831497026,20417.379446695315,713.0,0.35398672059116343,0,0.0,7.0,0.0,2.0,0.0,0.09090909090909091,660.0,126.0
UNG,218,2025-06-23,2025-07-18,2025-06-20,25,0.0684931506849315,19,holdout,2025,2025-07-18,0.04429018,88,88,76,0,OK,OK,32,17.0,16.809422745816256,17.0,0.011337525212231152,0.568757,2.01,0.08999999999999991,16.5,9,22,12.0,35.0,0.49779062153557124,0.017171290067399134,0.006780538535195242,2.139419819132835,5.051965765739168,1.8322226291441737,7.532470808703825,True,0.4816532552006414,1.0335041155866527,16595.86907437563,563.0,0.48897844344086894,0,5.0,2.0,3.0,0.0,0.16666666666666666,0.0,594.0,227.0
UNG,219,2025-07-21,2025-08-15,2025-07-18,25,0.0684931506849315,20,holdout,2025,2025-08-15,0.04598973,84,84,60,0,OK,OK,18,14.5,14.730725638019742,14.5,0.015662883396880517,0.565335,1.73,0.040000000000000036,14.5,5,12,11.5,35.0,0.417966978601169,0.014395119440841313,0.003448231348111214,1.5667042084360268,5.955863737035318,1.3983755014619872,9.555565926656913,False,0.46393748673367685,0.9009122792465848,14125.375446227554,646.0,0.35006286521223523,0,0.0,0.0,0.0,0.0,0.0,0.0,361.0,98.0
