sample,arm,rule,ticker,year,n,mean,p05,p10,p25,p50,p75,p90,p95,mean_cost_k0,median_cost_k0,mean_cost_k0.25,median_cost_k0.25,mean_cost_k0.5,median_cost_k0.5,mean_cost_k0.75,median_cost_k0.75,mean_cost_k1,median_cost_k1
full,straddle,section 3,ALL,2007,16,0.04969055245992615,0.024827063394295457,0.02845410159407637,0.031664910432033705,0.04919354838709679,0.060075093867334214,0.0745970617600913,0.07785087719298249,0.0,0.0,0.012422638114981538,0.012298387096774197,0.024845276229963076,0.024596774193548394,0.037267914344944614,0.036895161290322595,0.04969055245992615,0.04919354838709679
full,straddle,section 3,ALL,2008,32,0.037724942990194806,0.017857142857142856,0.01830538393645191,0.024220032840722498,0.03439073004290395,0.04082207207207205,0.05596403596403596,0.08469855832241151,0.0,0.0,0.009431235747548701,0.008597682510725988,0.018862471495097403,0.017195365021451976,0.028293707242646106,0.025793047532177964,0.037724942990194806,0.03439073004290395
full,straddle,section 3,ALL,2009,48,0.030681834634300992,0.007588308149616051,0.011785682838777857,0.02094259906759905,0.02632034632034634,0.03830188679245286,0.051956856702619444,0.06567375886524822,0.0,0.0,0.007670458658575248,0.006580086580086585,0.015340917317150496,0.01316017316017317,0.023011375975725744,0.019740259740259756,0.030681834634300992,0.02632034632034634
full,straddle,section 3,ALL,2010,44,0.010038690184705434,0.0050172634271099786,0.005814037994738314,0.006509037245386498,0.00810816733504263,0.012658227848101276,0.016354166666666666,0.019955634427684107,0.0,0.0,0.0025096725461763586,0.0020270418337606576,0.005019345092352717,0.004054083667521315,0.007529017638529076,0.006081125501281972,0.010038690184705434,0.00810816733504263
full,straddle,section 3,ALL,2011,48,0.008316440664775706,0.002338963963963924,0.002597766855433304,0.0035786613668096186,0.006177606177606184,0.011475746779939688,0.01894003124624444,0.02127659574468086,0.0,0.0,0.0020791101661939266,0.001544401544401546,0.004158220332387853,0.003088803088803092,0.006237330498581779,0.004633204633204638,0.008316440664775706,0.006177606177606184
full,straddle,section 3,ALL,2012,46,0.006911876769003421,0.0038886314488724167,0.004366438356164388,0.005008811681772396,0.00613496932515338,0.007982320928623115,0.01070604610368562,0.011905319896883053,0.0,0.0,0.0017279691922508552,0.001533742331288345,0.0034559383845017104,0.00306748466257669,0.005183907576752566,0.0046012269938650345,0.006911876769003421,0.00613496932515338
full,straddle,section 3,ALL,2013,48,0.007882321598618595,0.003256046108641592,0.004005458780715449,0.006187569367369595,0.007326892109500791,0.010532719875280438,0.011665420361072506,0.011952191235059773,0.0,0.0,0.0019705803996546488,0.0018317230273751978,0.0039411607993092975,0.0036634460547503955,0.005911741198963946,0.005495169082125593,0.007882321598618595,0.007326892109500791
full,straddle,section 3,ALL,2014,48,0.011937888758510201,0.0025867160652920888,0.00269381830601094,0.006649846048580203,0.009136696636696622,0.013128970454774607,0.02251198430472529,0.03231284153005461,0.0,0.0,0.0029844721896275504,0.0022841741591741556,0.005968944379255101,0.004568348318348311,0.008953416568882652,0.006852522477522467,0.011937888758510201,0.009136696636696622
full,straddle,section 3,ALL,2015,48,0.020108623226724732,0.007201303654392906,0.007949308755760377,0.010120681484021524,0.0140873015873016,0.023805496828752663,0.039694616571234374,0.048477564102564104,0.0,0.0,0.005027155806681183,0.0035218253968254,0.010054311613362366,0.0070436507936508,0.01508146742004355,0.0105654761904762,0.020108623226724732,0.0140873015873016
full,straddle,section 3,ALL,2016,48,0.022811188710701705,0.007009167303284956,0.007496408515084198,0.010110186559580204,0.018129614438064004,0.02572427572427575,0.04631185807656393,0.06259958772076438,0.0,0.0,0.005702797177675426,0.004532403609516001,0.011405594355350853,0.009064807219032002,0.01710839153302628,0.013597210828548003,0.022811188710701705,0.018129614438064004
full,straddle,section 3,ALL,2017,48,0.023625145990444064,0.006901962707334721,0.00758231742053094,0.012883031301482713,0.017095265926358846,0.032668124658283226,0.046128783331904295,0.05162645801637322,0.0,0.0,0.005906286497611016,0.004273816481589711,0.011812572995222032,0.008547632963179423,0.01771885949283305,0.012821449444769133,0.023625145990444064,0.017095265926358846
full,straddle,section 3,ALL,2018,48,0.019805173469159967,0.0071443624868282474,0.0077376046631072014,0.012286970863111611,0.018636416251881022,0.02505252100840336,0.03016030534351143,0.03300483808895489,0.0,0.0,0.004951293367289992,0.004659104062970256,0.009902586734579983,0.009318208125940511,0.014853880101869974,0.013977312188910768,0.019805173469159967,0.018636416251881022
full,straddle,section 3,ALL,2019,48,0.019607367337678903,0.0037192787022209705,0.005017572316842411,0.010211732245681381,0.013799010277883529,0.02211830131445906,0.04426999266324286,0.05395424836601307,0.0,0.0,0.004901841834419726,0.0034497525694708823,0.009803683668839451,0.0068995051389417646,0.014705525503259178,0.010349257708412647,0.019607367337678903,0.013799010277883529
full,straddle,section 3,ALL,2020,47,0.012309193565712386,0.004372239275286365,0.005670934091986728,0.007915787714864547,0.011705685618729108,0.015216906019793131,0.01906234649880837,0.021304181740556802,0.0,0.0,0.0030772983914280965,0.002926421404682277,0.006154596782856193,0.005852842809364554,0.009231895174284289,0.00877926421404683,0.012309193565712386,0.011705685618729108
full,straddle,section 3,ALL,2021,48,0.014451864688303845,0.005222467209407514,0.0057295820813985,0.006646460272786323,0.011337930531231768,0.018366158529554224,0.024147507333461205,0.029861132151694187,0.0,0.0,0.003612966172075961,0.002834482632807942,0.007225932344151922,0.005668965265615884,0.010838898516227883,0.008503447898423826,0.014451864688303845,0.011337930531231768
full,straddle,section 3,ALL,2022,48,0.013793950533573825,0.005716391299179853,0.006027728484999421,0.007999999999999998,0.012470068725316419,0.017977261369315337,0.022277290634133935,0.028695788924392212,0.0,0.0,0.0034484876333934563,0.0031175171813291047,0.0068969752667869125,0.006235034362658209,0.01034546290018037,0.009352551543987314,0.013793950533573825,0.012470068725316419
full,straddle,section 3,ALL,2023,48,0.013030708863864378,0.005715618726135339,0.0061989229088991885,0.007858636811023629,0.011834733893557433,0.015475373851008382,0.02420435510887775,0.028504052641983642,0.0,0.0,0.0032576772159660945,0.0029586834733893582,0.006515354431932189,0.0059173669467787165,0.009773031647898283,0.008876050420168074,0.013030708863864378,0.011834733893557433
full,straddle,section 3,ALL,2024,48,0.017822333796457774,0.004830568720379152,0.005872859025032944,0.008099294127743586,0.013585705075066762,0.01844559079591871,0.02907254016064259,0.038675934444103735,0.0,0.0,0.0044555834491144435,0.0033964262687666905,0.008911166898228887,0.006792852537533381,0.013366750347343331,0.010189278806300071,0.017822333796457774,0.013585705075066762
full,straddle,section 3,ALL,2025,28,0.02579886351119077,0.007625697195052941,0.008536673578627571,0.009717235522846129,0.01528960867482267,0.028095744859743477,0.058970595198636344,0.07822468793342575,0.0,0.0,0.006449715877797692,0.0038224021687056674,0.012899431755595384,0.007644804337411335,0.019349147633393078,0.011467206506117003,0.02579886351119077,0.01528960867482267
full,straddle,section 3,ALL,ALL,837,0.017692698231251584,0.00414282138669909,0.005389933762026761,0.007633587786259548,0.012594458438287166,0.021739130434782625,0.03703703703703705,0.050035005834305715,0.0,0.0,0.004423174557812896,0.0031486146095717916,0.008846349115625792,0.006297229219143583,0.013269523673438689,0.009445843828715375,0.017692698231251584,0.012594458438287166
full,straddle,section 3,GLD,2008,7,0.02685636104875646,0.016351907255048603,0.016997008227374703,0.020422824302134643,0.02463054187192118,0.032572431957857785,0.03784313725490196,0.0397549019607843,0.0,0.0,0.006714090262189115,0.006157635467980295,0.01342818052437823,0.01231527093596059,0.020142270786567343,0.018472906403940885,0.02685636104875646,0.02463054187192118
full,straddle,section 3,GLD,2009,12,0.021620882303337138,0.0074704170558313,0.009397764555413437,0.02072704081632651,0.022739018087855317,0.025480848265658412,0.02891319207108681,0.03036758563074352,0.0,0.0,0.005405220575834284,0.005684754521963829,0.010810441151668569,0.011369509043927658,0.016215661727502852,0.017054263565891487,0.021620882303337138,0.022739018087855317
full,straddle,section 3,GLD,2010,12,0.006396665822052751,0.003509986839870976,0.004485018885181533,0.005628399553330231,0.006552833881273501,0.007335277968428283,0.008084079645248246,0.00886787157313903,0.0,0.0,0.0015991664555131877,0.0016382084703183753,0.0031983329110263753,0.0032764169406367507,0.004797499366539563,0.004914625410955126,0.006396665822052751,0.006552833881273501
full,straddle,section 3,GLD,2011,12,0.006254281002446689,0.00196850393700788,0.0020959778676314547,0.0033940484686753626,0.005510294771144992,0.008703335093634464,0.010915625167623292,0.011667410178099595,0.0,0.0,0.0015635702506116723,0.001377573692786248,0.0031271405012233446,0.002755147385572496,0.004690710751835017,0.004132721078358744,0.006254281002446689,0.005510294771144992
full,straddle,section 3,GLD,2012,12,0.006297711729507595,0.0033183479008453863,0.003598901098901102,0.004632011544735829,0.005011388949579742,0.006479177529464303,0.011511372782132157,0.013048525323167746,0.0,0.0,0.0015744279323768988,0.0012528472373949356,0.0031488558647537975,0.002505694474789871,0.0047232837971306965,0.0037585417121848066,0.006297711729507595,0.005011388949579742
full,straddle,section 3,GLD,2013,12,0.005606514280438236,0.0025254079417759965,0.002764094903638397,0.003619189331726058,0.004287530406933396,0.006832559059009594,0.011170979081426809,0.011706624750102985,0.0,0.0,0.001401628570109559,0.001071882601733349,0.002803257140219118,0.002143765203466698,0.004204885710328677,0.003215647805200047,0.005606514280438236,0.004287530406933396
full,straddle,section 3,GLD,2014,12,0.005098950934466742,0.0024616306373913275,0.002485454731040067,0.0025974548969071973,0.002994784713693226,0.005530204871087104,0.008331358375794932,0.013074712643678165,0.0,0.0,0.0012747377336166856,0.0007486961784233065,0.002549475467233371,0.001497392356846613,0.003824213200850057,0.0022460885352699194,0.005098950934466742,0.002994784713693226
full,straddle,section 3,GLD,2015,12,0.009894948068255131,0.007050816696914707,0.007227379298686607,0.007968509984639025,0.009619221952868594,0.011415419125538982,0.01206777263572206,0.013808486418590012,0.0,0.0,0.002473737017063783,0.0024048054882171484,0.004947474034127566,0.004809610976434297,0.0074212110511913485,0.007214416464651445,0.009894948068255131,0.009619221952868594
full,straddle,section 3,GLD,2016,12,0.008272024545243525,0.006575259602782544,0.006612798965740148,0.007262695287905378,0.007645408858934873,0.009458944256740903,0.010157611741736017,0.010806387830140268,0.0,0.0,0.0020680061363108813,0.0019113522147337183,0.0041360122726217625,0.0038227044294674366,0.006204018408932643,0.005734056644201155,0.008272024545243525,0.007645408858934873
full,straddle,section 3,GLD,2017,12,0.008042050213087988,0.005932709361335984,0.006053673384128758,0.007196184918659825,0.007692762885377839,0.008565426332825426,0.010390361910579243,0.010996394502548208,0.0,0.0,0.002010512553271997,0.0019231907213444598,0.004021025106543994,0.0038463814426889197,0.006031537659815992,0.0057695721640333795,0.008042050213087988,0.007692762885377839
full,straddle,section 3,GLD,2018,12,0.00821951890812111,0.005095997172243136,0.005348143942082446,0.007481559536354065,0.008164133657771203,0.00939171806546755,0.009804255576880135,0.011010227126673162,0.0,0.0,0.0020548797270302775,0.0020410334144428006,0.004109759454060555,0.004082066828885601,0.006164639181090833,0.006123100243328402,0.00821951890812111,0.008164133657771203
full,straddle,section 3,GLD,2019,12,0.005987359647284773,0.0029749840630958367,0.0032942474603510716,0.003752697904337531,0.005348205348205353,0.008259201116343968,0.009491936939153796,0.010427052359263304,0.0,0.0,0.0014968399118211932,0.0013370513370513384,0.0029936798236423865,0.0026741026741026767,0.00449051973546358,0.004011154011154015,0.005987359647284773,0.005348205348205353
full,straddle,section 3,GLD,2020,12,0.0092898960347919,0.004019946379562897,0.00430236330513339,0.005727372024412786,0.01019214703425231,0.012384259259259263,0.012938311688311714,0.01411960132890366,0.0,0.0,0.002322474008697975,0.0025480367585630774,0.00464494801739595,0.005096073517126155,0.006967422026093925,0.007644110275689233,0.0092898960347919,0.01019214703425231
full,straddle,section 3,GLD,2021,12,0.006600986927217064,0.004447497661365778,0.00477772344587127,0.0057225577959325305,0.005876642313359534,0.007313073683801972,0.007619292678045579,0.009715110760551334,0.0,0.0,0.001650246731804266,0.0014691605783398835,0.003300493463608532,0.002938321156679767,0.004950740195412798,0.004407481735019651,0.006600986927217064,0.005876642313359534
full,straddle,section 3,GLD,2022,12,0.007888615942996108,0.004403722545753138,0.004848459027219311,0.005864733151075736,0.00667324024301029,0.009839507490836612,0.012260536398467426,0.013040123456790112,0.0,0.0,0.001972153985749027,0.0016683100607525726,0.003944307971498054,0.003336620121505145,0.0059164619572470815,0.005004930182257718,0.007888615942996108,0.00667324024301029
full,straddle,section 3,GLD,2023,12,0.007462927233248872,0.00476669398296458,0.004962524837420302,0.0058054931794541504,0.006554022755787874,0.008029399785240875,0.011614181898260308,0.012267432492630815,0.0,0.0,0.001865731808312218,0.0016385056889469684,0.003731463616624436,0.003277011377893937,0.005597195424936654,0.0049155170668409055,0.007462927233248872,0.006554022755787874
full,straddle,section 3,GLD,2024,12,0.01005168142517396,0.007035157399235076,0.00734079963305558,0.008099294127743578,0.009334286356844938,0.012228789174896974,0.014064658745509818,0.014276238583601202,0.0,0.0,0.00251292035629349,0.0023335715892112345,0.00502584071258698,0.004667143178422469,0.0075387610688804705,0.007000714767633703,0.01005168142517396,0.009334286356844938
full,straddle,section 3,GLD,2025,7,0.011465044910583791,0.0075640611106620285,0.007933877617007503,0.008505328639629637,0.00896860986547086,0.014394559849105305,0.016326082179740704,0.017309382553284965,0.0,0.0,0.002866261227645948,0.002242152466367715,0.005732522455291896,0.00448430493273543,0.008598783682937844,0.006726457399103145,0.011465044910583791,0.00896860986547086
full,straddle,section 3,GLD,ALL,206,0.0090488836015894,0.0027353651403116677,0.003745528512309746,0.005549471964958542,0.007504716848300513,0.010784880753921026,0.015259445492003622,0.0227969348659004,0.0,0.0,0.00226222090039735,0.0018761792120751282,0.0045244418007947,0.0037523584241502565,0.00678666270119205,0.005628537636225384,0.0090488836015894,0.007504716848300513
full,straddle,section 3,SLV,2008,1,0.07142857142857141,0.07142857142857141,0.07142857142857141,0.07142857142857141,0.07142857142857141,0.07142857142857141,0.07142857142857141,0.07142857142857141,0.0,0.0,0.017857142857142853,0.017857142857142853,0.035714285714285705,0.035714285714285705,0.05357142857142856,0.05357142857142856,0.07142857142857141,0.07142857142857141
full,straddle,section 3,SLV,2009,12,0.04929994890236943,0.017095868431608506,0.023703703703703703,0.04497354497354496,0.05084745762711866,0.06453900709219859,0.06945736434108525,0.0697674418604651,0.0,0.0,0.012324987225592358,0.012711864406779665,0.024649974451184716,0.02542372881355933,0.03697496167677707,0.03813559322033899,0.04929994890236943,0.05084745762711866
full,straddle,section 3,SLV,2010,12,0.011958943118563046,0.006063153770493127,0.006251867226441505,0.00789036544850499,0.012553180314092137,0.013830630511609484,0.017112027927642038,0.019139685476410734,0.0,0.0,0.0029897357796407615,0.003138295078523034,0.005979471559281523,0.006276590157046068,0.008969207338922284,0.009414885235569102,0.011958943118563046,0.012553180314092137
full,straddle,section 3,SLV,2011,12,0.003977260076674607,0.002388513513513478,0.0025051020408163064,0.002601105887381162,0.003566977796993823,0.004873863677850383,0.0059420780351012925,0.006587974836150024,0.0,0.0,0.0009943150191686516,0.0008917444492484558,0.0019886300383373033,0.0017834888984969116,0.0029829450575059547,0.002675233347745367,0.003977260076674607,0.003566977796993823
full,straddle,section 3,SLV,2012,12,0.006898491327534825,0.004903110047846879,0.005043478260869544,0.005744660564454621,0.006116265150381569,0.0070144043183618075,0.008928086197322882,0.011141759127254703,0.0,0.0,0.0017246228318837063,0.0015290662875953923,0.0034492456637674127,0.0030581325751907846,0.005173868495651119,0.0045871988627861765,0.006898491327534825,0.006116265150381569
full,straddle,section 3,SLV,2013,12,0.008141312089213011,0.005309597523219819,0.005441765042208998,0.006474287828338862,0.007413916195288051,0.010120239321382703,0.011226741529020052,0.011359494942248378,0.0,0.0,0.002035328022303253,0.0018534790488220127,0.004070656044606506,0.0037069580976440255,0.006105984066909759,0.005560437146466039,0.008141312089213011,0.007413916195288051
full,straddle,section 3,SLV,2014,12,0.015708586950643685,0.012001434720229532,0.012220423034105836,0.012605704081096694,0.013491983462740737,0.017149450899251958,0.020498448603743388,0.023635288152780102,0.0,0.0,0.003927146737660921,0.0033729958656851843,0.007854293475321843,0.006745991731370369,0.011781440212982764,0.010118987597055554,0.015708586950643685,0.013491983462740737
full,straddle,section 3,SLV,2015,12,0.016911983188086614,0.01278957528957528,0.01355105105105103,0.014237772461456686,0.015756823821339964,0.01938171524158786,0.02116913819041475,0.023156673114119907,0.0,0.0,0.0042279957970216536,0.003939205955334991,0.008455991594043307,0.007878411910669982,0.01268398739106496,0.011817617866004973,0.016911983188086614,0.015756823821339964
full,straddle,section 3,SLV,2016,12,0.02049143488526742,0.012180546726001235,0.01543345543345537,0.0181191973644804,0.022474747474747467,0.023976172747580064,0.025608568646543352,0.025790875790875814,0.0,0.0,0.005122858721316855,0.005618686868686867,0.01024571744263371,0.011237373737373733,0.015368576163950567,0.0168560606060606,0.02049143488526742,0.022474747474747467
full,straddle,section 3,SLV,2017,12,0.01718460871967618,0.01408823529411766,0.014727831431079908,0.01509497964721845,0.016261237440507684,0.01702220923436587,0.019844943300162014,0.024117303764225287,0.0,0.0,0.004296152179919045,0.004065309360126921,0.00859230435983809,0.008130618720253842,0.012888456539757134,0.012195928080380763,0.01718460871967618,0.016261237440507684
full,straddle,section 3,SLV,2018,12,0.01989103585147323,0.016464891041162243,0.016949152542372895,0.017168322618351856,0.018524871355060035,0.021608643457382976,0.02521008403361347,0.02602770838064958,0.0,0.0,0.0049727589628683075,0.004631217838765009,0.009945517925736615,0.009262435677530018,0.014918276888604923,0.013893653516295026,0.01989103585147323,0.018524871355060035
full,straddle,section 3,SLV,2019,12,0.018855994555786817,0.010637254901960793,0.011886936592818951,0.013381888381888385,0.017403147699757884,0.021059782608695628,0.023104145601617814,0.03193963384463136,0.0,0.0,0.004713998638946704,0.004350786924939471,0.009427997277893408,0.008701573849878942,0.014141995916840112,0.013052360774818413,0.018855994555786817,0.017403147699757884
full,straddle,section 3,SLV,2020,12,0.010138004238408467,0.005091374269005852,0.005904183535762484,0.006462175333665611,0.008772604848018478,0.012148008241758237,0.01647962707182321,0.018540105869081034,0.0,0.0,0.002534501059602117,0.0021931512120046195,0.005069002119204234,0.004386302424009239,0.007603503178806351,0.006579453636013859,0.010138004238408467,0.008772604848018478
full,straddle,section 3,SLV,2021,12,0.0072729093016568,0.005381663113006402,0.005727652464494575,0.006149488304093573,0.00759712230215828,0.008097567424643053,0.008511979823455241,0.009215904868078788,0.0,0.0,0.0018182273254142,0.00189928057553957,0.0036364546508284,0.00379856115107914,0.0054546819762426,0.00569784172661871,0.0072729093016568,0.00759712230215828
full,straddle,section 3,SLV,2022,12,0.00870370128463844,0.007007718373493982,0.007818651574803156,0.007874015748031503,0.008166666666666673,0.009617844579469148,0.010694368507381093,0.011008318117265175,0.0,0.0,0.00217592532115961,0.002041666666666668,0.00435185064231922,0.004083333333333336,0.006527775963478831,0.006125000000000005,0.00870370128463844,0.008166666666666673
full,straddle,section 3,SLV,2023,12,0.008644033804448328,0.006904262753319363,0.007447916666666673,0.007858636811023629,0.008457036825578062,0.009111759799833202,0.009655295270330462,0.010941465576280049,0.0,0.0,0.002161008451112082,0.0021142592063945155,0.004322016902224164,0.004228518412789031,0.006483025353336246,0.006342777619183546,0.008644033804448328,0.008457036825578062
full,straddle,section 3,SLV,2024,12,0.0067922872085195846,0.003853017521090205,0.004031245902253531,0.004934834123222753,0.0062150164060992144,0.008430764336276155,0.010584569095207375,0.010832613645285382,0.0,0.0,0.0016980718021298961,0.0015537541015248036,0.0033961436042597923,0.0031075082030496072,0.005094215406389688,0.004661262304574411,0.0067922872085195846,0.0062150164060992144
full,straddle,section 3,SLV,2025,7,0.009881759280648009,0.0067852767088301845,0.007582529465564555,0.008747545331667142,0.009966777408637884,0.011367704976727542,0.012713602187286408,0.012850307587149702,0.0,0.0,0.002470439820162002,0.002491694352159471,0.004940879640324004,0.004983388704318942,0.0074113194604860065,0.007475083056478413,0.009881759280648009,0.009966777408637884
full,straddle,section 3,SLV,ALL,200,0.014555236562143166,0.004156746031746037,0.005427976977521973,0.0072730137058236695,0.01102956084505901,0.0169491525423729,0.02521008403361347,0.04280648429584589,0.0,0.0,0.0036388091405357916,0.0027573902112647524,0.007277618281071583,0.005514780422529505,0.010916427421607375,0.008272170633794257,0.014555236562143166,0.01102956084505901
full,straddle,section 3,UNG,2007,8,0.05385862480850339,0.028114592427328867,0.02890678048307304,0.04237054296839073,0.05349740932642489,0.06616502335236119,0.07621951219512194,0.07977642276422763,0.0,0.0,0.013464656202125848,0.013374352331606222,0.026929312404251695,0.026748704663212445,0.04039396860637754,0.04012305699481867,0.05385862480850339,0.05349740932642489
full,straddle,section 3,UNG,2008,12,0.044522007646869116,0.0290948431301839,0.02980252261434578,0.03284734878069946,0.03856295319709953,0.04828113063407182,0.05596403596403595,0.07643848506233823,0.0,0.0,0.011130501911717279,0.009640738299274882,0.022261003823434558,0.019281476598549764,0.03339150573515184,0.028922214897824646,0.044522007646869116,0.03856295319709953
full,straddle,section 3,UNG,2009,12,0.03155501199277421,0.015309233449477364,0.018452380952380963,0.023809523809523822,0.03372489579386132,0.03830188679245286,0.04313043478260874,0.04534161490683232,0.0,0.0,0.007888752998193553,0.00843122394846533,0.015777505996387105,0.01686244789693066,0.023666258994580656,0.025293671845395993,0.03155501199277421,0.03372489579386132
full,straddle,section 3,UNG,2010,8,0.01565782603493989,0.010249722530521617,0.011065482796892335,0.012434847356664194,0.015165441176470602,0.01760204081632652,0.021485714285714278,0.022742857142857148,0.0,0.0,0.003914456508734973,0.0037913602941176505,0.007828913017469945,0.007582720588235301,0.011743369526204918,0.011374080882352951,0.01565782603493989,0.015165441176470602
full,straddle,section 3,UNG,2011,12,0.017412218353532665,0.01176349684845161,0.012210177657332103,0.012954840805717993,0.01820589208871235,0.021276595744680854,0.022738346597368828,0.023309705561613946,0.0,0.0,0.004353054588383166,0.004551473022178088,0.008706109176766333,0.009102946044356176,0.013059163765149498,0.013654419066534263,0.017412218353532665,0.01820589208871235
full,straddle,section 3,UNG,2012,10,0.0074170907235435925,0.004611254295532651,0.005055841924398631,0.005495385798513207,0.006728114770173037,0.009391369779758628,0.010332335500600613,0.010752759929071246,0.0,0.0,0.0018542726808858981,0.0016820286925432592,0.0037085453617717963,0.0033640573850865184,0.005562818042657694,0.005046086077629778,0.0074170907235435925,0.006728114770173037
full,straddle,section 3,UNG,2013,12,0.010025050355322576,0.006926683716965054,0.0073050289476671625,0.007863736354104561,0.010080712682943159,0.011952191235059773,0.01223816390878203,0.013177037686240114,0.0,0.0,0.002506262588830644,0.0025201781707357897,0.005012525177661288,0.0050403563414715795,0.007518787766491931,0.007560534512207369,0.010025050355322576,0.010080712682943159
full,straddle,section 3,UNG,2014,12,0.017380422686942017,0.006112591605596274,0.006371878207321247,0.006826175490559049,0.008713942307692315,0.028947486535008997,0.037756055363321835,0.04275243787354516,0.0,0.0,0.004345105671735504,0.0021784855769230787,0.008690211343471008,0.0043569711538461574,0.013035317015206513,0.006535456730769236,0.017380422686942017,0.008713942307692315
full,straddle,section 3,UNG,2015,12,0.04241985966919876,0.025533609429754703,0.02772501890915202,0.03086458794510154,0.03764420157862781,0.045272435897435875,0.05208472686733555,0.07143308234151077,0.0,0.0,0.01060496491729969,0.009411050394656952,0.02120992983459938,0.018822100789313904,0.031814894751899074,0.028233151183970857,0.04241985966919876,0.03764420157862781
full,straddle,section 3,UNG,2016,12,0.046217400991949605,0.01970331233489127,0.0233310549100023,0.03146110789422891,0.04526387669495657,0.05716195888350323,0.07060671903727224,0.07933076552720265,0.0,0.0,0.011554350247987401,0.011315969173739143,0.023108700495974802,0.022631938347478286,0.034663050743962205,0.03394790752121743,0.046217400991949605,0.04526387669495657
full,straddle,section 3,UNG,2017,12,0.04570431060811316,0.028212851405622474,0.036376274328081555,0.03902714932126693,0.0458715596330275,0.04861262044483084,0.06386791503070575,0.06571428571428574,0.0,0.0,0.01142607765202829,0.011467889908256874,0.02285215530405658,0.02293577981651375,0.03427823295608487,0.03440366972477062,0.04570431060811316,0.0458715596330275
full,straddle,section 3,UNG,2018,12,0.030395305479499906,0.020061943476577623,0.022325581395348855,0.023586465336713325,0.028043478260869538,0.03233410302930345,0.048516699380990715,0.050750628460448116,0.0,0.0,0.0075988263698749765,0.0070108695652173845,0.015197652739749953,0.014021739130434769,0.02279647910962493,0.021032608695652155,0.030395305479499906,0.028043478260869538
full,straddle,section 3,UNG,2019,12,0.03884983339125438,0.012020493956910152,0.012911410758300719,0.02484051036682615,0.04145189003436427,0.05212418300653596,0.058496732026143805,0.06402233561182248,0.0,0.0,0.009712458347813596,0.010362972508591067,0.01942491669562719,0.020725945017182133,0.029137375043440786,0.0310889175257732,0.03884983339125438,0.04145189003436427
full,straddle,section 3,UNG,2020,12,0.01285398968139109,0.007919964911547853,0.007983721521747011,0.009243292923103838,0.013197586726998504,0.014501432530177083,0.018655520022830493,0.01906871395564611,0.0,0.0,0.0032134974203477727,0.003299396681749626,0.006426994840695545,0.006598793363499252,0.009640492261043318,0.009898190045248879,0.01285398968139109,0.013197586726998504
full,straddle,section 3,UNG,2021,12,0.025677310005327563,0.013590634717395272,0.014146644573322296,0.015581232492997203,0.020266182698124625,0.02849568247235269,0.047367885144078976,0.054980214810627426,0.0,0.0,0.006419327501331891,0.005066545674531156,0.012838655002663782,0.010133091349062312,0.01925798250399567,0.01519963702359347,0.025677310005327563,0.020266182698124625
full,straddle,section 3,UNG,2022,12,0.02117802817165362,0.011663794246321113,0.01269324688987441,0.016843861600608856,0.02017766254146222,0.027187207365629424,0.030646630973370174,0.031488792546813,0.0,0.0,0.005294507042913405,0.005044415635365555,0.01058901408582681,0.01008883127073111,0.015883521128740214,0.015133246906096666,0.02117802817165362,0.02017766254146222
full,straddle,section 3,UNG,2023,12,0.015169192463601162,0.011207430340557286,0.011807747489239606,0.012365550674140259,0.013259571478749555,0.015475373851008382,0.018288288288288306,0.024160340464688287,0.0,0.0,0.0037922981159002906,0.003314892869687389,0.007584596231800581,0.006629785739374778,0.011376894347700872,0.009944678609062167,0.015169192463601162,0.013259571478749555
full,straddle,section 3,UNG,2024,12,0.018259391475043008,0.011918777377053722,0.01307021466905189,0.014799799081515512,0.016763906649616363,0.018846908647301163,0.023850175163317482,0.029607378300263023,0.0,0.0,0.004564847868760752,0.004190976662404091,0.009129695737521504,0.008381953324808181,0.013694543606282257,0.012572929987212272,0.018259391475043008,0.016763906649616363
full,straddle,section 3,UNG,2025,7,0.03686810881777807,0.011915637511983306,0.013479308150260598,0.015612078795950515,0.023121387283237014,0.05300030459945171,0.07168615018823064,0.07953239548246481,0.0,0.0,0.009217027204444518,0.0057803468208092535,0.018434054408889036,0.011560693641618507,0.02765108161333355,0.01734104046242776,0.03686810881777807,0.023121387283237014
full,straddle,section 3,UNG,ALL,213,0.027698644466559164,0.006995045176333437,0.00922624199411455,0.012820512820512832,0.02255639097744363,0.038062283737024256,0.05184926929893374,0.0642718983144515,0.0,0.0,0.006924661116639791,0.005639097744360907,0.013849322233279582,0.011278195488721814,0.020773983349919374,0.01691729323308272,0.027698644466559164,0.02255639097744363
full,straddle,section 3,USO,2007,8,0.045522480111348934,0.022040907069808807,0.026740773677189876,0.031664910432033705,0.04768348127300283,0.05512504402958789,0.06398348813209499,0.07000343997248026,0.0,0.0,0.011380620027837234,0.011920870318250707,0.022761240055674467,0.023841740636501414,0.0341418600835117,0.035762610954752125,0.045522480111348934,0.04768348127300283
full,straddle,section 3,USO,2008,12,0.03445924876282815,0.0180357142857143,0.01830538393645191,0.019417475728155314,0.025779360565551336,0.03723723723723725,0.03978378378378379,0.07481690140845068,0.0,0.0,0.008614812190707038,0.006444840141387834,0.017229624381414076,0.012889680282775668,0.025844436572121113,0.019334520424163504,0.03445924876282815,0.025779360565551336
full,straddle,section 3,USO,2009,12,0.020251495338723172,0.006591170825335898,0.007953905249679902,0.015425888665325294,0.02174027201596384,0.026849315068493158,0.02882668254913635,0.02978818283166108,0.0,0.0,0.005062873834680793,0.00543506800399096,0.010125747669361586,0.01087013600798192,0.01518862150404238,0.016305204011972878,0.020251495338723172,0.02174027201596384
full,straddle,section 3,USO,2010,12,0.008014371046677534,0.005466374269005854,0.005897407366195617,0.006509037245386498,0.007616025004099831,0.009193403930246043,0.010610633173464244,0.011543947193399953,0.0,0.0,0.0020035927616693836,0.0019040062510249577,0.004007185523338767,0.0038080125020499155,0.00601077828500815,0.005712018753074873,0.008014371046677534,0.007616025004099831
full,straddle,section 3,USO,2011,12,0.005622003226448868,0.0033566675598428043,0.003486010830324909,0.0038552829813240795,0.005043191056910574,0.007088032581453641,0.007816243906469476,0.008772557004523064,0.0,0.0,0.001405500806612217,0.0012607977642276435,0.002811001613224434,0.002521595528455287,0.004216502419836651,0.0037823932926829306,0.005622003226448868,0.005043191056910574
full,straddle,section 3,USO,2012,12,0.007118415621184367,0.00431864444077681,0.0045880579406174255,0.005933014354066991,0.006617207654972386,0.008116146594747197,0.010020493553069774,0.010906362545018016,0.0,0.0,0.0017796039052960918,0.0016543019137430965,0.0035592078105921836,0.003308603827486193,0.0053388117158882755,0.00496290574122929,0.007118415621184367,0.006617207654972386
full,straddle,section 3,USO,2013,12,0.0077564096695005615,0.005496600650310367,0.005923048464668891,0.006380019351717444,0.006944779358572448,0.009331714337110976,0.010870502046972645,0.011216369837059488,0.0,0.0,0.0019391024173751404,0.001736194839643112,0.0038782048347502807,0.003472389679286224,0.005817307252125421,0.005208584518929336,0.0077564096695005615,0.006944779358572448
full,straddle,section 3,USO,2014,12,0.009563594461988373,0.007194244604316553,0.007238178922510853,0.007722350434936985,0.008461235733962968,0.010952932361555723,0.011637912047573605,0.013858249991960647,0.0,0.0,0.002390898615497093,0.002115308933490742,0.004781797230994186,0.004230617866981484,0.00717269584649128,0.006345926800472226,0.009563594461988373,0.008461235733962968
full,straddle,section 3,USO,2015,12,0.011207701981358406,0.007199792960662533,0.007451971688574319,0.009378872931398989,0.011399320342409746,0.012783144570286486,0.014172932330827082,0.015115207373271902,0.0,0.0,0.0028019254953396016,0.0028498300856024364,0.005603850990679203,0.005699660171204873,0.008405776486018805,0.00854949025680731,0.011207701981358406,0.011399320342409746
full,straddle,section 3,USO,2016,12,0.016263894420346266,0.009539473684210504,0.010584795321637384,0.012393162393162377,0.016395400925787666,0.019595490716180358,0.02163418290854574,0.023798627002288346,0.0,0.0,0.004065973605086566,0.0040988502314469166,0.008131947210173133,0.008197700462893833,0.0121979208152597,0.01229655069434075,0.016263894420346266,0.016395400925787666
full,straddle,section 3,USO,2017,12,0.023569614420898933,0.015834575260804784,0.016449013614893038,0.017873651771956864,0.023507805325987154,0.027623211446740875,0.031973434535104386,0.03299617277200655,0.0,0.0,0.005892403605224733,0.005876951331496788,0.011784807210449466,0.011753902662993577,0.0176772108156742,0.017630853994490367,0.023569614420898933,0.023507805325987154
full,straddle,section 3,USO,2018,12,0.020714833637545612,0.012436974789915957,0.013058174702010298,0.016468135795116155,0.021972734562951082,0.024542682926829255,0.027270642201834814,0.02857045049979459,0.0,0.0,0.005178708409386403,0.005493183640737771,0.010357416818772806,0.010986367281475541,0.015536125228159208,0.01647955092221331,0.020714833637545612,0.021972734562951082
full,straddle,section 3,USO,2019,12,0.014736281756389644,0.01100933908045978,0.011549646863315336,0.012048192771084338,0.013452509931383184,0.016209767964071864,0.019917212554756206,0.021538941782425432,0.0,0.0,0.003684070439097411,0.003363127482845796,0.007368140878194822,0.006726254965691592,0.011052211317292233,0.010089382448537389,0.014736281756389644,0.013452509931383184
full,straddle,section 3,USO,2020,11,0.017377219830307673,0.008197208197208206,0.010989010989011,0.012392552319047453,0.014981273408239673,0.019175559679851517,0.033259423503325974,0.03329637841832965,0.0,0.0,0.004344304957576918,0.003745318352059918,0.008688609915153836,0.007490636704119836,0.013032914872730755,0.011235955056179754,0.017377219830307673,0.014981273408239673
full,straddle,section 3,USO,2021,12,0.018256252519013944,0.011649525316455692,0.012990578579272863,0.01660862913277449,0.018605428841585774,0.019940244623572193,0.02317400465786849,0.024484171798313845,0.0,0.0,0.004564063129753486,0.004651357210396443,0.009128126259506972,0.009302714420792887,0.013692189389260458,0.01395407163118933,0.018256252519013944,0.018605428841585774
full,straddle,section 3,USO,2022,12,0.017405456735007135,0.013356001663004118,0.013643036912751691,0.015661735893416927,0.017136344992169456,0.018425635667014967,0.02158783995980149,0.022486974202567026,0.0,0.0,0.004351364183751784,0.004284086248042364,0.008702728367503567,0.008568172496084728,0.01305409255125535,0.012852258744127092,0.017405456735007135,0.017136344992169456
full,straddle,section 3,USO,2023,12,0.02084668195415915,0.012797309350379094,0.013645406133317044,0.016436394973868545,0.02013053731664591,0.0251349946376805,0.029789036685588372,0.030743356878573828,0.0,0.0,0.0052116704885397875,0.005032634329161478,0.010423340977079575,0.010065268658322956,0.015635011465619363,0.015097902987484434,0.02084668195415915,0.02013053731664591
full,straddle,section 3,USO,2024,12,0.03618597507709454,0.014784774967607103,0.015258701082041153,0.017941793699998928,0.024150197444181818,0.037667382193601176,0.07395584176632937,0.09648148148148147,0.0,0.0,0.009046493769273635,0.0060375493610454545,0.01809298753854727,0.012075098722090909,0.027139481307820908,0.018112648083136364,0.03618597507709454,0.024150197444181818
full,straddle,section 3,USO,2025,7,0.044980541035753226,0.0232808650995783,0.023305916245668225,0.023833551332476645,0.03939962476547842,0.05327416484580907,0.07399995069263163,0.08599643343368296,0.0,0.0,0.011245135258938306,0.009849906191369604,0.022490270517876613,0.01969981238273921,0.03373540577681492,0.02954971857410881,0.044980541035753226,0.03939962476547842
full,straddle,section 3,USO,ALL,218,0.018962659696442317,0.00518085217755444,0.006398007512657175,0.009718200571547538,0.015927375516416625,0.023255813953488386,0.032051848578582995,0.04104697986577165,0.0,0.0,0.004740664924110579,0.003981843879104156,0.009481329848221158,0.007963687758208313,0.014221994772331738,0.011945531637312469,0.018962659696442317,0.015927375516416625
full,strip,section 3,ALL,2007,16,0.11897409581274142,0.07905615309429821,0.08704743058680434,0.09970777953188216,0.11946707878565355,0.1339309634305594,0.14291596052051542,0.15262406813466345,0.0,0.0,0.029743523953185354,0.029866769696413387,0.05948704790637071,0.05973353939282677,0.08923057185955606,0.08960030908924016,0.11897409581274142,0.11946707878565355
full,strip,section 3,ALL,2008,31,0.08044237638701779,0.04484797419217368,0.04902952009265932,0.06000980365986856,0.07499035748932642,0.08854508355470914,0.11484289826746555,0.15125684750111323,0.0,0.0,0.020110594096754447,0.018747589372331605,0.040221188193508894,0.03749517874466321,0.06033178229026334,0.056242768116994815,0.08044237638701779,0.07499035748932642
full,strip,section 3,ALL,2009,48,0.0793427318481874,0.03603647514390907,0.05104091876059306,0.05952361083845228,0.0690363526088302,0.10160034167773936,0.11533529791370677,0.12855451437529677,0.0,0.0,0.01983568296204685,0.01725908815220755,0.0396713659240937,0.0345181763044151,0.05950704888614054,0.05177726445662265,0.0793427318481874,0.0690363526088302
full,strip,section 3,ALL,2010,45,0.03678957221567604,0.020681862722187378,0.023423661747727403,0.02688347849932707,0.03301491100023257,0.044262386723702876,0.05485019013910403,0.0584078620749664,0.0,0.0,0.00919739305391901,0.008253727750058143,0.01839478610783802,0.016507455500116286,0.02759217916175703,0.02476118325017443,0.03678957221567604,0.03301491100023257
full,strip,section 3,ALL,2011,44,0.02998897746163824,0.01476094829850207,0.018253854622742906,0.02006430618215021,0.025202135780501615,0.031779811571725554,0.046052001507011595,0.06278958048125241,0.0,0.0,0.00749724436540956,0.006300533945125404,0.01499448873081912,0.012601067890250808,0.02249173309622868,0.01890160183537621,0.02998897746163824,0.025202135780501615
full,strip,section 3,ALL,2012,48,0.03374320585477488,0.018974896235676213,0.020270223483537235,0.02571683561299035,0.030718357273020715,0.03724425279762801,0.05109304475447337,0.05768080526314057,0.0,0.0,0.00843580146369372,0.007679589318255179,0.01687160292738744,0.015359178636510358,0.02530740439108116,0.023038767954765536,0.03374320585477488,0.030718357273020715
full,strip,section 3,ALL,2013,48,0.03494769739467576,0.019282707301950575,0.021053658656993202,0.025979177463366455,0.029703864195581374,0.04158007453511463,0.050432063088502954,0.06263065003374102,0.0,0.0,0.00873692434866894,0.0074259660488953435,0.01747384869733788,0.014851932097790687,0.026210773046006816,0.02227789814668603,0.03494769739467576,0.029703864195581374
full,strip,section 3,ALL,2014,48,0.058115690639953026,0.020644674885919822,0.02446595816280221,0.03380581850134595,0.051355402752350315,0.07395670894568857,0.1011814907248329,0.11670410649193545,0.0,0.0,0.014528922659988256,0.012838850688087579,0.029057845319976513,0.025677701376175158,0.04358676797996477,0.03851655206426274,0.058115690639953026,0.051355402752350315
full,strip,section 3,ALL,2015,48,0.06349312439086603,0.030327645044075972,0.03174456787498955,0.0403243399878741,0.051321264784937606,0.08018855458563574,0.11425850210500461,0.11783849560096088,0.0,0.0,0.015873281097716508,0.012830316196234402,0.031746562195433016,0.025660632392468803,0.04761984329314953,0.03849094858870321,0.06349312439086603,0.051321264784937606
full,strip,section 3,ALL,2016,48,0.06209020979184889,0.025127970890626423,0.027471234121664426,0.038685254425996046,0.04880181694133385,0.0831671073001588,0.12152338531884825,0.13113643978409276,0.0,0.0,0.015522552447962223,0.012200454235333462,0.031045104895924446,0.024400908470666925,0.04656765734388667,0.03660136270600039,0.06209020979184889,0.04880181694133385
full,strip,section 3,ALL,2017,45,0.0548467736674408,0.026205598278734418,0.029177912347075383,0.035737383681379756,0.05568756775353627,0.06486755560664939,0.08092481988388803,0.08605529223583329,0.0,0.0,0.0137116934168602,0.013921891938384067,0.0274233868337204,0.027843783876768134,0.0411350802505806,0.0417656758151522,0.0548467736674408,0.05568756775353627
full,strip,section 3,ALL,2018,48,0.05768904689053198,0.031894453845190476,0.03378113523565905,0.04035592949362836,0.05804955977603581,0.06883312856424599,0.07895682434716043,0.09003470137673185,0.0,0.0,0.014422261722632996,0.014512389944008953,0.02884452344526599,0.029024779888017906,0.04326678516789899,0.04353716983202686,0.05768904689053198,0.05804955977603581
full,strip,section 3,ALL,2019,48,0.053324757973307206,0.0158466330391683,0.0232753827171202,0.04132392719962937,0.05322373113526879,0.06502503710578729,0.0766303097727448,0.09436590130389698,0.0,0.0,0.013331189493326802,0.013305932783817198,0.026662378986653603,0.026611865567634396,0.0399935684799804,0.039917798351451594,0.053324757973307206,0.05322373113526879
full,strip,section 3,ALL,2020,48,0.03796638759351376,0.017552383285935245,0.018253224310336297,0.026648113096158565,0.03618159751270882,0.04463436736072904,0.05465038102603688,0.06377587650172163,0.0,0.0,0.00949159689837844,0.009045399378177206,0.01898319379675688,0.01809079875635441,0.028474790695135324,0.027136198134531615,0.03796638759351376,0.03618159751270882
full,strip,section 3,ALL,2021,48,0.04934968668896352,0.020537417291773268,0.022077007616325996,0.0274840718274914,0.043826152180178074,0.05882233732595629,0.07325645205882163,0.08857572716145524,0.0,0.0,0.01233742167224088,0.010956538045044519,0.02467484334448176,0.021913076090089037,0.03701226501672264,0.032869614135133556,0.04934968668896352,0.043826152180178074
full,strip,section 3,ALL,2022,48,0.061185393436930254,0.019030746010736854,0.020120300869959726,0.03287795567057574,0.04452822796577818,0.06947480089898922,0.11063508721982813,0.15422431144881732,0.0,0.0,0.015296348359232563,0.011132056991444546,0.030592696718465127,0.02226411398288909,0.04588904507769769,0.03339617097433364,0.061185393436930254,0.04452822796577818
full,strip,section 3,ALL,2023,48,0.05612861500280277,0.01969050898134042,0.022910526608815724,0.03432853461773905,0.04509818388604604,0.06678337724312464,0.10519715533404839,0.13027993896508683,0.0,0.0,0.014032153750700693,0.01127454597151151,0.028064307501401386,0.02254909194302302,0.04209646125210208,0.033823637914534535,0.05612861500280277,0.04509818388604604
full,strip,section 3,ALL,2024,48,0.08386859008309006,0.017888822775479735,0.019365446933743445,0.02519421832881495,0.061613954872535445,0.1348696819151405,0.1852055680218415,0.2056932376297732,0.0,0.0,0.020967147520772514,0.015403488718133861,0.04193429504154503,0.030806977436267723,0.06290144256231754,0.04621046615440158,0.08386859008309006,0.061613954872535445
full,strip,section 3,ALL,2025,28,0.12321089132198713,0.01972046910704488,0.024881421620670092,0.03215748817492635,0.06482634607397617,0.18708968061475384,0.3218635497949778,0.3611968966455409,0.0,0.0,0.030802722830496784,0.01620658651849404,0.06160544566099357,0.03241317303698808,0.09240816849149035,0.048619759555482124,0.12321089132198713,0.06482634607397617
full,strip,section 3,ALL,ALL,833,0.05809138215529745,0.01920913369712179,0.02233892388592581,0.03006130390857899,0.04629613082279904,0.06883067802445808,0.10925468596741864,0.13324345710222066,0.0,0.0,0.014522845538824363,0.01157403270569976,0.029045691077648726,0.02314806541139952,0.043568536616473086,0.03472209811709928,0.05809138215529745,0.04629613082279904
full,strip,section 3,GLD,2008,7,0.06838158785603837,0.061826835976028074,0.06236158268344562,0.06398365528557029,0.0649545245253124,0.07296067905383634,0.0764042303100048,0.07747003141476859,0.0,0.0,0.017095396964009593,0.0162386311313281,0.034190793928019186,0.0324772622626562,0.05128619089202878,0.0487158933939843,0.06838158785603837,0.0649545245253124
full,strip,section 3,GLD,2009,12,0.06608240494681546,0.02903768169998386,0.03226262043224602,0.05927520108142641,0.0690363526088302,0.07465857493969712,0.07950271212473108,0.09141491337156686,0.0,0.0,0.016520601236703864,0.01725908815220755,0.03304120247340773,0.0345181763044151,0.049561803710111596,0.05177726445662265,0.06608240494681546,0.0690363526088302
full,strip,section 3,GLD,2010,12,0.03407648258922824,0.01944685871374855,0.020394640717719383,0.025700699481361104,0.031513098337196156,0.0404547870579016,0.04792165727438824,0.055554777110256935,0.0,0.0,0.00851912064730706,0.007878274584299039,0.01703824129461412,0.015756549168598078,0.02555736194192118,0.02363482375289712,0.03407648258922824,0.031513098337196156
full,strip,section 3,GLD,2011,12,0.03725008207015231,0.018431836394213467,0.01866301385617431,0.02027745890541144,0.02485220585412925,0.04729554643466531,0.0651240806098858,0.08387621279461688,0.0,0.0,0.009312520517538078,0.006213051463532312,0.018625041035076156,0.012426102927064624,0.027937561552614232,0.018639154390596935,0.03725008207015231,0.02485220585412925
full,strip,section 3,GLD,2012,12,0.033563523768868765,0.01931066188192417,0.020716471202320823,0.025433512109241985,0.034271046413400855,0.03660988991399903,0.046683150335015584,0.053967466892035305,0.0,0.0,0.008390880942217191,0.008567761603350214,0.016781761884434383,0.017135523206700427,0.025172642826651576,0.02570328481005064,0.033563523768868765,0.034271046413400855
full,strip,section 3,GLD,2013,12,0.02645744264087557,0.015989413117510357,0.018296265647871696,0.0193273018609044,0.025709478752202204,0.031006093087662098,0.040890889841812106,0.04164482750473105,0.0,0.0,0.006614360660218892,0.006427369688050551,0.013228721320437785,0.012854739376101102,0.019843081980656676,0.019282109064151655,0.02645744264087557,0.025709478752202204
full,strip,section 3,GLD,2014,12,0.027366032729323822,0.01869932485386061,0.018916795214328798,0.02112028047943322,0.025939382754973872,0.03320066169471466,0.036680504916130764,0.03887569128347035,0.0,0.0,0.0068415081823309555,0.006484845688743468,0.013683016364661911,0.012969691377486936,0.020524524546992867,0.019454537066230404,0.027366032729323822,0.025939382754973872
full,strip,section 3,GLD,2015,12,0.03666201290319845,0.026144927637032835,0.028475309527944657,0.03128578859470536,0.03690126800619474,0.04090840767894524,0.04662276919981947,0.04911317437450878,0.0,0.0,0.009165503225799612,0.009225317001548685,0.018331006451599224,0.01845063400309737,0.027496509677398834,0.027675951004646055,0.03666201290319845,0.03690126800619474
full,strip,section 3,GLD,2016,12,0.02974921055759924,0.022554235728040547,0.02413821235032072,0.025833037419273223,0.028615619540358357,0.03476568210231065,0.03678493577730317,0.037999236722497394,0.0,0.0,0.00743730263939981,0.007153904885089589,0.01487460527879962,0.014307809770179179,0.02231190791819943,0.02146171465526877,0.02974921055759924,0.028615619540358357
full,strip,section 3,GLD,2017,12,0.029232594293349543,0.022098869712212817,0.023952922868790454,0.027826347422100887,0.03016214724182728,0.03126883331492118,0.03449055377055388,0.03521375132348898,0.0,0.0,0.007308148573337386,0.00754053681045682,0.014616297146674772,0.01508107362091364,0.02192444572001216,0.02262161043137046,0.029232594293349543,0.03016214724182728
full,strip,section 3,GLD,2018,12,0.03536683370261371,0.02929693111313002,0.029838206188414644,0.03249599111480564,0.03533840373663848,0.03854872359681141,0.04039727290933711,0.04103103922567327,0.0,0.0,0.008841708425653428,0.00883460093415962,0.017683416851306855,0.01766920186831924,0.026525125276960285,0.026503802802478858,0.03536683370261371,0.03533840373663848
full,strip,section 3,GLD,2019,12,0.025650635997725824,0.014354811494257807,0.014601113633954953,0.015852391056295097,0.025867103375634436,0.030487944215803253,0.03452250887047175,0.04156721553717008,0.0,0.0,0.006412658999431456,0.006466775843908609,0.012825317998862912,0.012933551687817218,0.019237976998294368,0.019400327531725825,0.025650635997725824,0.025867103375634436
full,strip,section 3,GLD,2020,12,0.02089132881952965,0.01586391691445642,0.016037121002529266,0.017754588828962137,0.018600656018784863,0.02258733449108602,0.0292275479906474,0.02973023322135731,0.0,0.0,0.005222832204882412,0.004650164004696216,0.010445664409764825,0.009300328009392431,0.015668496614647236,0.013950492014088647,0.02089132881952965,0.018600656018784863
full,strip,section 3,GLD,2021,12,0.023662994594076284,0.019728248313633238,0.020140036346742815,0.021612093419739006,0.023083099392400767,0.026299129778989877,0.026932904611613198,0.02770482626199175,0.0,0.0,0.005915748648519071,0.005770774848100192,0.011831497297038142,0.011541549696200384,0.017747245945557214,0.017312324544300574,0.023662994594076284,0.023083099392400767
full,strip,section 3,GLD,2022,12,0.021459881374725463,0.016958849841741265,0.0175991907916706,0.019597579627116436,0.02031195473916569,0.022360420664283863,0.026401041097207888,0.028702525658702585,0.0,0.0,0.005364970343681366,0.005077988684791423,0.010729940687362731,0.010155977369582845,0.016094911031044098,0.015233966054374267,0.021459881374725463,0.02031195473916569
full,strip,section 3,GLD,2023,12,0.023058370612578278,0.01726834238907331,0.018552641371054085,0.02081367595895227,0.02334489432848739,0.02402918540181756,0.028826470164246318,0.03052094596785717,0.0,0.0,0.0057645926531445695,0.005836223582121848,0.011529185306289139,0.011672447164243696,0.01729377795943371,0.017508670746365543,0.023058370612578278,0.02334489432848739
full,strip,section 3,GLD,2024,12,0.02308465720652138,0.01699885866710027,0.017643153610715813,0.019421006234966467,0.02095494760911648,0.024128721324708703,0.03347926973808252,0.035010300538480345,0.0,0.0,0.005771164301630345,0.00523873690227912,0.01154232860326069,0.01047747380455824,0.017313492904891037,0.01571621070683736,0.02308465720652138,0.02095494760911648
full,strip,section 3,GLD,2025,7,0.024578576608184497,0.016396650547966903,0.016938884498441508,0.02060272882474655,0.025454776079349224,0.029140755654507834,0.03093322644442686,0.031093550533184026,0.0,0.0,0.006144644152046124,0.006363694019837306,0.012289288304092249,0.012727388039674612,0.018433932456138374,0.01909108205951192,0.024578576608184497,0.025454776079349224
full,strip,section 3,GLD,ALL,206,0.03191308260648419,0.01659242706151444,0.01844284011065119,0.020831776685967793,0.027554131579146386,0.03567132169732114,0.05488885606804049,0.06879081024027398,0.0,0.0,0.007978270651621048,0.0068885328947865965,0.015956541303242096,0.013777065789573193,0.023934811954863144,0.02066559868435979,0.03191308260648419,0.027554131579146386
full,strip,section 3,SLV,2008,1,0.14351795921835778,0.14351795921835778,0.14351795921835778,0.14351795921835778,0.14351795921835778,0.14351795921835778,0.14351795921835778,0.14351795921835778,0.0,0.0,0.035879489804589444,0.035879489804589444,0.07175897960917889,0.07175897960917889,0.10763846941376834,0.10763846941376834,0.14351795921835778,0.14351795921835778
full,strip,section 3,SLV,2009,12,0.10814596340342014,0.054618694516633676,0.0625894748888355,0.09833659517158316,0.10806284329625551,0.12844096389803372,0.13964817980669125,0.1518050859664243,0.0,0.0,0.027036490850855036,0.027015710824063878,0.05407298170171007,0.054031421648127756,0.0811094725525651,0.08104713247219164,0.10814596340342014,0.10806284329625551
full,strip,section 3,SLV,2010,12,0.043117686241802324,0.02053433235093777,0.023754676500458153,0.032716654369022234,0.042468984338550834,0.05420529684853179,0.05623046353969836,0.06408213171791721,0.0,0.0,0.010779421560450581,0.010617246084637709,0.021558843120901162,0.021234492169275417,0.032338264681351744,0.031851738253913124,0.043117686241802324,0.042468984338550834
full,strip,section 3,SLV,2011,12,0.025422655106136168,0.013167971908096767,0.01397244383316786,0.019687609579961563,0.02456519686710562,0.03075261787828866,0.035981469414639346,0.03889487152756194,0.0,0.0,0.006355663776534042,0.006141299216776405,0.012711327553068084,0.01228259843355281,0.019066991329602125,0.018423897650329216,0.025422655106136168,0.02456519686710562
full,strip,section 3,SLV,2012,12,0.04444928645294163,0.03259271166070399,0.034115153035645183,0.035335350159352595,0.04391044246708729,0.04893589492617439,0.05881942702250405,0.06205022131559921,0.0,0.0,0.011112321613235408,0.010977610616771823,0.022224643226470817,0.021955221233543647,0.033336964839706225,0.03293283185031547,0.04444928645294163,0.04391044246708729
full,strip,section 3,SLV,2013,12,0.04111996293014124,0.03051571870159778,0.03422074516533874,0.03618242120521828,0.0408554319431534,0.044589915180313994,0.04720163240816,0.05429782863688405,0.0,0.0,0.01027999073253531,0.01021385798578835,0.02055998146507062,0.0204277159715767,0.03083997219760593,0.03064157395736505,0.04111996293014124,0.0408554319431534
full,strip,section 3,SLV,2014,12,0.05581489364214565,0.04487412348256822,0.048553114381688384,0.05085986079890167,0.05567802446509676,0.061447330052106126,0.06373767959719136,0.06602055833185223,0.0,0.0,0.013953723410536413,0.01391950611627419,0.027907446821072827,0.02783901223254838,0.04186117023160924,0.04175851834882257,0.05581489364214565,0.05567802446509676
full,strip,section 3,SLV,2015,12,0.058143522453523465,0.04952246060869392,0.04979655921555509,0.050756176865936815,0.054057698528731664,0.060874671653518876,0.07657345305927558,0.07784327652857878,0.0,0.0,0.014535880613380866,0.013514424632182916,0.029071761226761732,0.027028849264365832,0.0436076418401426,0.04054327389654875,0.058143522453523465,0.054057698528731664
full,strip,section 3,SLV,2016,12,0.05520163312209272,0.04374392731617981,0.04536185867916047,0.047437059488930435,0.056867005544286364,0.060263397513236214,0.06572058288270048,0.0679003618372416,0.0,0.0,0.01380040828052318,0.014216751386071591,0.02760081656104636,0.028433502772143182,0.04140122484156954,0.04265025415821477,0.05520163312209272,0.056867005544286364
full,strip,section 3,SLV,2017,12,0.05744508723257888,0.0490202471545162,0.051657863681553506,0.05476276375731406,0.05717944839822002,0.061429039272745845,0.062024955533857326,0.06475849005113533,0.0,0.0,0.01436127180814472,0.014294862099555005,0.02872254361628944,0.02858972419911001,0.04308381542443416,0.04288458629866501,0.05744508723257888,0.05717944839822002
full,strip,section 3,SLV,2018,12,0.06424162116648006,0.051739675462976586,0.05316581828977045,0.05810097288809146,0.06253552307901468,0.07088216346766256,0.07300413320839988,0.07876924923265699,0.0,0.0,0.016060405291620016,0.01563388076975367,0.03212081058324003,0.03126776153950734,0.048181215874860045,0.04690164230926101,0.06424162116648006,0.06253552307901468
full,strip,section 3,SLV,2019,12,0.05442418212407452,0.04234291164545078,0.04307534347336063,0.04608422799777698,0.05386603044985462,0.062382279428921876,0.06460058406140268,0.0669298675516819,0.0,0.0,0.01360604553101863,0.013466507612463655,0.02721209106203726,0.02693301522492731,0.040818136593055894,0.04039952283739097,0.05442418212407452,0.05386603044985462
full,strip,section 3,SLV,2020,12,0.04026781908522153,0.02714005932049791,0.02817703641454069,0.03294325404878293,0.04117774875293101,0.045019977286110194,0.05271475494088655,0.05356066214970559,0.0,0.0,0.010066954771305382,0.010294437188232752,0.020133909542610764,0.020588874376465505,0.030200864313916144,0.030883311564698257,0.04026781908522153,0.04117774875293101
full,strip,section 3,SLV,2021,12,0.03985679279737434,0.02489284897735815,0.02861205392068414,0.03657221243112251,0.043826152180178074,0.04547452827228313,0.04621774432586152,0.047980100210429664,0.0,0.0,0.009964198199343586,0.010956538045044519,0.01992839639868717,0.021913076090089037,0.02989259459803076,0.032869614135133556,0.03985679279737434,0.043826152180178074
full,strip,section 3,SLV,2022,12,0.04250214449706594,0.03564507340571027,0.03675068901070422,0.038925973217442,0.04215433084647601,0.04450641304740655,0.04687942022934663,0.05084887661455521,0.0,0.0,0.010625536124266486,0.010538582711619003,0.02125107224853297,0.021077165423238006,0.03187660837279946,0.03161574813485701,0.04250214449706594,0.04215433084647601
full,strip,section 3,SLV,2023,12,0.040975326123538686,0.037166755074742694,0.038880177881250554,0.0400885182747102,0.04076522915870476,0.04290455185787378,0.04369884063131009,0.04393212916124118,0.0,0.0,0.010243831530884671,0.01019130728967619,0.020487663061769343,0.02038261457935238,0.030731494592654014,0.03057392186902857,0.040975326123538686,0.04076522915870476
full,strip,section 3,SLV,2024,12,0.03321643333691256,0.018092597366666463,0.01895035809143042,0.026177603952054956,0.030849432566921985,0.039805123790824244,0.050354240769952,0.051405127468046756,0.0,0.0,0.00830410833422814,0.007712358141730496,0.01660821666845628,0.015424716283460992,0.024912325002684418,0.023137074425191487,0.03321643333691256,0.030849432566921985
full,strip,section 3,SLV,2025,7,0.03597431391469296,0.03269717576922413,0.03293565884586019,0.0339278348855582,0.034930652797893744,0.035824059349785574,0.03996202946325325,0.042444546452467286,0.0,0.0,0.00899357847867324,0.008732663199473436,0.01798715695734648,0.017465326398946872,0.02698073543601972,0.026197989598420308,0.03597431391469296,0.034930652797893744
full,strip,section 3,SLV,ALL,200,0.050237391366033037,0.02317266970249682,0.028722595404527144,0.03835649448380188,0.04625606126753545,0.05793456588378962,0.06874468626479795,0.0926326928638931,0.0,0.0,0.012559347841508259,0.011564015316883863,0.025118695683016518,0.023128030633767727,0.03767804352452478,0.03469204595065159,0.050237391366033037,0.04625606126753545
full,strip,section 3,UNG,2007,8,0.11847917374858204,0.08366030781110889,0.0918469752928194,0.11113677133082239,0.12533135963488626,0.1339309634305594,0.13730093530836018,0.13743795748129017,0.0,0.0,0.02961979343714551,0.031332839908721564,0.05923958687429102,0.06266567981744313,0.08885938031143653,0.09399851972616469,0.11847917374858204,0.12533135963488626
full,strip,section 3,UNG,2008,11,0.09749951593309394,0.08218590048972588,0.08256870815033793,0.08478038600268853,0.08817355571096767,0.09567080115629784,0.11484289826746555,0.14158512440995547,0.0,0.0,0.024374878983273486,0.02204338892774192,0.04874975796654697,0.04408677785548384,0.07312463694982047,0.06613016678322575,0.09749951593309394,0.08817355571096767
full,strip,section 3,UNG,2009,12,0.08645006647310068,0.05639508053420139,0.06326582238923967,0.06807159498200062,0.09285562124487917,0.10161763083343915,0.10651613286461152,0.11092308108034465,0.0,0.0,0.02161251661827517,0.023213905311219793,0.04322503323655034,0.046427810622439586,0.06483754985482551,0.06964171593365938,0.08645006647310068,0.09285562124487917
full,strip,section 3,UNG,2010,9,0.04247478516148202,0.031676003706706764,0.03252047958629146,0.03301491100023257,0.044262386723702876,0.045443005557525916,0.051014284783320964,0.05497431418359269,0.0,0.0,0.010618696290370506,0.011065596680925719,0.02123739258074101,0.022131193361851438,0.03185608887111152,0.03319679004277716,0.04247478516148202,0.044262386723702876
full,strip,section 3,UNG,2011,8,0.037046632566675716,0.026956113516241963,0.028323068565082803,0.0301996938200825,0.03191010251238308,0.03869653657108134,0.05151223663175965,0.05822185277524573,0.0,0.0,0.009261658141668929,0.00797752562809577,0.018523316283337858,0.01595505125619154,0.027784974425006787,0.023932576884287314,0.037046632566675716,0.03191010251238308
full,strip,section 3,UNG,2012,12,0.026102821418233058,0.017918682251537536,0.01855106641430446,0.0201517806268584,0.021857174473221042,0.02947856411737464,0.03340057375414983,0.043131936644660564,0.0,0.0,0.006525705354558264,0.0054642936183052606,0.013051410709116529,0.010928587236610521,0.019577116063674793,0.016392880854915783,0.026102821418233058,0.021857174473221042
full,strip,section 3,UNG,2013,12,0.026528881624667235,0.022919570385087105,0.023966687240202986,0.025520137784536545,0.026342785278064603,0.027590120280021366,0.028068460525686074,0.030333397319813733,0.0,0.0,0.006632220406166809,0.006585696319516151,0.013264440812333618,0.013171392639032302,0.019896661218500426,0.01975708895854845,0.026528881624667235,0.026342785278064603
full,strip,section 3,UNG,2014,12,0.06530290055439376,0.02963624582753056,0.031584870266211665,0.044299159943887466,0.05307501570192696,0.09096102583777918,0.10068247948214787,0.1084224882316226,0.0,0.0,0.01632572513859844,0.01326875392548174,0.03265145027719688,0.02653750785096348,0.048977175415795327,0.039806261776445216,0.06530290055439376,0.05307501570192696
full,strip,section 3,UNG,2015,12,0.11136462344455868,0.08705820755957265,0.0886510564334771,0.09702210837578773,0.1133230744167017,0.11746383009774601,0.13724692316649556,0.14051098124271433,0.0,0.0,0.02784115586113967,0.028330768604175424,0.05568231172227934,0.05666153720835085,0.08352346758341901,0.08499230581252627,0.11136462344455868,0.1133230744167017
full,strip,section 3,UNG,2016,12,0.11471313771581826,0.08356039806412528,0.08550524843156412,0.10487174269520412,0.11536755640805538,0.129588951005907,0.13329443659017684,0.13739491920762248,0.0,0.0,0.028678284428954565,0.028841889102013844,0.05735656885790913,0.05768377820402769,0.0860348532868637,0.08652566730604153,0.11471313771581826,0.11536755640805538
full,strip,section 3,UNG,2017,9,0.07752245474779003,0.060077460425456926,0.061018111275438325,0.06486755560664939,0.0805820977805385,0.08691590644801016,0.09391609393922329,0.09943126720969167,0.0,0.0,0.019380613686947507,0.020145524445134625,0.038761227373895014,0.04029104889026925,0.058141841060842525,0.06043657333540388,0.07752245474779003,0.0805820977805385
full,strip,section 3,UNG,2018,12,0.07254142901930506,0.05450995312312087,0.05501186575748894,0.060416423522634904,0.06566671735531088,0.07862025625453106,0.0936254997203938,0.10820692412109469,0.0,0.0,0.018135357254826266,0.01641667933882772,0.03627071450965253,0.03283335867765544,0.0544060717644788,0.04925003801648316,0.07254142901930506,0.06566671735531088
full,strip,section 3,UNG,2019,12,0.07631566092726828,0.042706929235732514,0.04569316333195266,0.0691511098722103,0.07609895979823453,0.08813422496197365,0.10154321515515036,0.10516288749965236,0.0,0.0,0.01907891523181707,0.019024739949558632,0.03815783046363414,0.038049479899117264,0.057236745695451216,0.057074219848675896,0.07631566092726828,0.07609895979823453
full,strip,section 3,UNG,2020,12,0.03768652923481265,0.025639432270664595,0.028465697755693603,0.029519606732971524,0.03242177774231765,0.0454793384743604,0.054373135650294835,0.05477790470860254,0.0,0.0,0.009421632308703163,0.008105444435579413,0.018843264617406326,0.016210888871158825,0.02826489692610949,0.024316333306738238,0.03768652923481265,0.03242177774231765
full,strip,section 3,UNG,2021,12,0.058402074431450984,0.03390697006998836,0.03947097771075074,0.04536875406413102,0.059850368119956136,0.06696587747655032,0.07808113514380753,0.0888280478404991,0.0,0.0,0.014600518607862746,0.014962592029989034,0.029201037215725492,0.029925184059978068,0.04380155582358824,0.0448877760899671,0.058402074431450984,0.059850368119956136
full,strip,section 3,UNG,2022,12,0.07623116578998494,0.03966837959880847,0.04202148179884932,0.04699576389773914,0.05408930605890287,0.08362760681998693,0.09015041914792107,0.16652252643547,0.0,0.0,0.019057791447496236,0.013522326514725718,0.03811558289499247,0.027044653029451436,0.0571733743424887,0.04056697954417715,0.07623116578998494,0.05408930605890287
full,strip,section 3,UNG,2023,12,0.058564590413761636,0.04708559274833537,0.048069210886845216,0.04965865308781362,0.05557192139916689,0.06519252041179231,0.07233255815066422,0.07473773431045752,0.0,0.0,0.014641147603440409,0.013892980349791723,0.029282295206880818,0.027785960699583445,0.04392344281032123,0.04167894104937517,0.058564590413761636,0.05557192139916689
full,strip,section 3,UNG,2024,12,0.1419439103673242,0.08215681816189402,0.08619610735830377,0.12136167551896336,0.13965334514395464,0.16861020918194294,0.19321864474679915,0.19751347451380102,0.0,0.0,0.03548597759183105,0.03491333628598866,0.0709719551836621,0.06982667257197732,0.10645793277549315,0.10474000885796597,0.1419439103673242,0.13965334514395464
full,strip,section 3,UNG,2025,7,0.1916649115150167,0.08929945847976499,0.09387328825325897,0.11536664361116956,0.17829071642279407,0.226514135398697,0.301675609546584,0.3482760435014512,0.0,0.0,0.04791622787875417,0.044572679105698516,0.09583245575750834,0.08914535821139703,0.14374868363626253,0.13371803731709556,0.1916649115150167,0.17829071642279407
full,strip,section 3,UNG,ALL,208,0.07771203924303276,0.025047765857313282,0.02792870328332676,0.044320123624118274,0.06830808776003983,0.10074909231839205,0.13259738132457113,0.14657491701505615,0.0,0.0,0.01942800981075819,0.017077021940009957,0.03885601962151638,0.03415404388001991,0.058284029432274564,0.05123106582002987,0.07771203924303276,0.06830808776003983
full,strip,section 3,USO,2007,8,0.1194690178769008,0.08500829861554247,0.08976627321515347,0.09845288410915864,0.11883301002752854,0.13457913954309456,0.153497493484234,0.15961147093122782,0.0,0.0,0.0298672544692252,0.029708252506882134,0.0597345089384504,0.05941650501376427,0.0896017634076756,0.0891247575206464,0.1194690178769008,0.11883301002752854
full,strip,section 3,USO,2008,12,0.0665858265435743,0.04292904555106721,0.043702612840613095,0.04834205903990059,0.05508597377735004,0.07439532805402359,0.08827008019061892,0.1209081638171047,0.0,0.0,0.016646456635893574,0.01377149344433751,0.03329291327178715,0.02754298688867502,0.04993936990768072,0.041314480333012535,0.0665858265435743,0.05508597377735004
full,strip,section 3,USO,2009,12,0.05669249256941334,0.04084899291761096,0.05203669043915248,0.05550091152004413,0.05939216697435719,0.06170578452385008,0.0630023330501254,0.06461949476226857,0.0,0.0,0.014173123142353335,0.014848041743589297,0.02834624628470667,0.029696083487178594,0.04251936942706001,0.044544125230767895,0.05669249256941334,0.05939216697435719
full,strip,section 3,USO,2010,12,0.02891063810664307,0.024468164847314143,0.02534279241259918,0.026243234587926437,0.027230029908144104,0.029888113609787506,0.03250872810340375,0.03700767277642805,0.0,0.0,0.007227659526660767,0.006807507477036026,0.014455319053321534,0.013615014954072052,0.0216829785799823,0.02042252243110808,0.02891063810664307,0.027230029908144104
full,strip,section 3,USO,2011,12,0.02258909180526795,0.015846398330624924,0.01730986586037207,0.019553033114694755,0.022114768810923592,0.02545520076279199,0.029909150312325928,0.030878304486713932,0.0,0.0,0.005647272951316988,0.005528692202730898,0.011294545902633976,0.011057384405461796,0.016941818853950963,0.016586076608192696,0.02258909180526795,0.022114768810923592
full,strip,section 3,USO,2012,12,0.030857191779056076,0.025281891163869155,0.025735097282499935,0.02693381164824373,0.029985192411841326,0.0308389599314212,0.03618793174789861,0.04266838671319676,0.0,0.0,0.007714297944764019,0.007496298102960331,0.015428595889528038,0.014992596205920663,0.023142893834292057,0.022488894308880993,0.030857191779056076,0.029985192411841326
full,strip,section 3,USO,2013,12,0.045684502383019,0.027252367549979117,0.027688680754607183,0.02947484090164033,0.03592384113438428,0.05876195912015565,0.07314689560642308,0.08315930115157041,0.0,0.0,0.01142112559575475,0.00898096028359607,0.0228422511915095,0.01796192056719214,0.03426337678726425,0.02694288085078821,0.045684502383019,0.03592384113438428
full,strip,section 3,USO,2014,12,0.08397893563394883,0.04335044176070721,0.050565293184513214,0.06616288805920742,0.08247013621352284,0.10481039554371338,0.11796704949250296,0.12323885501861995,0.0,0.0,0.020994733908487207,0.02061753405338071,0.041989467816974414,0.04123506810676142,0.06298420172546162,0.06185260216014213,0.08397893563394883,0.08247013621352284
full,strip,section 3,USO,2015,12,0.04780233876218356,0.03296448506902604,0.03532938759749335,0.03832004367543151,0.04546015171683783,0.057970308122069075,0.06032482973636052,0.06557947977986463,0.0,0.0,0.01195058469054589,0.011365037929209457,0.02390116938109178,0.022730075858418915,0.03585175407163767,0.034095113787628376,0.04780233876218356,0.04546015171683783
full,strip,section 3,USO,2016,12,0.04869685777188537,0.03823734082304497,0.03944082078880305,0.04119907483080559,0.04416922741187486,0.05087099783259097,0.053783889147175475,0.07124144897637882,0.0,0.0,0.012174214442971343,0.011042306852968715,0.024348428885942686,0.02208461370593743,0.03652264332891403,0.03312692055890615,0.04869685777188537,0.04416922741187486
full,strip,section 3,USO,2017,12,0.06085587866613205,0.047657723807883474,0.048752218610029104,0.052571912002252016,0.056024682906110915,0.07079111920182496,0.07710588175704862,0.07959778793770694,0.0,0.0,0.015213969666533012,0.014006170726527729,0.030427939333066024,0.028012341453055457,0.04564190899959904,0.04201851217958319,0.06085587866613205,0.056024682906110915
full,strip,section 3,USO,2018,12,0.05860630367372912,0.03872107904934479,0.039394936231831115,0.047151398567688574,0.05946087290429843,0.06883486181502427,0.06970555469567215,0.07997658075540774,0.0,0.0,0.01465157591843228,0.014865218226074608,0.02930315183686456,0.029730436452149216,0.04395472775529684,0.04459565467822382,0.05860630367372912,0.05946087290429843
full,strip,section 3,USO,2019,12,0.056908552844160215,0.04761201102101328,0.04855626518589147,0.049962961248795804,0.05691955774666144,0.06068106846507128,0.0659902408922785,0.06841971595820784,0.0,0.0,0.014227138211040054,0.01422988943666536,0.028454276422080108,0.02845977887333072,0.04268141463312016,0.04268966830999608,0.056908552844160215,0.05691955774666144
full,strip,section 3,USO,2020,12,0.0530198732344912,0.031610258021896584,0.03859962721269331,0.041387896097398444,0.044698549912205364,0.0636704959335736,0.08788322892555499,0.09333583319606552,0.0,0.0,0.0132549683086228,0.011174637478051341,0.0265099366172456,0.022349274956102682,0.0397649049258684,0.03352391243415402,0.0530198732344912,0.044698549912205364
full,strip,section 3,USO,2021,12,0.07547688493295246,0.03504649307371799,0.038455020367459056,0.04387350623878475,0.058214698417931095,0.0742331422321883,0.0900231169539059,0.16876023035539017,0.0,0.0,0.018869221233238115,0.014553674604482774,0.03773844246647623,0.029107349208965547,0.056607663699714345,0.04366102381344832,0.07547688493295246,0.058214698417931095
full,strip,section 3,USO,2022,12,0.10454838208594468,0.04410640724418999,0.05365532348633347,0.06613435004865173,0.08738355732216842,0.11539039625327345,0.16715263661055932,0.21827552290508045,0.0,0.0,0.02613709552148617,0.021845889330542104,0.05227419104297234,0.04369177866108421,0.0784112865644585,0.06553766799162632,0.10454838208594468,0.08738355732216842
full,strip,section 3,USO,2023,12,0.10191617286133246,0.06418636880373335,0.06474048789039591,0.07073655134289239,0.09388958199919742,0.12679147673314375,0.14332734201899375,0.1589500221123881,0.0,0.0,0.025479043215333116,0.023472395499799355,0.05095808643066623,0.04694479099959871,0.07643712964599934,0.07041718649939807,0.10191617286133246,0.09388958199919742
full,strip,section 3,USO,2024,12,0.1372293594216021,0.07493537917872761,0.07869626734117899,0.08445990140074974,0.12361817557284668,0.17447398607713377,0.21687297633371075,0.22896900698872574,0.0,0.0,0.03430733985540053,0.03090454389321167,0.06861467971080105,0.06180908778642334,0.10292201956620159,0.092713631679635,0.1372293594216021,0.12361817557284668
full,strip,section 3,USO,2025,7,0.24062576325005441,0.12883486167702993,0.1292178939097201,0.14951533754970606,0.2307140952775812,0.32255906916979715,0.347004962399889,0.36403528349467135,0.0,0.0,0.060156440812513604,0.0576785238193953,0.12031288162502721,0.1153570476387906,0.18046932243754082,0.17303557145818588,0.24062576325005441,0.2307140952775812
full,strip,section 3,USO,ALL,219,0.07125316841401651,0.025247191098260045,0.027278187815702768,0.03926312772922627,0.05750315885667332,0.0791661578931278,0.12945177054170479,0.16960426105902018,0.0,0.0,0.017813292103504127,0.01437578971416833,0.035626584207008254,0.02875157942833666,0.05343987631051238,0.04312736914250499,0.07125316841401651,0.05750315885667332
full,strip,section 3 and rule 2 floor,ALL,2007,8,0.11297395930674385,0.07714547961968497,0.07881731890997157,0.09505433082372222,0.11630920448436943,0.13181077612928263,0.14050552382813739,0.14438123260747404,0.0,0.0,0.028243489826685963,0.029077301121092358,0.056486979653371926,0.058154602242184716,0.08473046948005789,0.08723190336327707,0.11297395930674385,0.11630920448436943
full,strip,section 3 and rule 2 floor,ALL,2008,23,0.06864118360325641,0.043702612840613095,0.04682964472383139,0.05508597377735004,0.0649545245253124,0.08351030615210125,0.08957980622785569,0.08989226553319947,0.0,0.0,0.017160295900814103,0.0162386311313281,0.034320591801628206,0.0324772622626562,0.05148088770244231,0.0487158933939843,0.06864118360325641,0.0649545245253124
full,strip,section 3 and rule 2 floor,ALL,2009,24,0.061387448758114395,0.028739495149261687,0.03614857577513101,0.057805784479250034,0.06134038419857422,0.06893351531664414,0.07639840634897092,0.07939468889308787,0.0,0.0,0.015346862189528599,0.015335096049643554,0.030693724379057197,0.03067019209928711,0.0460405865685858,0.046005288148930665,0.061387448758114395,0.06134038419857422
full,strip,section 3 and rule 2 floor,ALL,2010,24,0.031548487296882546,0.020524898126704837,0.023273417809399267,0.026171333602848332,0.028277695585000418,0.035640976721240426,0.04195198016823634,0.047714109022875296,0.0,0.0,0.007887121824220637,0.0070694238962501045,0.015774243648441273,0.014138847792500209,0.02366136547266191,0.021208271688750314,0.031548487296882546,0.028277695585000418
full,strip,section 3 and rule 2 floor,ALL,2011,36,0.02842060966051881,0.014137184442415823,0.017641970776979165,0.019553033114694755,0.024377591963123585,0.029495629462441303,0.04427540940267916,0.05467217598581803,0.0,0.0,0.007105152415129702,0.006094397990780896,0.014210304830259405,0.012188795981561792,0.021315457245389108,0.01828319397234269,0.02842060966051881,0.024377591963123585
full,strip,section 3 and rule 2 floor,ALL,2012,38,0.03537113891702579,0.019929522538777233,0.021597365826022077,0.027398641766075503,0.033630846358988456,0.040652297717591435,0.05109304475447337,0.059703156913796775,0.0,0.0,0.008842784729256448,0.008407711589747114,0.017685569458512896,0.016815423179494228,0.026528354187769346,0.025223134769241342,0.03537113891702579,0.033630846358988456
full,strip,section 3 and rule 2 floor,ALL,2013,33,0.03824197094141078,0.018822610878424073,0.019371318193240658,0.02762255058584717,0.035416698510274174,0.04426479059314063,0.06143817472630617,0.06738513659452805,0.0,0.0,0.009560492735352696,0.008854174627568543,0.01912098547070539,0.017708349255137087,0.028681478206058087,0.02656252388270563,0.03824197094141078,0.035416698510274174
full,strip,section 3 and rule 2 floor,ALL,2014,38,0.05907588368418771,0.020009899195384463,0.02301513436503623,0.03320066169471466,0.055094215824357626,0.07434056089221472,0.1055899811460611,0.11736205054936497,0.0,0.0,0.014768970921046927,0.013773553956089406,0.029537941842093855,0.027547107912178813,0.044306912763140784,0.041320661868268216,0.05907588368418771,0.055094215824357626
full,strip,section 3 and rule 2 floor,ALL,2015,28,0.046279853423961216,0.02897484559648188,0.030381650713473287,0.03536481157693484,0.043549956804059,0.05122700620763764,0.05944593003568327,0.06784977611766813,0.0,0.0,0.011569963355990304,0.01088748920101475,0.023139926711980608,0.0217749784020295,0.034709890067970914,0.032662467603044254,0.046279853423961216,0.043549956804059
full,strip,section 3 and rule 2 floor,ALL,2016,16,0.03444187127829414,0.023239814210647056,0.02430391249598283,0.02679215902735357,0.032949637033715784,0.03991607726465137,0.049115382070513774,0.05129914521119479,0.0,0.0,0.008610467819573534,0.008237409258428946,0.01722093563914707,0.016474818516857892,0.025831403458720602,0.024712227775286838,0.03444187127829414,0.032949637033715784
full,strip,section 3 and rule 2 floor,ALL,2017,12,0.029232594293349543,0.022098869712212817,0.023952922868790454,0.027826347422100887,0.03016214724182728,0.03126883331492118,0.03449055377055388,0.03521375132348898,0.0,0.0,0.007308148573337386,0.00754053681045682,0.014616297146674772,0.01508107362091364,0.02192444572001216,0.02262161043137046,0.029232594293349543,0.03016214724182728
full,strip,section 3 and rule 2 floor,ALL,2018,16,0.04574572845967928,0.029461947070250964,0.030518162875464674,0.03329244313804918,0.037597586155680124,0.0414648352067551,0.07074533572977489,0.08887219124674017,0.0,0.0,0.01143643211491982,0.009399396538920031,0.02287286422983964,0.018798793077840062,0.03430929634475946,0.028198189616760093,0.04574572845967928,0.037597586155680124
full,strip,section 3 and rule 2 floor,ALL,2019,21,0.0422703838204947,0.014463282396151909,0.015841594774182354,0.025066491674526185,0.034538537121917914,0.05787731000121595,0.07598276706351766,0.0762151525329514,0.0,0.0,0.010567595955123675,0.008634634280479479,0.02113519191024735,0.017269268560958957,0.03170278786537103,0.025903902841438436,0.0422703838204947,0.034538537121917914
full,strip,section 3 and rule 2 floor,ALL,2020,39,0.03652893805082087,0.017226749832091447,0.01798195869364704,0.022796243845778677,0.03384646670441531,0.04288821960599267,0.054170835443370806,0.06653643387959607,0.0,0.0,0.009132234512705218,0.008461616676103827,0.018264469025410436,0.016923233352207655,0.027396703538115654,0.025384850028311482,0.03652893805082087,0.03384646670441531
full,strip,section 3 and rule 2 floor,ALL,2021,39,0.046109166170795884,0.020457531475117308,0.021709389237944465,0.026328875500176256,0.03977840263952607,0.048167207920166405,0.07029497021931547,0.08539146961806386,0.0,0.0,0.011527291542698971,0.009944600659881517,0.023054583085397942,0.019889201319763034,0.03458187462809691,0.029833801979644553,0.046109166170795884,0.03977840263952607
full,strip,section 3 and rule 2 floor,ALL,2022,44,0.05739642805044817,0.018747329202547063,0.020053675358918218,0.030076173939582375,0.04403006748607264,0.06947480089898922,0.1059394820114473,0.11956661207328541,0.0,0.0,0.014349107012612043,0.01100751687151816,0.028698214025224086,0.02201503374303632,0.04304732103783613,0.03302255061455448,0.05739642805044817,0.04403006748607264
full,strip,section 3 and rule 2 floor,ALL,2023,37,0.0559131287077399,0.018673271985957616,0.021897609574613303,0.024295385017628762,0.04083389246770712,0.07243352411748132,0.11871838201977138,0.13555345421824957,0.0,0.0,0.013978282176934975,0.01020847311692678,0.02795656435386995,0.02041694623385356,0.041934846530804926,0.03062541935078034,0.0559131287077399,0.04083389246770712
full,strip,section 3 and rule 2 floor,ALL,2024,46,0.08396339944443387,0.017790638629357612,0.01912974373077411,0.024128721324708703,0.06094735220665362,0.13525529170543785,0.18787659359682735,0.20639520995916044,0.0,0.0,0.020990849861108468,0.015236838051663405,0.041981699722216936,0.03047367610332681,0.0629725495833254,0.045710514154990216,0.08396339944443387,0.06094735220665362
full,strip,section 3 and rule 2 floor,ALL,2025,25,0.11605243934859986,0.01883820938934321,0.024308067161990965,0.03125387462194119,0.036652006810967856,0.1693020715461051,0.32290682885720684,0.3697120571929321,0.0,0.0,0.029013109837149966,0.009163001702741964,0.05802621967429993,0.018326003405483928,0.0870393295114499,0.02748900510822589,0.11605243934859986,0.036652006810967856
full,strip,section 3 and rule 2 floor,ALL,ALL,547,0.052989330736704386,0.01840916826480226,0.0202052199962537,0.027038935661429935,0.03917419349266566,0.06128630864262405,0.09997863667461156,0.13328790026012882,0.0,0.0,0.013247332684176097,0.009793548373166415,0.026494665368352193,0.01958709674633283,0.03974199805252829,0.029380645119499248,0.052989330736704386,0.03917419349266566
full,strip,section 3 and rule 2 floor,GLD,2008,7,0.06838158785603837,0.061826835976028074,0.06236158268344562,0.06398365528557029,0.0649545245253124,0.07296067905383634,0.0764042303100048,0.07747003141476859,0.0,0.0,0.017095396964009593,0.0162386311313281,0.034190793928019186,0.0324772622626562,0.05128619089202878,0.0487158933939843,0.06838158785603837,0.0649545245253124
full,strip,section 3 and rule 2 floor,GLD,2009,12,0.06608240494681546,0.02903768169998386,0.03226262043224602,0.05927520108142641,0.0690363526088302,0.07465857493969712,0.07950271212473108,0.09141491337156686,0.0,0.0,0.016520601236703864,0.01725908815220755,0.03304120247340773,0.0345181763044151,0.049561803710111596,0.05177726445662265,0.06608240494681546,0.0690363526088302
full,strip,section 3 and rule 2 floor,GLD,2010,12,0.03407648258922824,0.01944685871374855,0.020394640717719383,0.025700699481361104,0.031513098337196156,0.0404547870579016,0.04792165727438824,0.055554777110256935,0.0,0.0,0.00851912064730706,0.007878274584299039,0.01703824129461412,0.015756549168598078,0.02555736194192118,0.02363482375289712,0.03407648258922824,0.031513098337196156
full,strip,section 3 and rule 2 floor,GLD,2011,12,0.03725008207015231,0.018431836394213467,0.01866301385617431,0.02027745890541144,0.02485220585412925,0.04729554643466531,0.0651240806098858,0.08387621279461688,0.0,0.0,0.009312520517538078,0.006213051463532312,0.018625041035076156,0.012426102927064624,0.027937561552614232,0.018639154390596935,0.03725008207015231,0.02485220585412925
full,strip,section 3 and rule 2 floor,GLD,2012,12,0.033563523768868765,0.01931066188192417,0.020716471202320823,0.025433512109241985,0.034271046413400855,0.03660988991399903,0.046683150335015584,0.053967466892035305,0.0,0.0,0.008390880942217191,0.008567761603350214,0.016781761884434383,0.017135523206700427,0.025172642826651576,0.02570328481005064,0.033563523768868765,0.034271046413400855
full,strip,section 3 and rule 2 floor,GLD,2013,12,0.02645744264087557,0.015989413117510357,0.018296265647871696,0.0193273018609044,0.025709478752202204,0.031006093087662098,0.040890889841812106,0.04164482750473105,0.0,0.0,0.006614360660218892,0.006427369688050551,0.013228721320437785,0.012854739376101102,0.019843081980656676,0.019282109064151655,0.02645744264087557,0.025709478752202204
full,strip,section 3 and rule 2 floor,GLD,2014,12,0.027366032729323822,0.01869932485386061,0.018916795214328798,0.02112028047943322,0.025939382754973872,0.03320066169471466,0.036680504916130764,0.03887569128347035,0.0,0.0,0.0068415081823309555,0.006484845688743468,0.013683016364661911,0.012969691377486936,0.020524524546992867,0.019454537066230404,0.027366032729323822,0.025939382754973872
full,strip,section 3 and rule 2 floor,GLD,2015,12,0.03666201290319845,0.026144927637032835,0.028475309527944657,0.03128578859470536,0.03690126800619474,0.04090840767894524,0.04662276919981947,0.04911317437450878,0.0,0.0,0.009165503225799612,0.009225317001548685,0.018331006451599224,0.01845063400309737,0.027496509677398834,0.027675951004646055,0.03666201290319845,0.03690126800619474
full,strip,section 3 and rule 2 floor,GLD,2016,12,0.02974921055759924,0.022554235728040547,0.02413821235032072,0.025833037419273223,0.028615619540358357,0.03476568210231065,0.03678493577730317,0.037999236722497394,0.0,0.0,0.00743730263939981,0.007153904885089589,0.01487460527879962,0.014307809770179179,0.02231190791819943,0.02146171465526877,0.02974921055759924,0.028615619540358357
full,strip,section 3 and rule 2 floor,GLD,2017,12,0.029232594293349543,0.022098869712212817,0.023952922868790454,0.027826347422100887,0.03016214724182728,0.03126883331492118,0.03449055377055388,0.03521375132348898,0.0,0.0,0.007308148573337386,0.00754053681045682,0.014616297146674772,0.01508107362091364,0.02192444572001216,0.02262161043137046,0.029232594293349543,0.03016214724182728
full,strip,section 3 and rule 2 floor,GLD,2018,12,0.03536683370261371,0.02929693111313002,0.029838206188414644,0.03249599111480564,0.03533840373663848,0.03854872359681141,0.04039727290933711,0.04103103922567327,0.0,0.0,0.008841708425653428,0.00883460093415962,0.017683416851306855,0.01766920186831924,0.026525125276960285,0.026503802802478858,0.03536683370261371,0.03533840373663848
full,strip,section 3 and rule 2 floor,GLD,2019,12,0.025650635997725824,0.014354811494257807,0.014601113633954953,0.015852391056295097,0.025867103375634436,0.030487944215803253,0.03452250887047175,0.04156721553717008,0.0,0.0,0.006412658999431456,0.006466775843908609,0.012825317998862912,0.012933551687817218,0.019237976998294368,0.019400327531725825,0.025650635997725824,0.025867103375634436
full,strip,section 3 and rule 2 floor,GLD,2020,12,0.02089132881952965,0.01586391691445642,0.016037121002529266,0.017754588828962137,0.018600656018784863,0.02258733449108602,0.0292275479906474,0.02973023322135731,0.0,0.0,0.005222832204882412,0.004650164004696216,0.010445664409764825,0.009300328009392431,0.015668496614647236,0.013950492014088647,0.02089132881952965,0.018600656018784863
full,strip,section 3 and rule 2 floor,GLD,2021,12,0.023662994594076284,0.019728248313633238,0.020140036346742815,0.021612093419739006,0.023083099392400767,0.026299129778989877,0.026932904611613198,0.02770482626199175,0.0,0.0,0.005915748648519071,0.005770774848100192,0.011831497297038142,0.011541549696200384,0.017747245945557214,0.017312324544300574,0.023662994594076284,0.023083099392400767
full,strip,section 3 and rule 2 floor,GLD,2022,12,0.021459881374725463,0.016958849841741265,0.0175991907916706,0.019597579627116436,0.02031195473916569,0.022360420664283863,0.026401041097207888,0.028702525658702585,0.0,0.0,0.005364970343681366,0.005077988684791423,0.010729940687362731,0.010155977369582845,0.016094911031044098,0.015233966054374267,0.021459881374725463,0.02031195473916569
full,strip,section 3 and rule 2 floor,GLD,2023,12,0.023058370612578278,0.01726834238907331,0.018552641371054085,0.02081367595895227,0.02334489432848739,0.02402918540181756,0.028826470164246318,0.03052094596785717,0.0,0.0,0.0057645926531445695,0.005836223582121848,0.011529185306289139,0.011672447164243696,0.01729377795943371,0.017508670746365543,0.023058370612578278,0.02334489432848739
full,strip,section 3 and rule 2 floor,GLD,2024,12,0.02308465720652138,0.01699885866710027,0.017643153610715813,0.019421006234966467,0.02095494760911648,0.024128721324708703,0.03347926973808252,0.035010300538480345,0.0,0.0,0.005771164301630345,0.00523873690227912,0.01154232860326069,0.01047747380455824,0.017313492904891037,0.01571621070683736,0.02308465720652138,0.02095494760911648
full,strip,section 3 and rule 2 floor,GLD,2025,7,0.024578576608184497,0.016396650547966903,0.016938884498441508,0.02060272882474655,0.025454776079349224,0.029140755654507834,0.03093322644442686,0.031093550533184026,0.0,0.0,0.006144644152046124,0.006363694019837306,0.012289288304092249,0.012727388039674612,0.018433932456138374,0.01909108205951192,0.024578576608184497,0.025454776079349224
full,strip,section 3 and rule 2 floor,GLD,ALL,206,0.03191308260648419,0.01659242706151444,0.01844284011065119,0.020831776685967793,0.027554131579146386,0.03567132169732114,0.05488885606804049,0.06879081024027398,0.0,0.0,0.007978270651621048,0.0068885328947865965,0.015956541303242096,0.013777065789573193,0.023934811954863144,0.02066559868435979,0.03191308260648419,0.027554131579146386
full,strip,section 3 and rule 2 floor,SLV,2010,2,0.026000197502658695,0.023473986375183085,0.023754676500458153,0.024596746876283354,0.026000197502658695,0.027403648129034036,0.028245718504859237,0.028526408630134305,0.0,0.0,0.006500049375664674,0.006500049375664674,0.013000098751329348,0.013000098751329348,0.01950014812699402,0.01950014812699402,0.026000197502658695,0.026000197502658695
full,strip,section 3 and rule 2 floor,SLV,2011,12,0.025422655106136168,0.013167971908096767,0.01397244383316786,0.019687609579961563,0.02456519686710562,0.03075261787828866,0.035981469414639346,0.03889487152756194,0.0,0.0,0.006355663776534042,0.006141299216776405,0.012711327553068084,0.01228259843355281,0.019066991329602125,0.018423897650329216,0.025422655106136168,0.02456519686710562
full,strip,section 3 and rule 2 floor,SLV,2012,12,0.04444928645294163,0.03259271166070399,0.034115153035645183,0.035335350159352595,0.04391044246708729,0.04893589492617439,0.05881942702250405,0.06205022131559921,0.0,0.0,0.011112321613235408,0.010977610616771823,0.022224643226470817,0.021955221233543647,0.033336964839706225,0.03293283185031547,0.04444928645294163,0.04391044246708729
full,strip,section 3 and rule 2 floor,SLV,2013,9,0.04403130008664679,0.03525469796241116,0.03630435824823715,0.039811234895601615,0.04357434506414258,0.045565288941834065,0.05045650625465008,0.056602622066224455,0.0,0.0,0.011007825021661697,0.010893586266035645,0.022015650043323395,0.02178717253207129,0.03302347506498509,0.03268075879810693,0.04403130008664679,0.04357434506414258
full,strip,section 3 and rule 2 floor,SLV,2014,9,0.05715803022393008,0.04370188071914589,0.04682786142160545,0.05114198844474665,0.06128052801663755,0.06154074082950945,0.06488790587232965,0.06670014980756579,0.0,0.0,0.01428950755598252,0.015320132004159388,0.02857901511196504,0.030640264008318777,0.042868522667947564,0.045960396012478165,0.05715803022393008,0.06128052801663755
full,strip,section 3 and rule 2 floor,SLV,2015,4,0.051270703044707135,0.05004910911920551,0.05022587605588834,0.050756176865936815,0.05109176802870627,0.05160629420747659,0.05245867804632663,0.05274280599260998,0.0,0.0,0.012817675761176784,0.012772942007176567,0.025635351522353567,0.025545884014353135,0.03845302728353035,0.0383188260215297,0.051270703044707135,0.05109176802870627
full,strip,section 3 and rule 2 floor,SLV,2016,2,0.044855227373755455,0.0421896741070592,0.04248584669224767,0.04337436444781309,0.044855227373755455,0.04633609029969781,0.04722460805526323,0.047520780640451704,0.0,0.0,0.011213806843438864,0.011213806843438864,0.022427613686877727,0.022427613686877727,0.03364142053031659,0.03364142053031659,0.044855227373755455,0.044855227373755455
full,strip,section 3 and rule 2 floor,SLV,2019,1,0.041527994677981406,0.041527994677981406,0.041527994677981406,0.041527994677981406,0.041527994677981406,0.041527994677981406,0.041527994677981406,0.041527994677981406,0.0,0.0,0.010381998669495351,0.010381998669495351,0.020763997338990703,0.020763997338990703,0.031145996008486054,0.031145996008486054,0.041527994677981406,0.041527994677981406
full,strip,section 3 and rule 2 floor,SLV,2020,10,0.039218737077481754,0.0269603997111389,0.027768867953254443,0.031136828737518173,0.04004147630293113,0.0434212415520574,0.05317277066237305,0.053671488288943456,0.0,0.0,0.009804684269370438,0.010010369075732783,0.019609368538740877,0.020020738151465566,0.029414052808111317,0.03003110722719835,0.039218737077481754,0.04004147630293113
full,strip,section 3 and rule 2 floor,SLV,2021,12,0.03985679279737434,0.02489284897735815,0.02861205392068414,0.03657221243112251,0.043826152180178074,0.04547452827228313,0.04621774432586152,0.047980100210429664,0.0,0.0,0.009964198199343586,0.010956538045044519,0.01992839639868717,0.021913076090089037,0.02989259459803076,0.032869614135133556,0.03985679279737434,0.043826152180178074
full,strip,section 3 and rule 2 floor,SLV,2022,12,0.04250214449706594,0.03564507340571027,0.03675068901070422,0.038925973217442,0.04215433084647601,0.04450641304740655,0.04687942022934663,0.05084887661455521,0.0,0.0,0.010625536124266486,0.010538582711619003,0.02125107224853297,0.021077165423238006,0.03187660837279946,0.03161574813485701,0.04250214449706594,0.04215433084647601
full,strip,section 3 and rule 2 floor,SLV,2023,12,0.040975326123538686,0.037166755074742694,0.038880177881250554,0.0400885182747102,0.04076522915870476,0.04290455185787378,0.04369884063131009,0.04393212916124118,0.0,0.0,0.010243831530884671,0.01019130728967619,0.020487663061769343,0.02038261457935238,0.030731494592654014,0.03057392186902857,0.040975326123538686,0.04076522915870476
full,strip,section 3 and rule 2 floor,SLV,2024,11,0.03149625542203945,0.01804283199370154,0.01854048572335077,0.024998139102752392,0.028748326838328484,0.03654303133293595,0.04629574208074202,0.048550463574747564,0.0,0.0,0.007874063855509863,0.007187081709582121,0.015748127711019726,0.014374163419164242,0.023622191566529588,0.021561245128746364,0.03149625542203945,0.028748326838328484
full,strip,section 3 and rule 2 floor,SLV,2025,7,0.03597431391469296,0.03269717576922413,0.03293565884586019,0.0339278348855582,0.034930652797893744,0.035824059349785574,0.03996202946325325,0.042444546452467286,0.0,0.0,0.00899357847867324,0.008732663199473436,0.01798715695734648,0.017465326398946872,0.02698073543601972,0.026197989598420308,0.03597431391469296,0.034930652797893744
full,strip,section 3 and rule 2 floor,SLV,ALL,115,0.04006927362564882,0.020469372450615718,0.02522301406485259,0.03414573207978226,0.0406965658497024,0.046022807685252715,0.05352144206441216,0.06132122754953779,0.0,0.0,0.010017318406412205,0.0101741414624256,0.02003463681282441,0.0203482829248512,0.030051955219236613,0.0305224243872768,0.04006927362564882,0.0406965658497024
full,strip,section 3 and rule 2 floor,UNG,2007,3,0.10929492785084476,0.07944904184561583,0.08342444336183327,0.09535064791048559,0.11522765549157277,0.12620557161156792,0.13279232128356502,0.13498790450756404,0.0,0.0,0.02732373196271119,0.02880691387289319,0.05464746392542238,0.05761382774578638,0.08197119588813356,0.08642074161867958,0.10929492785084476,0.11522765549157277
full,strip,section 3 and rule 2 floor,UNG,2008,6,0.08903981834208809,0.08303950715121959,0.08351030615210125,0.08507894912471839,0.08793834771786524,0.08966057371601162,0.09567080115629784,0.09855192115684744,0.0,0.0,0.02225995458552202,0.02198458692946631,0.04451990917104404,0.04396917385893262,0.06677986375656607,0.06595376078839893,0.08903981834208809,0.08793834771786524
full,strip,section 3 and rule 2 floor,UNG,2012,2,0.01883162741829123,0.01750083931057286,0.0176487046558749,0.018092300691781027,0.01883162741829123,0.019570954144801436,0.020014550180707563,0.020162415526009603,0.0,0.0,0.004707906854572808,0.004707906854572808,0.009415813709145616,0.009415813709145616,0.014123720563718424,0.014123720563718424,0.01883162741829123,0.01883162741829123
full,strip,section 3 and rule 2 floor,UNG,2014,5,0.07886433752489802,0.03609982273903774,0.0408707300863287,0.0551834521282016,0.08936624572955383,0.10123104762878038,0.11081963509923667,0.1140158309227221,0.0,0.0,0.019716084381224505,0.022341561432388458,0.03943216876244901,0.044683122864776915,0.059148253143673515,0.06702468429716538,0.07886433752489802,0.08936624572955383
full,strip,section 3 and rule 2 floor,UNG,2015,1,0.11511618803170331,0.11511618803170331,0.11511618803170331,0.11511618803170331,0.11511618803170331,0.11511618803170331,0.11511618803170331,0.11511618803170331,0.0,0.0,0.02877904700792583,0.02877904700792583,0.05755809401585166,0.05755809401585166,0.08633714102377749,0.08633714102377749,0.11511618803170331,0.11511618803170331
full,strip,section 3 and rule 2 floor,UNG,2018,3,0.08872239635745244,0.0657916716804873,0.0670300876928092,0.07074533572977489,0.07693741579138437,0.10080696670209596,0.11512869724852293,0.11990260743066523,0.0,0.0,0.02218059908936311,0.019234353947846092,0.04436119817872622,0.038468707895692185,0.06654179726808933,0.05770306184353828,0.08872239635745244,0.07693741579138437
full,strip,section 3 and rule 2 floor,UNG,2019,6,0.07119037668681612,0.04772385444349654,0.05110833962940301,0.061635243291547404,0.0744459051130297,0.07615705616559296,0.08801688531801566,0.0939177517105478,0.0,0.0,0.01779759417170403,0.018611476278257426,0.03559518834340806,0.03722295255651485,0.05339278251511209,0.05583442883477228,0.07119037668681612,0.0744459051130297
full,strip,section 3 and rule 2 floor,UNG,2020,7,0.0364864252095291,0.024800143726224622,0.02731978670803136,0.030779711840299137,0.0339634424878107,0.041714127999539136,0.04721814149044804,0.0506957475226233,0.0,0.0,0.009121606302382275,0.008490860621952675,0.01824321260476455,0.01698172124390535,0.027364818907146822,0.025472581865858025,0.0364864252095291,0.0339634424878107
full,strip,section 3 and rule 2 floor,UNG,2021,3,0.0434324709227342,0.029228414966897525,0.030809203762828107,0.035551570150619854,0.04345551413027276,0.051324893298617835,0.05604652079962488,0.057620396633293894,0.0,0.0,0.01085811773068355,0.01086387853256819,0.0217162354613671,0.02172775706513638,0.032574353192050653,0.03259163559770457,0.0434324709227342,0.04345551413027276
full,strip,section 3 and rule 2 floor,UNG,2022,8,0.06291474234086092,0.042849298094019383,0.044008240907257475,0.04699576389773914,0.05408930605890287,0.08362760681998693,0.08898965692850827,0.08966676822316573,0.0,0.0,0.01572868558521523,0.013522326514725718,0.03145737117043046,0.027044653029451436,0.04718605675564569,0.04056697954417715,0.06291474234086092,0.05408930605890287
full,strip,section 3 and rule 2 floor,UNG,2023,1,0.0773873270169831,0.0773873270169831,0.0773873270169831,0.0773873270169831,0.0773873270169831,0.0773873270169831,0.0773873270169831,0.0773873270169831,0.0,0.0,0.019346831754245775,0.019346831754245775,0.03869366350849155,0.03869366350849155,0.05804049526273733,0.05804049526273733,0.0773873270169831,0.0773873270169831
full,strip,section 3 and rule 2 floor,UNG,2024,11,0.14473539684218564,0.08201716197692929,0.08341372382657661,0.12970662899866348,0.14385859368732276,0.17280648267441617,0.1945541575342921,0.19784228751152425,0.0,0.0,0.03618384921054641,0.03596464842183069,0.07236769842109282,0.07192929684366138,0.10855154763163924,0.10789394526549206,0.14473539684218564,0.14385859368732276
full,strip,section 3 and rule 2 floor,UNG,2025,4,0.19826510182611845,0.087012543593018,0.08929945847976499,0.09616020314000596,0.15672915057094206,0.25883404925705455,0.340459506176613,0.36766799181646576,0.0,0.0,0.04956627545652961,0.039182287642735514,0.09913255091305923,0.07836457528547103,0.14869882636958884,0.11754686292820654,0.19826510182611845,0.15672915057094206
full,strip,section 3 and rule 2 floor,UNG,ALL,60,0.09090152834730643,0.027379269899639493,0.03128403515225456,0.0523957226919929,0.08230121265202661,0.11514405489667068,0.14967519095670692,0.19488297053201528,0.0,0.0,0.022725382086826607,0.020575303163006653,0.045450764173653214,0.041150606326013306,0.06817614626047983,0.06172590948901996,0.09090152834730643,0.08230121265202661
full,strip,section 3 and rule 2 floor,USO,2007,5,0.11518137818028333,0.08419805916467568,0.08814579431341987,0.09998899975965246,0.11739075347716608,0.13001987226185582,0.14096211373682876,0.14460952756181975,0.0,0.0,0.028795344545070833,0.02934768836929152,0.057590689090141665,0.05869537673858304,0.0863860336352125,0.08804306510787456,0.11518137818028333,0.11739075347716608
full,strip,section 3 and rule 2 floor,USO,2008,10,0.05658371978301002,0.042820772895143716,0.04330799984679946,0.04696713693438313,0.05180097741561249,0.05847382556402508,0.07646588223391447,0.08310574358456072,0.0,0.0,0.014145929945752506,0.012950244353903122,0.02829185989150501,0.025900488707806243,0.04243778983725752,0.038850733061709365,0.05658371978301002,0.05180097741561249
full,strip,section 3 and rule 2 floor,USO,2009,12,0.05669249256941334,0.04084899291761096,0.05203669043915248,0.05550091152004413,0.05939216697435719,0.06170578452385008,0.0630023330501254,0.06461949476226857,0.0,0.0,0.014173123142353335,0.014848041743589297,0.02834624628470667,0.029696083487178594,0.04251936942706001,0.044544125230767895,0.05669249256941334,0.05939216697435719
full,strip,section 3 and rule 2 floor,USO,2010,10,0.029624550904912488,0.025342836041354736,0.025342892135469024,0.026628378062551267,0.028355591722634715,0.030558471777709425,0.033648068162744134,0.037967559808909174,0.0,0.0,0.007406137726228122,0.007088897930658679,0.014812275452456244,0.014177795861317358,0.022218413178684365,0.021266693791976037,0.029624550904912488,0.028355591722634715
full,strip,section 3 and rule 2 floor,USO,2011,12,0.02258909180526795,0.015846398330624924,0.01730986586037207,0.019553033114694755,0.022114768810923592,0.02545520076279199,0.029909150312325928,0.030878304486713932,0.0,0.0,0.005647272951316988,0.005528692202730898,0.011294545902633976,0.011057384405461796,0.016941818853950963,0.016586076608192696,0.02258909180526795,0.022114768810923592
full,strip,section 3 and rule 2 floor,USO,2012,12,0.030857191779056076,0.025281891163869155,0.025735097282499935,0.02693381164824373,0.029985192411841326,0.0308389599314212,0.03618793174789861,0.04266838671319676,0.0,0.0,0.007714297944764019,0.007496298102960331,0.015428595889528038,0.014992596205920663,0.023142893834292057,0.022488894308880993,0.030857191779056076,0.029985192411841326
full,strip,section 3 and rule 2 floor,USO,2013,12,0.045684502383019,0.027252367549979117,0.027688680754607183,0.02947484090164033,0.03592384113438428,0.05876195912015565,0.07314689560642308,0.08315930115157041,0.0,0.0,0.01142112559575475,0.00898096028359607,0.0228422511915095,0.01796192056719214,0.03426337678726425,0.02694288085078821,0.045684502383019,0.03592384113438428
full,strip,section 3 and rule 2 floor,USO,2014,12,0.08397893563394883,0.04335044176070721,0.050565293184513214,0.06616288805920742,0.08247013621352284,0.10481039554371338,0.11796704949250296,0.12323885501861995,0.0,0.0,0.020994733908487207,0.02061753405338071,0.041989467816974414,0.04123506810676142,0.06298420172546162,0.06185260216014213,0.08397893563394883,0.08247013621352284
full,strip,section 3 and rule 2 floor,USO,2015,11,0.04869934007472738,0.03273389017977298,0.03503983907230355,0.04062948610865681,0.04663107858369647,0.0583156988098276,0.060471313019806724,0.06614705386431552,0.0,0.0,0.012174835018681844,0.011657769645924118,0.02434967003736369,0.023315539291848236,0.036524505056045535,0.034973308937772354,0.04869934007472738,0.04663107858369647
full,strip,section 3 and rule 2 floor,USO,2016,2,0.05218447950700219,0.05059087777454886,0.050767944633710343,0.05129914521119479,0.05218447950700219,0.05306981380280959,0.053601014380294035,0.053778081239455516,0.0,0.0,0.013046119876750547,0.013046119876750547,0.026092239753501095,0.026092239753501095,0.03913835963025164,0.03913835963025164,0.05218447950700219,0.05218447950700219
full,strip,section 3 and rule 2 floor,USO,2018,1,0.04136246185114656,0.04136246185114656,0.04136246185114656,0.04136246185114656,0.04136246185114656,0.04136246185114656,0.04136246185114656,0.04136246185114656,0.0,0.0,0.01034061546278664,0.01034061546278664,0.02068123092557328,0.02068123092557328,0.03102184638835992,0.03102184638835992,0.04136246185114656,0.04136246185114656
full,strip,section 3 and rule 2 floor,USO,2019,2,0.05560008672940028,0.047534670483136456,0.04843082784383244,0.051119299925920375,0.05560008672940028,0.060080873532880184,0.06276934561496812,0.0636655029756641,0.0,0.0,0.01390002168235007,0.01390002168235007,0.02780004336470014,0.02780004336470014,0.04170006504705021,0.04170006504705021,0.05560008672940028,0.05560008672940028
full,strip,section 3 and rule 2 floor,USO,2020,10,0.052634029090613696,0.030101481462849834,0.0368909759785602,0.04072829822477986,0.043263483942117605,0.059107792127927876,0.09117030161513667,0.09395455650490232,0.0,0.0,0.013158507272653424,0.010815870985529401,0.026317014545306848,0.021631741971058802,0.03947552181796027,0.032447612956588205,0.052634029090613696,0.043263483942117605
full,strip,section 3 and rule 2 floor,USO,2021,12,0.07547688493295246,0.03504649307371799,0.038455020367459056,0.04387350623878475,0.058214698417931095,0.0742331422321883,0.0900231169539059,0.16876023035539017,0.0,0.0,0.018869221233238115,0.014553674604482774,0.03773844246647623,0.029107349208965547,0.056607663699714345,0.04366102381344832,0.07547688493295246,0.058214698417931095
full,strip,section 3 and rule 2 floor,USO,2022,12,0.10454838208594468,0.04410640724418999,0.05365532348633347,0.06613435004865173,0.08738355732216842,0.11539039625327345,0.16715263661055932,0.21827552290508045,0.0,0.0,0.02613709552148617,0.021845889330542104,0.05227419104297234,0.04369177866108421,0.0784112865644585,0.06553766799162632,0.10454838208594468,0.08738355732216842
full,strip,section 3 and rule 2 floor,USO,2023,12,0.10191617286133246,0.06418636880373335,0.06474048789039591,0.07073655134289239,0.09388958199919742,0.12679147673314375,0.14332734201899375,0.1589500221123881,0.0,0.0,0.025479043215333116,0.023472395499799355,0.05095808643066623,0.04694479099959871,0.07643712964599934,0.07041718649939807,0.10191617286133246,0.09388958199919742
full,strip,section 3 and rule 2 floor,USO,2024,12,0.1372293594216021,0.07493537917872761,0.07869626734117899,0.08445990140074974,0.12361817557284668,0.17447398607713377,0.21687297633371075,0.22896900698872574,0.0,0.0,0.03430733985540053,0.03090454389321167,0.06861467971080105,0.06180908778642334,0.10292201956620159,0.092713631679635,0.1372293594216021,0.12361817557284668
full,strip,section 3 and rule 2 floor,USO,2025,7,0.24062576325005441,0.12883486167702993,0.1292178939097201,0.14951533754970606,0.2307140952775812,0.32255906916979715,0.347004962399889,0.36403528349467135,0.0,0.0,0.060156440812513604,0.0576785238193953,0.12031288162502721,0.1153570476387906,0.18046932243754082,0.17303557145818588,0.24062576325005441,0.2307140952775812
full,strip,section 3 and rule 2 floor,USO,ALL,166,0.07439163089309371,0.023749655666235246,0.026671633100438748,0.03406412051284451,0.05772189299648099,0.09024224040497768,0.13325827148819006,0.2002843714380175,0.0,0.0,0.018597907723273428,0.014430473249120248,0.037195815446546855,0.028860946498240496,0.055793723169820286,0.04329141974736074,0.07439163089309371,0.05772189299648099
estimation,straddle,section 3,ALL,2007,16,0.04969055245992615,0.024827063394295457,0.02845410159407637,0.031664910432033705,0.04919354838709679,0.060075093867334214,0.0745970617600913,0.07785087719298249,0.0,0.0,0.012422638114981538,0.012298387096774197,0.024845276229963076,0.024596774193548394,0.037267914344944614,0.036895161290322595,0.04969055245992615,0.04919354838709679
estimation,straddle,section 3,ALL,2008,32,0.037724942990194806,0.017857142857142856,0.01830538393645191,0.024220032840722498,0.03439073004290395,0.04082207207207205,0.05596403596403596,0.08469855832241151,0.0,0.0,0.009431235747548701,0.008597682510725988,0.018862471495097403,0.017195365021451976,0.028293707242646106,0.025793047532177964,0.037724942990194806,0.03439073004290395
estimation,straddle,section 3,ALL,2009,48,0.030681834634300992,0.007588308149616051,0.011785682838777857,0.02094259906759905,0.02632034632034634,0.03830188679245286,0.051956856702619444,0.06567375886524822,0.0,0.0,0.007670458658575248,0.006580086580086585,0.015340917317150496,0.01316017316017317,0.023011375975725744,0.019740259740259756,0.030681834634300992,0.02632034632034634
estimation,straddle,section 3,ALL,2010,44,0.010038690184705434,0.0050172634271099786,0.005814037994738314,0.006509037245386498,0.00810816733504263,0.012658227848101276,0.016354166666666666,0.019955634427684107,0.0,0.0,0.0025096725461763586,0.0020270418337606576,0.005019345092352717,0.004054083667521315,0.007529017638529076,0.006081125501281972,0.010038690184705434,0.00810816733504263
estimation,straddle,section 3,ALL,2011,48,0.008316440664775706,0.002338963963963924,0.002597766855433304,0.0035786613668096186,0.006177606177606184,0.011475746779939688,0.01894003124624444,0.02127659574468086,0.0,0.0,0.0020791101661939266,0.001544401544401546,0.004158220332387853,0.003088803088803092,0.006237330498581779,0.004633204633204638,0.008316440664775706,0.006177606177606184
estimation,straddle,section 3,ALL,2012,46,0.006911876769003421,0.0038886314488724167,0.004366438356164388,0.005008811681772396,0.00613496932515338,0.007982320928623115,0.01070604610368562,0.011905319896883053,0.0,0.0,0.0017279691922508552,0.001533742331288345,0.0034559383845017104,0.00306748466257669,0.005183907576752566,0.0046012269938650345,0.006911876769003421,0.00613496932515338
estimation,straddle,section 3,ALL,2013,48,0.007882321598618595,0.003256046108641592,0.004005458780715449,0.006187569367369595,0.007326892109500791,0.010532719875280438,0.011665420361072506,0.011952191235059773,0.0,0.0,0.0019705803996546488,0.0018317230273751978,0.0039411607993092975,0.0036634460547503955,0.005911741198963946,0.005495169082125593,0.007882321598618595,0.007326892109500791
estimation,straddle,section 3,ALL,2014,48,0.011937888758510201,0.0025867160652920888,0.00269381830601094,0.006649846048580203,0.009136696636696622,0.013128970454774607,0.02251198430472529,0.03231284153005461,0.0,0.0,0.0029844721896275504,0.0022841741591741556,0.005968944379255101,0.004568348318348311,0.008953416568882652,0.006852522477522467,0.011937888758510201,0.009136696636696622
estimation,straddle,section 3,ALL,2015,48,0.020108623226724732,0.007201303654392906,0.007949308755760377,0.010120681484021524,0.0140873015873016,0.023805496828752663,0.039694616571234374,0.048477564102564104,0.0,0.0,0.005027155806681183,0.0035218253968254,0.010054311613362366,0.0070436507936508,0.01508146742004355,0.0105654761904762,0.020108623226724732,0.0140873015873016
estimation,straddle,section 3,ALL,2016,48,0.022811188710701705,0.007009167303284956,0.007496408515084198,0.010110186559580204,0.018129614438064004,0.02572427572427575,0.04631185807656393,0.06259958772076438,0.0,0.0,0.005702797177675426,0.004532403609516001,0.011405594355350853,0.009064807219032002,0.01710839153302628,0.013597210828548003,0.022811188710701705,0.018129614438064004
estimation,straddle,section 3,ALL,2017,48,0.023625145990444064,0.006901962707334721,0.00758231742053094,0.012883031301482713,0.017095265926358846,0.032668124658283226,0.046128783331904295,0.05162645801637322,0.0,0.0,0.005906286497611016,0.004273816481589711,0.011812572995222032,0.008547632963179423,0.01771885949283305,0.012821449444769133,0.023625145990444064,0.017095265926358846
estimation,straddle,section 3,ALL,2018,48,0.019805173469159967,0.0071443624868282474,0.0077376046631072014,0.012286970863111611,0.018636416251881022,0.02505252100840336,0.03016030534351143,0.03300483808895489,0.0,0.0,0.004951293367289992,0.004659104062970256,0.009902586734579983,0.009318208125940511,0.014853880101869974,0.013977312188910768,0.019805173469159967,0.018636416251881022
estimation,straddle,section 3,ALL,2019,48,0.019607367337678903,0.0037192787022209705,0.005017572316842411,0.010211732245681381,0.013799010277883529,0.02211830131445906,0.04426999266324286,0.05395424836601307,0.0,0.0,0.004901841834419726,0.0034497525694708823,0.009803683668839451,0.0068995051389417646,0.014705525503259178,0.010349257708412647,0.019607367337678903,0.013799010277883529
estimation,straddle,section 3,ALL,2020,47,0.012309193565712386,0.004372239275286365,0.005670934091986728,0.007915787714864547,0.011705685618729108,0.015216906019793131,0.01906234649880837,0.021304181740556802,0.0,0.0,0.0030772983914280965,0.002926421404682277,0.006154596782856193,0.005852842809364554,0.009231895174284289,0.00877926421404683,0.012309193565712386,0.011705685618729108
estimation,straddle,section 3,ALL,2021,48,0.014451864688303845,0.005222467209407514,0.0057295820813985,0.006646460272786323,0.011337930531231768,0.018366158529554224,0.024147507333461205,0.029861132151694187,0.0,0.0,0.003612966172075961,0.002834482632807942,0.007225932344151922,0.005668965265615884,0.010838898516227883,0.008503447898423826,0.014451864688303845,0.011337930531231768
estimation,straddle,section 3,ALL,ALL,665,0.0179599467187026,0.003847635986364314,0.005130909378542996,0.007352941176470595,0.012567324955116707,0.0229007633587786,0.038914027149321254,0.05084745762711866,0.0,0.0,0.00448998667967565,0.003141831238779177,0.0089799733593513,0.006283662477558354,0.013469960039026948,0.009425493716337531,0.0179599467187026,0.012567324955116707
estimation,straddle,section 3,GLD,2008,7,0.02685636104875646,0.016351907255048603,0.016997008227374703,0.020422824302134643,0.02463054187192118,0.032572431957857785,0.03784313725490196,0.0397549019607843,0.0,0.0,0.006714090262189115,0.006157635467980295,0.01342818052437823,0.01231527093596059,0.020142270786567343,0.018472906403940885,0.02685636104875646,0.02463054187192118
estimation,straddle,section 3,GLD,2009,12,0.021620882303337138,0.0074704170558313,0.009397764555413437,0.02072704081632651,0.022739018087855317,0.025480848265658412,0.02891319207108681,0.03036758563074352,0.0,0.0,0.005405220575834284,0.005684754521963829,0.010810441151668569,0.011369509043927658,0.016215661727502852,0.017054263565891487,0.021620882303337138,0.022739018087855317
estimation,straddle,section 3,GLD,2010,12,0.006396665822052751,0.003509986839870976,0.004485018885181533,0.005628399553330231,0.006552833881273501,0.007335277968428283,0.008084079645248246,0.00886787157313903,0.0,0.0,0.0015991664555131877,0.0016382084703183753,0.0031983329110263753,0.0032764169406367507,0.004797499366539563,0.004914625410955126,0.006396665822052751,0.006552833881273501
estimation,straddle,section 3,GLD,2011,12,0.006254281002446689,0.00196850393700788,0.0020959778676314547,0.0033940484686753626,0.005510294771144992,0.008703335093634464,0.010915625167623292,0.011667410178099595,0.0,0.0,0.0015635702506116723,0.001377573692786248,0.0031271405012233446,0.002755147385572496,0.004690710751835017,0.004132721078358744,0.006254281002446689,0.005510294771144992
estimation,straddle,section 3,GLD,2012,12,0.006297711729507595,0.0033183479008453863,0.003598901098901102,0.004632011544735829,0.005011388949579742,0.006479177529464303,0.011511372782132157,0.013048525323167746,0.0,0.0,0.0015744279323768988,0.0012528472373949356,0.0031488558647537975,0.002505694474789871,0.0047232837971306965,0.0037585417121848066,0.006297711729507595,0.005011388949579742
estimation,straddle,section 3,GLD,2013,12,0.005606514280438236,0.0025254079417759965,0.002764094903638397,0.003619189331726058,0.004287530406933396,0.006832559059009594,0.011170979081426809,0.011706624750102985,0.0,0.0,0.001401628570109559,0.001071882601733349,0.002803257140219118,0.002143765203466698,0.004204885710328677,0.003215647805200047,0.005606514280438236,0.004287530406933396
estimation,straddle,section 3,GLD,2014,12,0.005098950934466742,0.0024616306373913275,0.002485454731040067,0.0025974548969071973,0.002994784713693226,0.005530204871087104,0.008331358375794932,0.013074712643678165,0.0,0.0,0.0012747377336166856,0.0007486961784233065,0.002549475467233371,0.001497392356846613,0.003824213200850057,0.0022460885352699194,0.005098950934466742,0.002994784713693226
estimation,straddle,section 3,GLD,2015,12,0.009894948068255131,0.007050816696914707,0.007227379298686607,0.007968509984639025,0.009619221952868594,0.011415419125538982,0.01206777263572206,0.013808486418590012,0.0,0.0,0.002473737017063783,0.0024048054882171484,0.004947474034127566,0.004809610976434297,0.0074212110511913485,0.007214416464651445,0.009894948068255131,0.009619221952868594
estimation,straddle,section 3,GLD,2016,12,0.008272024545243525,0.006575259602782544,0.006612798965740148,0.007262695287905378,0.007645408858934873,0.009458944256740903,0.010157611741736017,0.010806387830140268,0.0,0.0,0.0020680061363108813,0.0019113522147337183,0.0041360122726217625,0.0038227044294674366,0.006204018408932643,0.005734056644201155,0.008272024545243525,0.007645408858934873
estimation,straddle,section 3,GLD,2017,12,0.008042050213087988,0.005932709361335984,0.006053673384128758,0.007196184918659825,0.007692762885377839,0.008565426332825426,0.010390361910579243,0.010996394502548208,0.0,0.0,0.002010512553271997,0.0019231907213444598,0.004021025106543994,0.0038463814426889197,0.006031537659815992,0.0057695721640333795,0.008042050213087988,0.007692762885377839
estimation,straddle,section 3,GLD,2018,12,0.00821951890812111,0.005095997172243136,0.005348143942082446,0.007481559536354065,0.008164133657771203,0.00939171806546755,0.009804255576880135,0.011010227126673162,0.0,0.0,0.0020548797270302775,0.0020410334144428006,0.004109759454060555,0.004082066828885601,0.006164639181090833,0.006123100243328402,0.00821951890812111,0.008164133657771203
estimation,straddle,section 3,GLD,2019,12,0.005987359647284773,0.0029749840630958367,0.0032942474603510716,0.003752697904337531,0.005348205348205353,0.008259201116343968,0.009491936939153796,0.010427052359263304,0.0,0.0,0.0014968399118211932,0.0013370513370513384,0.0029936798236423865,0.0026741026741026767,0.00449051973546358,0.004011154011154015,0.005987359647284773,0.005348205348205353
estimation,straddle,section 3,GLD,2020,12,0.0092898960347919,0.004019946379562897,0.00430236330513339,0.005727372024412786,0.01019214703425231,0.012384259259259263,0.012938311688311714,0.01411960132890366,0.0,0.0,0.002322474008697975,0.0025480367585630774,0.00464494801739595,0.005096073517126155,0.006967422026093925,0.007644110275689233,0.0092898960347919,0.01019214703425231
estimation,straddle,section 3,GLD,2021,12,0.006600986927217064,0.004447497661365778,0.00477772344587127,0.0057225577959325305,0.005876642313359534,0.007313073683801972,0.007619292678045579,0.009715110760551334,0.0,0.0,0.001650246731804266,0.0014691605783398835,0.003300493463608532,0.002938321156679767,0.004950740195412798,0.004407481735019651,0.006600986927217064,0.005876642313359534
estimation,straddle,section 3,GLD,ALL,163,0.009073472468320878,0.0026076022427440914,0.0032947265676129293,0.005075168120578078,0.007462686567164185,0.010167894986453195,0.017467532467532465,0.02449306908007791,0.0,0.0,0.0022683681170802194,0.0018656716417910463,0.004536736234160439,0.0037313432835820925,0.006805104351240658,0.005597014925373138,0.009073472468320878,0.007462686567164185
estimation,straddle,section 3,SLV,2008,1,0.07142857142857141,0.07142857142857141,0.07142857142857141,0.07142857142857141,0.07142857142857141,0.07142857142857141,0.07142857142857141,0.07142857142857141,0.0,0.0,0.017857142857142853,0.017857142857142853,0.035714285714285705,0.035714285714285705,0.05357142857142856,0.05357142857142856,0.07142857142857141,0.07142857142857141
estimation,straddle,section 3,SLV,2009,12,0.04929994890236943,0.017095868431608506,0.023703703703703703,0.04497354497354496,0.05084745762711866,0.06453900709219859,0.06945736434108525,0.0697674418604651,0.0,0.0,0.012324987225592358,0.012711864406779665,0.024649974451184716,0.02542372881355933,0.03697496167677707,0.03813559322033899,0.04929994890236943,0.05084745762711866
estimation,straddle,section 3,SLV,2010,12,0.011958943118563046,0.006063153770493127,0.006251867226441505,0.00789036544850499,0.012553180314092137,0.013830630511609484,0.017112027927642038,0.019139685476410734,0.0,0.0,0.0029897357796407615,0.003138295078523034,0.005979471559281523,0.006276590157046068,0.008969207338922284,0.009414885235569102,0.011958943118563046,0.012553180314092137
estimation,straddle,section 3,SLV,2011,12,0.003977260076674607,0.002388513513513478,0.0025051020408163064,0.002601105887381162,0.003566977796993823,0.004873863677850383,0.0059420780351012925,0.006587974836150024,0.0,0.0,0.0009943150191686516,0.0008917444492484558,0.0019886300383373033,0.0017834888984969116,0.0029829450575059547,0.002675233347745367,0.003977260076674607,0.003566977796993823
estimation,straddle,section 3,SLV,2012,12,0.006898491327534825,0.004903110047846879,0.005043478260869544,0.005744660564454621,0.006116265150381569,0.0070144043183618075,0.008928086197322882,0.011141759127254703,0.0,0.0,0.0017246228318837063,0.0015290662875953923,0.0034492456637674127,0.0030581325751907846,0.005173868495651119,0.0045871988627861765,0.006898491327534825,0.006116265150381569
estimation,straddle,section 3,SLV,2013,12,0.008141312089213011,0.005309597523219819,0.005441765042208998,0.006474287828338862,0.007413916195288051,0.010120239321382703,0.011226741529020052,0.011359494942248378,0.0,0.0,0.002035328022303253,0.0018534790488220127,0.004070656044606506,0.0037069580976440255,0.006105984066909759,0.005560437146466039,0.008141312089213011,0.007413916195288051
estimation,straddle,section 3,SLV,2014,12,0.015708586950643685,0.012001434720229532,0.012220423034105836,0.012605704081096694,0.013491983462740737,0.017149450899251958,0.020498448603743388,0.023635288152780102,0.0,0.0,0.003927146737660921,0.0033729958656851843,0.007854293475321843,0.006745991731370369,0.011781440212982764,0.010118987597055554,0.015708586950643685,0.013491983462740737
estimation,straddle,section 3,SLV,2015,12,0.016911983188086614,0.01278957528957528,0.01355105105105103,0.014237772461456686,0.015756823821339964,0.01938171524158786,0.02116913819041475,0.023156673114119907,0.0,0.0,0.0042279957970216536,0.003939205955334991,0.008455991594043307,0.007878411910669982,0.01268398739106496,0.011817617866004973,0.016911983188086614,0.015756823821339964
estimation,straddle,section 3,SLV,2016,12,0.02049143488526742,0.012180546726001235,0.01543345543345537,0.0181191973644804,0.022474747474747467,0.023976172747580064,0.025608568646543352,0.025790875790875814,0.0,0.0,0.005122858721316855,0.005618686868686867,0.01024571744263371,0.011237373737373733,0.015368576163950567,0.0168560606060606,0.02049143488526742,0.022474747474747467
estimation,straddle,section 3,SLV,2017,12,0.01718460871967618,0.01408823529411766,0.014727831431079908,0.01509497964721845,0.016261237440507684,0.01702220923436587,0.019844943300162014,0.024117303764225287,0.0,0.0,0.004296152179919045,0.004065309360126921,0.00859230435983809,0.008130618720253842,0.012888456539757134,0.012195928080380763,0.01718460871967618,0.016261237440507684
estimation,straddle,section 3,SLV,2018,12,0.01989103585147323,0.016464891041162243,0.016949152542372895,0.017168322618351856,0.018524871355060035,0.021608643457382976,0.02521008403361347,0.02602770838064958,0.0,0.0,0.0049727589628683075,0.004631217838765009,0.009945517925736615,0.009262435677530018,0.014918276888604923,0.013893653516295026,0.01989103585147323,0.018524871355060035
estimation,straddle,section 3,SLV,2019,12,0.018855994555786817,0.010637254901960793,0.011886936592818951,0.013381888381888385,0.017403147699757884,0.021059782608695628,0.023104145601617814,0.03193963384463136,0.0,0.0,0.004713998638946704,0.004350786924939471,0.009427997277893408,0.008701573849878942,0.014141995916840112,0.013052360774818413,0.018855994555786817,0.017403147699757884
estimation,straddle,section 3,SLV,2020,12,0.010138004238408467,0.005091374269005852,0.005904183535762484,0.006462175333665611,0.008772604848018478,0.012148008241758237,0.01647962707182321,0.018540105869081034,0.0,0.0,0.002534501059602117,0.0021931512120046195,0.005069002119204234,0.004386302424009239,0.007603503178806351,0.006579453636013859,0.010138004238408467,0.008772604848018478
estimation,straddle,section 3,SLV,2021,12,0.0072729093016568,0.005381663113006402,0.005727652464494575,0.006149488304093573,0.00759712230215828,0.008097567424643053,0.008511979823455241,0.009215904868078788,0.0,0.0,0.0018182273254142,0.00189928057553957,0.0036364546508284,0.00379856115107914,0.0054546819762426,0.00569784172661871,0.0072729093016568,0.00759712230215828
estimation,straddle,section 3,SLV,ALL,157,0.016256017387852362,0.004126984126984131,0.005407560084000922,0.007299270072992708,0.013513513513513526,0.019108280254777087,0.0257742257742258,0.0482647296206618,0.0,0.0,0.004064004346963091,0.0033783783783783816,0.008128008693926181,0.006756756756756763,0.012192013040889273,0.010135135135135144,0.016256017387852362,0.013513513513513526
estimation,straddle,section 3,UNG,2007,8,0.05385862480850339,0.028114592427328867,0.02890678048307304,0.04237054296839073,0.05349740932642489,0.06616502335236119,0.07621951219512194,0.07977642276422763,0.0,0.0,0.013464656202125848,0.013374352331606222,0.026929312404251695,0.026748704663212445,0.04039396860637754,0.04012305699481867,0.05385862480850339,0.05349740932642489
estimation,straddle,section 3,UNG,2008,12,0.044522007646869116,0.0290948431301839,0.02980252261434578,0.03284734878069946,0.03856295319709953,0.04828113063407182,0.05596403596403595,0.07643848506233823,0.0,0.0,0.011130501911717279,0.009640738299274882,0.022261003823434558,0.019281476598549764,0.03339150573515184,0.028922214897824646,0.044522007646869116,0.03856295319709953
estimation,straddle,section 3,UNG,2009,12,0.03155501199277421,0.015309233449477364,0.018452380952380963,0.023809523809523822,0.03372489579386132,0.03830188679245286,0.04313043478260874,0.04534161490683232,0.0,0.0,0.007888752998193553,0.00843122394846533,0.015777505996387105,0.01686244789693066,0.023666258994580656,0.025293671845395993,0.03155501199277421,0.03372489579386132
estimation,straddle,section 3,UNG,2010,8,0.01565782603493989,0.010249722530521617,0.011065482796892335,0.012434847356664194,0.015165441176470602,0.01760204081632652,0.021485714285714278,0.022742857142857148,0.0,0.0,0.003914456508734973,0.0037913602941176505,0.007828913017469945,0.007582720588235301,0.011743369526204918,0.011374080882352951,0.01565782603493989,0.015165441176470602
estimation,straddle,section 3,UNG,2011,12,0.017412218353532665,0.01176349684845161,0.012210177657332103,0.012954840805717993,0.01820589208871235,0.021276595744680854,0.022738346597368828,0.023309705561613946,0.0,0.0,0.004353054588383166,0.004551473022178088,0.008706109176766333,0.009102946044356176,0.013059163765149498,0.013654419066534263,0.017412218353532665,0.01820589208871235
estimation,straddle,section 3,UNG,2012,10,0.0074170907235435925,0.004611254295532651,0.005055841924398631,0.005495385798513207,0.006728114770173037,0.009391369779758628,0.010332335500600613,0.010752759929071246,0.0,0.0,0.0018542726808858981,0.0016820286925432592,0.0037085453617717963,0.0033640573850865184,0.005562818042657694,0.005046086077629778,0.0074170907235435925,0.006728114770173037
estimation,straddle,section 3,UNG,2013,12,0.010025050355322576,0.006926683716965054,0.0073050289476671625,0.007863736354104561,0.010080712682943159,0.011952191235059773,0.01223816390878203,0.013177037686240114,0.0,0.0,0.002506262588830644,0.0025201781707357897,0.005012525177661288,0.0050403563414715795,0.007518787766491931,0.007560534512207369,0.010025050355322576,0.010080712682943159
estimation,straddle,section 3,UNG,2014,12,0.017380422686942017,0.006112591605596274,0.006371878207321247,0.006826175490559049,0.008713942307692315,0.028947486535008997,0.037756055363321835,0.04275243787354516,0.0,0.0,0.004345105671735504,0.0021784855769230787,0.008690211343471008,0.0043569711538461574,0.013035317015206513,0.006535456730769236,0.017380422686942017,0.008713942307692315
estimation,straddle,section 3,UNG,2015,12,0.04241985966919876,0.025533609429754703,0.02772501890915202,0.03086458794510154,0.03764420157862781,0.045272435897435875,0.05208472686733555,0.07143308234151077,0.0,0.0,0.01060496491729969,0.009411050394656952,0.02120992983459938,0.018822100789313904,0.031814894751899074,0.028233151183970857,0.04241985966919876,0.03764420157862781
estimation,straddle,section 3,UNG,2016,12,0.046217400991949605,0.01970331233489127,0.0233310549100023,0.03146110789422891,0.04526387669495657,0.05716195888350323,0.07060671903727224,0.07933076552720265,0.0,0.0,0.011554350247987401,0.011315969173739143,0.023108700495974802,0.022631938347478286,0.034663050743962205,0.03394790752121743,0.046217400991949605,0.04526387669495657
estimation,straddle,section 3,UNG,2017,12,0.04570431060811316,0.028212851405622474,0.036376274328081555,0.03902714932126693,0.0458715596330275,0.04861262044483084,0.06386791503070575,0.06571428571428574,0.0,0.0,0.01142607765202829,0.011467889908256874,0.02285215530405658,0.02293577981651375,0.03427823295608487,0.03440366972477062,0.04570431060811316,0.0458715596330275
estimation,straddle,section 3,UNG,2018,12,0.030395305479499906,0.020061943476577623,0.022325581395348855,0.023586465336713325,0.028043478260869538,0.03233410302930345,0.048516699380990715,0.050750628460448116,0.0,0.0,0.0075988263698749765,0.0070108695652173845,0.015197652739749953,0.014021739130434769,0.02279647910962493,0.021032608695652155,0.030395305479499906,0.028043478260869538
estimation,straddle,section 3,UNG,2019,12,0.03884983339125438,0.012020493956910152,0.012911410758300719,0.02484051036682615,0.04145189003436427,0.05212418300653596,0.058496732026143805,0.06402233561182248,0.0,0.0,0.009712458347813596,0.010362972508591067,0.01942491669562719,0.020725945017182133,0.029137375043440786,0.0310889175257732,0.03884983339125438,0.04145189003436427
estimation,straddle,section 3,UNG,2020,12,0.01285398968139109,0.007919964911547853,0.007983721521747011,0.009243292923103838,0.013197586726998504,0.014501432530177083,0.018655520022830493,0.01906871395564611,0.0,0.0,0.0032134974203477727,0.003299396681749626,0.006426994840695545,0.006598793363499252,0.009640492261043318,0.009898190045248879,0.01285398968139109,0.013197586726998504
estimation,straddle,section 3,UNG,2021,12,0.025677310005327563,0.013590634717395272,0.014146644573322296,0.015581232492997203,0.020266182698124625,0.02849568247235269,0.047367885144078976,0.054980214810627426,0.0,0.0,0.006419327501331891,0.005066545674531156,0.012838655002663782,0.010133091349062312,0.01925798250399567,0.01519963702359347,0.025677310005327563,0.020266182698124625
estimation,straddle,section 3,UNG,ALL,170,0.029332089201935783,0.006791387059040803,0.007949205288330983,0.012698799091204166,0.02419512195121949,0.04271331738437003,0.053813453363340785,0.06588744588744587,0.0,0.0,0.007333022300483946,0.006048780487804872,0.014666044600967891,0.012097560975609744,0.021999066901451838,0.018146341463414616,0.029332089201935783,0.02419512195121949
estimation,straddle,section 3,USO,2007,8,0.045522480111348934,0.022040907069808807,0.026740773677189876,0.031664910432033705,0.04768348127300283,0.05512504402958789,0.06398348813209499,0.07000343997248026,0.0,0.0,0.011380620027837234,0.011920870318250707,0.022761240055674467,0.023841740636501414,0.0341418600835117,0.035762610954752125,0.045522480111348934,0.04768348127300283
estimation,straddle,section 3,USO,2008,12,0.03445924876282815,0.0180357142857143,0.01830538393645191,0.019417475728155314,0.025779360565551336,0.03723723723723725,0.03978378378378379,0.07481690140845068,0.0,0.0,0.008614812190707038,0.006444840141387834,0.017229624381414076,0.012889680282775668,0.025844436572121113,0.019334520424163504,0.03445924876282815,0.025779360565551336
estimation,straddle,section 3,USO,2009,12,0.020251495338723172,0.006591170825335898,0.007953905249679902,0.015425888665325294,0.02174027201596384,0.026849315068493158,0.02882668254913635,0.02978818283166108,0.0,0.0,0.005062873834680793,0.00543506800399096,0.010125747669361586,0.01087013600798192,0.01518862150404238,0.016305204011972878,0.020251495338723172,0.02174027201596384
estimation,straddle,section 3,USO,2010,12,0.008014371046677534,0.005466374269005854,0.005897407366195617,0.006509037245386498,0.007616025004099831,0.009193403930246043,0.010610633173464244,0.011543947193399953,0.0,0.0,0.0020035927616693836,0.0019040062510249577,0.004007185523338767,0.0038080125020499155,0.00601077828500815,0.005712018753074873,0.008014371046677534,0.007616025004099831
estimation,straddle,section 3,USO,2011,12,0.005622003226448868,0.0033566675598428043,0.003486010830324909,0.0038552829813240795,0.005043191056910574,0.007088032581453641,0.007816243906469476,0.008772557004523064,0.0,0.0,0.001405500806612217,0.0012607977642276435,0.002811001613224434,0.002521595528455287,0.004216502419836651,0.0037823932926829306,0.005622003226448868,0.005043191056910574
estimation,straddle,section 3,USO,2012,12,0.007118415621184367,0.00431864444077681,0.0045880579406174255,0.005933014354066991,0.006617207654972386,0.008116146594747197,0.010020493553069774,0.010906362545018016,0.0,0.0,0.0017796039052960918,0.0016543019137430965,0.0035592078105921836,0.003308603827486193,0.0053388117158882755,0.00496290574122929,0.007118415621184367,0.006617207654972386
estimation,straddle,section 3,USO,2013,12,0.0077564096695005615,0.005496600650310367,0.005923048464668891,0.006380019351717444,0.006944779358572448,0.009331714337110976,0.010870502046972645,0.011216369837059488,0.0,0.0,0.0019391024173751404,0.001736194839643112,0.0038782048347502807,0.003472389679286224,0.005817307252125421,0.005208584518929336,0.0077564096695005615,0.006944779358572448
estimation,straddle,section 3,USO,2014,12,0.009563594461988373,0.007194244604316553,0.007238178922510853,0.007722350434936985,0.008461235733962968,0.010952932361555723,0.011637912047573605,0.013858249991960647,0.0,0.0,0.002390898615497093,0.002115308933490742,0.004781797230994186,0.004230617866981484,0.00717269584649128,0.006345926800472226,0.009563594461988373,0.008461235733962968
estimation,straddle,section 3,USO,2015,12,0.011207701981358406,0.007199792960662533,0.007451971688574319,0.009378872931398989,0.011399320342409746,0.012783144570286486,0.014172932330827082,0.015115207373271902,0.0,0.0,0.0028019254953396016,0.0028498300856024364,0.005603850990679203,0.005699660171204873,0.008405776486018805,0.00854949025680731,0.011207701981358406,0.011399320342409746
estimation,straddle,section 3,USO,2016,12,0.016263894420346266,0.009539473684210504,0.010584795321637384,0.012393162393162377,0.016395400925787666,0.019595490716180358,0.02163418290854574,0.023798627002288346,0.0,0.0,0.004065973605086566,0.0040988502314469166,0.008131947210173133,0.008197700462893833,0.0121979208152597,0.01229655069434075,0.016263894420346266,0.016395400925787666
estimation,straddle,section 3,USO,2017,12,0.023569614420898933,0.015834575260804784,0.016449013614893038,0.017873651771956864,0.023507805325987154,0.027623211446740875,0.031973434535104386,0.03299617277200655,0.0,0.0,0.005892403605224733,0.005876951331496788,0.011784807210449466,0.011753902662993577,0.0176772108156742,0.017630853994490367,0.023569614420898933,0.023507805325987154
estimation,straddle,section 3,USO,2018,12,0.020714833637545612,0.012436974789915957,0.013058174702010298,0.016468135795116155,0.021972734562951082,0.024542682926829255,0.027270642201834814,0.02857045049979459,0.0,0.0,0.005178708409386403,0.005493183640737771,0.010357416818772806,0.010986367281475541,0.015536125228159208,0.01647955092221331,0.020714833637545612,0.021972734562951082
estimation,straddle,section 3,USO,2019,12,0.014736281756389644,0.01100933908045978,0.011549646863315336,0.012048192771084338,0.013452509931383184,0.016209767964071864,0.019917212554756206,0.021538941782425432,0.0,0.0,0.003684070439097411,0.003363127482845796,0.007368140878194822,0.006726254965691592,0.011052211317292233,0.010089382448537389,0.014736281756389644,0.013452509931383184
estimation,straddle,section 3,USO,2020,11,0.017377219830307673,0.008197208197208206,0.010989010989011,0.012392552319047453,0.014981273408239673,0.019175559679851517,0.033259423503325974,0.03329637841832965,0.0,0.0,0.004344304957576918,0.003745318352059918,0.008688609915153836,0.007490636704119836,0.013032914872730755,0.011235955056179754,0.017377219830307673,0.014981273408239673
estimation,straddle,section 3,USO,2021,12,0.018256252519013944,0.011649525316455692,0.012990578579272863,0.01660862913277449,0.018605428841585774,0.019940244623572193,0.02317400465786849,0.024484171798313845,0.0,0.0,0.004564063129753486,0.004651357210396443,0.009128126259506972,0.009302714420792887,0.013692189389260458,0.01395407163118933,0.018256252519013944,0.018605428841585774
estimation,straddle,section 3,USO,ALL,175,0.016718506636451552,0.004963414634146346,0.006326471570045608,0.008000128002048041,0.013157894736842115,0.020581048058647824,0.029675153643546982,0.03558663558663555,0.0,0.0,0.004179626659112888,0.0032894736842105287,0.008359253318225776,0.0065789473684210575,0.012538879977338664,0.009868421052631585,0.016718506636451552,0.013157894736842115
estimation,strip,section 3,ALL,2007,16,0.11897409581274142,0.07905615309429821,0.08704743058680434,0.09970777953188216,0.11946707878565355,0.1339309634305594,0.14291596052051542,0.15262406813466345,0.0,0.0,0.029743523953185354,0.029866769696413387,0.05948704790637071,0.05973353939282677,0.08923057185955606,0.08960030908924016,0.11897409581274142,0.11946707878565355
estimation,strip,section 3,ALL,2008,31,0.08044237638701779,0.04484797419217368,0.04902952009265932,0.06000980365986856,0.07499035748932642,0.08854508355470914,0.11484289826746555,0.15125684750111323,0.0,0.0,0.020110594096754447,0.018747589372331605,0.040221188193508894,0.03749517874466321,0.06033178229026334,0.056242768116994815,0.08044237638701779,0.07499035748932642
estimation,strip,section 3,ALL,2009,48,0.0793427318481874,0.03603647514390907,0.05104091876059306,0.05952361083845228,0.0690363526088302,0.10160034167773936,0.11533529791370677,0.12855451437529677,0.0,0.0,0.01983568296204685,0.01725908815220755,0.0396713659240937,0.0345181763044151,0.05950704888614054,0.05177726445662265,0.0793427318481874,0.0690363526088302
estimation,strip,section 3,ALL,2010,45,0.03678957221567604,0.020681862722187378,0.023423661747727403,0.02688347849932707,0.03301491100023257,0.044262386723702876,0.05485019013910403,0.0584078620749664,0.0,0.0,0.00919739305391901,0.008253727750058143,0.01839478610783802,0.016507455500116286,0.02759217916175703,0.02476118325017443,0.03678957221567604,0.03301491100023257
estimation,strip,section 3,ALL,2011,44,0.02998897746163824,0.01476094829850207,0.018253854622742906,0.02006430618215021,0.025202135780501615,0.031779811571725554,0.046052001507011595,0.06278958048125241,0.0,0.0,0.00749724436540956,0.006300533945125404,0.01499448873081912,0.012601067890250808,0.02249173309622868,0.01890160183537621,0.02998897746163824,0.025202135780501615
estimation,strip,section 3,ALL,2012,48,0.03374320585477488,0.018974896235676213,0.020270223483537235,0.02571683561299035,0.030718357273020715,0.03724425279762801,0.05109304475447337,0.05768080526314057,0.0,0.0,0.00843580146369372,0.007679589318255179,0.01687160292738744,0.015359178636510358,0.02530740439108116,0.023038767954765536,0.03374320585477488,0.030718357273020715
estimation,strip,section 3,ALL,2013,48,0.03494769739467576,0.019282707301950575,0.021053658656993202,0.025979177463366455,0.029703864195581374,0.04158007453511463,0.050432063088502954,0.06263065003374102,0.0,0.0,0.00873692434866894,0.0074259660488953435,0.01747384869733788,0.014851932097790687,0.026210773046006816,0.02227789814668603,0.03494769739467576,0.029703864195581374
estimation,strip,section 3,ALL,2014,48,0.058115690639953026,0.020644674885919822,0.02446595816280221,0.03380581850134595,0.051355402752350315,0.07395670894568857,0.1011814907248329,0.11670410649193545,0.0,0.0,0.014528922659988256,0.012838850688087579,0.029057845319976513,0.025677701376175158,0.04358676797996477,0.03851655206426274,0.058115690639953026,0.051355402752350315
estimation,strip,section 3,ALL,2015,48,0.06349312439086603,0.030327645044075972,0.03174456787498955,0.0403243399878741,0.051321264784937606,0.08018855458563574,0.11425850210500461,0.11783849560096088,0.0,0.0,0.015873281097716508,0.012830316196234402,0.031746562195433016,0.025660632392468803,0.04761984329314953,0.03849094858870321,0.06349312439086603,0.051321264784937606
estimation,strip,section 3,ALL,2016,48,0.06209020979184889,0.025127970890626423,0.027471234121664426,0.038685254425996046,0.04880181694133385,0.0831671073001588,0.12152338531884825,0.13113643978409276,0.0,0.0,0.015522552447962223,0.012200454235333462,0.031045104895924446,0.024400908470666925,0.04656765734388667,0.03660136270600039,0.06209020979184889,0.04880181694133385
estimation,strip,section 3,ALL,2017,45,0.0548467736674408,0.026205598278734418,0.029177912347075383,0.035737383681379756,0.05568756775353627,0.06486755560664939,0.08092481988388803,0.08605529223583329,0.0,0.0,0.0137116934168602,0.013921891938384067,0.0274233868337204,0.027843783876768134,0.0411350802505806,0.0417656758151522,0.0548467736674408,0.05568756775353627
estimation,strip,section 3,ALL,2018,48,0.05768904689053198,0.031894453845190476,0.03378113523565905,0.04035592949362836,0.05804955977603581,0.06883312856424599,0.07895682434716043,0.09003470137673185,0.0,0.0,0.014422261722632996,0.014512389944008953,0.02884452344526599,0.029024779888017906,0.04326678516789899,0.04353716983202686,0.05768904689053198,0.05804955977603581
estimation,strip,section 3,ALL,2019,48,0.053324757973307206,0.0158466330391683,0.0232753827171202,0.04132392719962937,0.05322373113526879,0.06502503710578729,0.0766303097727448,0.09436590130389698,0.0,0.0,0.013331189493326802,0.013305932783817198,0.026662378986653603,0.026611865567634396,0.0399935684799804,0.039917798351451594,0.053324757973307206,0.05322373113526879
estimation,strip,section 3,ALL,2020,48,0.03796638759351376,0.017552383285935245,0.018253224310336297,0.026648113096158565,0.03618159751270882,0.04463436736072904,0.05465038102603688,0.06377587650172163,0.0,0.0,0.00949159689837844,0.009045399378177206,0.01898319379675688,0.01809079875635441,0.028474790695135324,0.027136198134531615,0.03796638759351376,0.03618159751270882
estimation,strip,section 3,ALL,2021,48,0.04934968668896352,0.020537417291773268,0.022077007616325996,0.0274840718274914,0.043826152180178074,0.05882233732595629,0.07325645205882163,0.08857572716145524,0.0,0.0,0.01233742167224088,0.010956538045044519,0.02467484334448176,0.021913076090089037,0.03701226501672264,0.032869614135133556,0.04934968668896352,0.043826152180178074
estimation,strip,section 3,ALL,ALL,661,0.05337889810779369,0.019490892052852444,0.023416284395996297,0.03006130390857899,0.04629737827880122,0.06493146891873183,0.09574536616245526,0.11576082601971587,0.0,0.0,0.013344724526948423,0.011574344569700305,0.026689449053896846,0.02314868913940061,0.04003417358084527,0.03472303370910092,0.05337889810779369,0.04629737827880122
estimation,strip,section 3,GLD,2008,7,0.06838158785603837,0.061826835976028074,0.06236158268344562,0.06398365528557029,0.0649545245253124,0.07296067905383634,0.0764042303100048,0.07747003141476859,0.0,0.0,0.017095396964009593,0.0162386311313281,0.034190793928019186,0.0324772622626562,0.05128619089202878,0.0487158933939843,0.06838158785603837,0.0649545245253124
estimation,strip,section 3,GLD,2009,12,0.06608240494681546,0.02903768169998386,0.03226262043224602,0.05927520108142641,0.0690363526088302,0.07465857493969712,0.07950271212473108,0.09141491337156686,0.0,0.0,0.016520601236703864,0.01725908815220755,0.03304120247340773,0.0345181763044151,0.049561803710111596,0.05177726445662265,0.06608240494681546,0.0690363526088302
estimation,strip,section 3,GLD,2010,12,0.03407648258922824,0.01944685871374855,0.020394640717719383,0.025700699481361104,0.031513098337196156,0.0404547870579016,0.04792165727438824,0.055554777110256935,0.0,0.0,0.00851912064730706,0.007878274584299039,0.01703824129461412,0.015756549168598078,0.02555736194192118,0.02363482375289712,0.03407648258922824,0.031513098337196156
estimation,strip,section 3,GLD,2011,12,0.03725008207015231,0.018431836394213467,0.01866301385617431,0.02027745890541144,0.02485220585412925,0.04729554643466531,0.0651240806098858,0.08387621279461688,0.0,0.0,0.009312520517538078,0.006213051463532312,0.018625041035076156,0.012426102927064624,0.027937561552614232,0.018639154390596935,0.03725008207015231,0.02485220585412925
estimation,strip,section 3,GLD,2012,12,0.033563523768868765,0.01931066188192417,0.020716471202320823,0.025433512109241985,0.034271046413400855,0.03660988991399903,0.046683150335015584,0.053967466892035305,0.0,0.0,0.008390880942217191,0.008567761603350214,0.016781761884434383,0.017135523206700427,0.025172642826651576,0.02570328481005064,0.033563523768868765,0.034271046413400855
estimation,strip,section 3,GLD,2013,12,0.02645744264087557,0.015989413117510357,0.018296265647871696,0.0193273018609044,0.025709478752202204,0.031006093087662098,0.040890889841812106,0.04164482750473105,0.0,0.0,0.006614360660218892,0.006427369688050551,0.013228721320437785,0.012854739376101102,0.019843081980656676,0.019282109064151655,0.02645744264087557,0.025709478752202204
estimation,strip,section 3,GLD,2014,12,0.027366032729323822,0.01869932485386061,0.018916795214328798,0.02112028047943322,0.025939382754973872,0.03320066169471466,0.036680504916130764,0.03887569128347035,0.0,0.0,0.0068415081823309555,0.006484845688743468,0.013683016364661911,0.012969691377486936,0.020524524546992867,0.019454537066230404,0.027366032729323822,0.025939382754973872
estimation,strip,section 3,GLD,2015,12,0.03666201290319845,0.026144927637032835,0.028475309527944657,0.03128578859470536,0.03690126800619474,0.04090840767894524,0.04662276919981947,0.04911317437450878,0.0,0.0,0.009165503225799612,0.009225317001548685,0.018331006451599224,0.01845063400309737,0.027496509677398834,0.027675951004646055,0.03666201290319845,0.03690126800619474
estimation,strip,section 3,GLD,2016,12,0.02974921055759924,0.022554235728040547,0.02413821235032072,0.025833037419273223,0.028615619540358357,0.03476568210231065,0.03678493577730317,0.037999236722497394,0.0,0.0,0.00743730263939981,0.007153904885089589,0.01487460527879962,0.014307809770179179,0.02231190791819943,0.02146171465526877,0.02974921055759924,0.028615619540358357
estimation,strip,section 3,GLD,2017,12,0.029232594293349543,0.022098869712212817,0.023952922868790454,0.027826347422100887,0.03016214724182728,0.03126883331492118,0.03449055377055388,0.03521375132348898,0.0,0.0,0.007308148573337386,0.00754053681045682,0.014616297146674772,0.01508107362091364,0.02192444572001216,0.02262161043137046,0.029232594293349543,0.03016214724182728
estimation,strip,section 3,GLD,2018,12,0.03536683370261371,0.02929693111313002,0.029838206188414644,0.03249599111480564,0.03533840373663848,0.03854872359681141,0.04039727290933711,0.04103103922567327,0.0,0.0,0.008841708425653428,0.00883460093415962,0.017683416851306855,0.01766920186831924,0.026525125276960285,0.026503802802478858,0.03536683370261371,0.03533840373663848
estimation,strip,section 3,GLD,2019,12,0.025650635997725824,0.014354811494257807,0.014601113633954953,0.015852391056295097,0.025867103375634436,0.030487944215803253,0.03452250887047175,0.04156721553717008,0.0,0.0,0.006412658999431456,0.006466775843908609,0.012825317998862912,0.012933551687817218,0.019237976998294368,0.019400327531725825,0.025650635997725824,0.025867103375634436
estimation,strip,section 3,GLD,2020,12,0.02089132881952965,0.01586391691445642,0.016037121002529266,0.017754588828962137,0.018600656018784863,0.02258733449108602,0.0292275479906474,0.02973023322135731,0.0,0.0,0.005222832204882412,0.004650164004696216,0.010445664409764825,0.009300328009392431,0.015668496614647236,0.013950492014088647,0.02089132881952965,0.018600656018784863
estimation,strip,section 3,GLD,2021,12,0.023662994594076284,0.019728248313633238,0.020140036346742815,0.021612093419739006,0.023083099392400767,0.026299129778989877,0.026932904611613198,0.02770482626199175,0.0,0.0,0.005915748648519071,0.005770774848100192,0.011831497297038142,0.011541549696200384,0.017747245945557214,0.017312324544300574,0.023662994594076284,0.023083099392400767
estimation,strip,section 3,GLD,ALL,163,0.034299448284371474,0.017782799518309394,0.018718043072894642,0.02350063442604105,0.029373141569546304,0.03817231379564894,0.06277327600173431,0.07076857906293789,0.0,0.0,0.008574862071092869,0.007343285392386576,0.017149724142185737,0.014686570784773152,0.025724586213278604,0.02202985617715973,0.034299448284371474,0.029373141569546304
estimation,strip,section 3,SLV,2008,1,0.14351795921835778,0.14351795921835778,0.14351795921835778,0.14351795921835778,0.14351795921835778,0.14351795921835778,0.14351795921835778,0.14351795921835778,0.0,0.0,0.035879489804589444,0.035879489804589444,0.07175897960917889,0.07175897960917889,0.10763846941376834,0.10763846941376834,0.14351795921835778,0.14351795921835778
estimation,strip,section 3,SLV,2009,12,0.10814596340342014,0.054618694516633676,0.0625894748888355,0.09833659517158316,0.10806284329625551,0.12844096389803372,0.13964817980669125,0.1518050859664243,0.0,0.0,0.027036490850855036,0.027015710824063878,0.05407298170171007,0.054031421648127756,0.0811094725525651,0.08104713247219164,0.10814596340342014,0.10806284329625551
estimation,strip,section 3,SLV,2010,12,0.043117686241802324,0.02053433235093777,0.023754676500458153,0.032716654369022234,0.042468984338550834,0.05420529684853179,0.05623046353969836,0.06408213171791721,0.0,0.0,0.010779421560450581,0.010617246084637709,0.021558843120901162,0.021234492169275417,0.032338264681351744,0.031851738253913124,0.043117686241802324,0.042468984338550834
estimation,strip,section 3,SLV,2011,12,0.025422655106136168,0.013167971908096767,0.01397244383316786,0.019687609579961563,0.02456519686710562,0.03075261787828866,0.035981469414639346,0.03889487152756194,0.0,0.0,0.006355663776534042,0.006141299216776405,0.012711327553068084,0.01228259843355281,0.019066991329602125,0.018423897650329216,0.025422655106136168,0.02456519686710562
estimation,strip,section 3,SLV,2012,12,0.04444928645294163,0.03259271166070399,0.034115153035645183,0.035335350159352595,0.04391044246708729,0.04893589492617439,0.05881942702250405,0.06205022131559921,0.0,0.0,0.011112321613235408,0.010977610616771823,0.022224643226470817,0.021955221233543647,0.033336964839706225,0.03293283185031547,0.04444928645294163,0.04391044246708729
estimation,strip,section 3,SLV,2013,12,0.04111996293014124,0.03051571870159778,0.03422074516533874,0.03618242120521828,0.0408554319431534,0.044589915180313994,0.04720163240816,0.05429782863688405,0.0,0.0,0.01027999073253531,0.01021385798578835,0.02055998146507062,0.0204277159715767,0.03083997219760593,0.03064157395736505,0.04111996293014124,0.0408554319431534
estimation,strip,section 3,SLV,2014,12,0.05581489364214565,0.04487412348256822,0.048553114381688384,0.05085986079890167,0.05567802446509676,0.061447330052106126,0.06373767959719136,0.06602055833185223,0.0,0.0,0.013953723410536413,0.01391950611627419,0.027907446821072827,0.02783901223254838,0.04186117023160924,0.04175851834882257,0.05581489364214565,0.05567802446509676
estimation,strip,section 3,SLV,2015,12,0.058143522453523465,0.04952246060869392,0.04979655921555509,0.050756176865936815,0.054057698528731664,0.060874671653518876,0.07657345305927558,0.07784327652857878,0.0,0.0,0.014535880613380866,0.013514424632182916,0.029071761226761732,0.027028849264365832,0.0436076418401426,0.04054327389654875,0.058143522453523465,0.054057698528731664
estimation,strip,section 3,SLV,2016,12,0.05520163312209272,0.04374392731617981,0.04536185867916047,0.047437059488930435,0.056867005544286364,0.060263397513236214,0.06572058288270048,0.0679003618372416,0.0,0.0,0.01380040828052318,0.014216751386071591,0.02760081656104636,0.028433502772143182,0.04140122484156954,0.04265025415821477,0.05520163312209272,0.056867005544286364
estimation,strip,section 3,SLV,2017,12,0.05744508723257888,0.0490202471545162,0.051657863681553506,0.05476276375731406,0.05717944839822002,0.061429039272745845,0.062024955533857326,0.06475849005113533,0.0,0.0,0.01436127180814472,0.014294862099555005,0.02872254361628944,0.02858972419911001,0.04308381542443416,0.04288458629866501,0.05744508723257888,0.05717944839822002
estimation,strip,section 3,SLV,2018,12,0.06424162116648006,0.051739675462976586,0.05316581828977045,0.05810097288809146,0.06253552307901468,0.07088216346766256,0.07300413320839988,0.07876924923265699,0.0,0.0,0.016060405291620016,0.01563388076975367,0.03212081058324003,0.03126776153950734,0.048181215874860045,0.04690164230926101,0.06424162116648006,0.06253552307901468
estimation,strip,section 3,SLV,2019,12,0.05442418212407452,0.04234291164545078,0.04307534347336063,0.04608422799777698,0.05386603044985462,0.062382279428921876,0.06460058406140268,0.0669298675516819,0.0,0.0,0.01360604553101863,0.013466507612463655,0.02721209106203726,0.02693301522492731,0.040818136593055894,0.04039952283739097,0.05442418212407452,0.05386603044985462
estimation,strip,section 3,SLV,2020,12,0.04026781908522153,0.02714005932049791,0.02817703641454069,0.03294325404878293,0.04117774875293101,0.045019977286110194,0.05271475494088655,0.05356066214970559,0.0,0.0,0.010066954771305382,0.010294437188232752,0.020133909542610764,0.020588874376465505,0.030200864313916144,0.030883311564698257,0.04026781908522153,0.04117774875293101
estimation,strip,section 3,SLV,2021,12,0.03985679279737434,0.02489284897735815,0.02861205392068414,0.03657221243112251,0.043826152180178074,0.04547452827228313,0.04621774432586152,0.047980100210429664,0.0,0.0,0.009964198199343586,0.010956538045044519,0.01992839639868717,0.021913076090089037,0.02989259459803076,0.032869614135133556,0.03985679279737434,0.043826152180178074
estimation,strip,section 3,SLV,ALL,157,0.053473447314099046,0.023861525122383417,0.029048719059361815,0.04126358419313865,0.05001977690279151,0.06128052801663755,0.0718410919970295,0.1035444340414437,0.0,0.0,0.013368361828524761,0.012504944225697878,0.026736723657049523,0.025009888451395755,0.04010508548557429,0.03751483267709363,0.053473447314099046,0.05001977690279151
estimation,strip,section 3,UNG,2007,8,0.11847917374858204,0.08366030781110889,0.0918469752928194,0.11113677133082239,0.12533135963488626,0.1339309634305594,0.13730093530836018,0.13743795748129017,0.0,0.0,0.02961979343714551,0.031332839908721564,0.05923958687429102,0.06266567981744313,0.08885938031143653,0.09399851972616469,0.11847917374858204,0.12533135963488626
estimation,strip,section 3,UNG,2008,11,0.09749951593309394,0.08218590048972588,0.08256870815033793,0.08478038600268853,0.08817355571096767,0.09567080115629784,0.11484289826746555,0.14158512440995547,0.0,0.0,0.024374878983273486,0.02204338892774192,0.04874975796654697,0.04408677785548384,0.07312463694982047,0.06613016678322575,0.09749951593309394,0.08817355571096767
estimation,strip,section 3,UNG,2009,12,0.08645006647310068,0.05639508053420139,0.06326582238923967,0.06807159498200062,0.09285562124487917,0.10161763083343915,0.10651613286461152,0.11092308108034465,0.0,0.0,0.02161251661827517,0.023213905311219793,0.04322503323655034,0.046427810622439586,0.06483754985482551,0.06964171593365938,0.08645006647310068,0.09285562124487917
estimation,strip,section 3,UNG,2010,9,0.04247478516148202,0.031676003706706764,0.03252047958629146,0.03301491100023257,0.044262386723702876,0.045443005557525916,0.051014284783320964,0.05497431418359269,0.0,0.0,0.010618696290370506,0.011065596680925719,0.02123739258074101,0.022131193361851438,0.03185608887111152,0.03319679004277716,0.04247478516148202,0.044262386723702876
estimation,strip,section 3,UNG,2011,8,0.037046632566675716,0.026956113516241963,0.028323068565082803,0.0301996938200825,0.03191010251238308,0.03869653657108134,0.05151223663175965,0.05822185277524573,0.0,0.0,0.009261658141668929,0.00797752562809577,0.018523316283337858,0.01595505125619154,0.027784974425006787,0.023932576884287314,0.037046632566675716,0.03191010251238308
estimation,strip,section 3,UNG,2012,12,0.026102821418233058,0.017918682251537536,0.01855106641430446,0.0201517806268584,0.021857174473221042,0.02947856411737464,0.03340057375414983,0.043131936644660564,0.0,0.0,0.006525705354558264,0.0054642936183052606,0.013051410709116529,0.010928587236610521,0.019577116063674793,0.016392880854915783,0.026102821418233058,0.021857174473221042
estimation,strip,section 3,UNG,2013,12,0.026528881624667235,0.022919570385087105,0.023966687240202986,0.025520137784536545,0.026342785278064603,0.027590120280021366,0.028068460525686074,0.030333397319813733,0.0,0.0,0.006632220406166809,0.006585696319516151,0.013264440812333618,0.013171392639032302,0.019896661218500426,0.01975708895854845,0.026528881624667235,0.026342785278064603
estimation,strip,section 3,UNG,2014,12,0.06530290055439376,0.02963624582753056,0.031584870266211665,0.044299159943887466,0.05307501570192696,0.09096102583777918,0.10068247948214787,0.1084224882316226,0.0,0.0,0.01632572513859844,0.01326875392548174,0.03265145027719688,0.02653750785096348,0.048977175415795327,0.039806261776445216,0.06530290055439376,0.05307501570192696
estimation,strip,section 3,UNG,2015,12,0.11136462344455868,0.08705820755957265,0.0886510564334771,0.09702210837578773,0.1133230744167017,0.11746383009774601,0.13724692316649556,0.14051098124271433,0.0,0.0,0.02784115586113967,0.028330768604175424,0.05568231172227934,0.05666153720835085,0.08352346758341901,0.08499230581252627,0.11136462344455868,0.1133230744167017
estimation,strip,section 3,UNG,2016,12,0.11471313771581826,0.08356039806412528,0.08550524843156412,0.10487174269520412,0.11536755640805538,0.129588951005907,0.13329443659017684,0.13739491920762248,0.0,0.0,0.028678284428954565,0.028841889102013844,0.05735656885790913,0.05768377820402769,0.0860348532868637,0.08652566730604153,0.11471313771581826,0.11536755640805538
estimation,strip,section 3,UNG,2017,9,0.07752245474779003,0.060077460425456926,0.061018111275438325,0.06486755560664939,0.0805820977805385,0.08691590644801016,0.09391609393922329,0.09943126720969167,0.0,0.0,0.019380613686947507,0.020145524445134625,0.038761227373895014,0.04029104889026925,0.058141841060842525,0.06043657333540388,0.07752245474779003,0.0805820977805385
estimation,strip,section 3,UNG,2018,12,0.07254142901930506,0.05450995312312087,0.05501186575748894,0.060416423522634904,0.06566671735531088,0.07862025625453106,0.0936254997203938,0.10820692412109469,0.0,0.0,0.018135357254826266,0.01641667933882772,0.03627071450965253,0.03283335867765544,0.0544060717644788,0.04925003801648316,0.07254142901930506,0.06566671735531088
estimation,strip,section 3,UNG,2019,12,0.07631566092726828,0.042706929235732514,0.04569316333195266,0.0691511098722103,0.07609895979823453,0.08813422496197365,0.10154321515515036,0.10516288749965236,0.0,0.0,0.01907891523181707,0.019024739949558632,0.03815783046363414,0.038049479899117264,0.057236745695451216,0.057074219848675896,0.07631566092726828,0.07609895979823453
estimation,strip,section 3,UNG,2020,12,0.03768652923481265,0.025639432270664595,0.028465697755693603,0.029519606732971524,0.03242177774231765,0.0454793384743604,0.054373135650294835,0.05477790470860254,0.0,0.0,0.009421632308703163,0.008105444435579413,0.018843264617406326,0.016210888871158825,0.02826489692610949,0.024316333306738238,0.03768652923481265,0.03242177774231765
estimation,strip,section 3,UNG,2021,12,0.058402074431450984,0.03390697006998836,0.03947097771075074,0.04536875406413102,0.059850368119956136,0.06696587747655032,0.07808113514380753,0.0888280478404991,0.0,0.0,0.014600518607862746,0.014962592029989034,0.029201037215725492,0.029925184059978068,0.04380155582358824,0.0448877760899671,0.058402074431450984,0.059850368119956136
estimation,strip,section 3,UNG,ALL,165,0.06970650777632029,0.023296078118101946,0.02674156264327548,0.0339634424878107,0.06631238216910681,0.09574536616245526,0.11722260919342505,0.1323931596272755,0.0,0.0,0.01742662694408007,0.016578095542276704,0.03485325388816014,0.03315619108455341,0.052279880832240215,0.04973428662683011,0.06970650777632029,0.06631238216910681
estimation,strip,section 3,USO,2007,8,0.1194690178769008,0.08500829861554247,0.08976627321515347,0.09845288410915864,0.11883301002752854,0.13457913954309456,0.153497493484234,0.15961147093122782,0.0,0.0,0.0298672544692252,0.029708252506882134,0.0597345089384504,0.05941650501376427,0.0896017634076756,0.0891247575206464,0.1194690178769008,0.11883301002752854
estimation,strip,section 3,USO,2008,12,0.0665858265435743,0.04292904555106721,0.043702612840613095,0.04834205903990059,0.05508597377735004,0.07439532805402359,0.08827008019061892,0.1209081638171047,0.0,0.0,0.016646456635893574,0.01377149344433751,0.03329291327178715,0.02754298688867502,0.04993936990768072,0.041314480333012535,0.0665858265435743,0.05508597377735004
estimation,strip,section 3,USO,2009,12,0.05669249256941334,0.04084899291761096,0.05203669043915248,0.05550091152004413,0.05939216697435719,0.06170578452385008,0.0630023330501254,0.06461949476226857,0.0,0.0,0.014173123142353335,0.014848041743589297,0.02834624628470667,0.029696083487178594,0.04251936942706001,0.044544125230767895,0.05669249256941334,0.05939216697435719
estimation,strip,section 3,USO,2010,12,0.02891063810664307,0.024468164847314143,0.02534279241259918,0.026243234587926437,0.027230029908144104,0.029888113609787506,0.03250872810340375,0.03700767277642805,0.0,0.0,0.007227659526660767,0.006807507477036026,0.014455319053321534,0.013615014954072052,0.0216829785799823,0.02042252243110808,0.02891063810664307,0.027230029908144104
estimation,strip,section 3,USO,2011,12,0.02258909180526795,0.015846398330624924,0.01730986586037207,0.019553033114694755,0.022114768810923592,0.02545520076279199,0.029909150312325928,0.030878304486713932,0.0,0.0,0.005647272951316988,0.005528692202730898,0.011294545902633976,0.011057384405461796,0.016941818853950963,0.016586076608192696,0.02258909180526795,0.022114768810923592
estimation,strip,section 3,USO,2012,12,0.030857191779056076,0.025281891163869155,0.025735097282499935,0.02693381164824373,0.029985192411841326,0.0308389599314212,0.03618793174789861,0.04266838671319676,0.0,0.0,0.007714297944764019,0.007496298102960331,0.015428595889528038,0.014992596205920663,0.023142893834292057,0.022488894308880993,0.030857191779056076,0.029985192411841326
estimation,strip,section 3,USO,2013,12,0.045684502383019,0.027252367549979117,0.027688680754607183,0.02947484090164033,0.03592384113438428,0.05876195912015565,0.07314689560642308,0.08315930115157041,0.0,0.0,0.01142112559575475,0.00898096028359607,0.0228422511915095,0.01796192056719214,0.03426337678726425,0.02694288085078821,0.045684502383019,0.03592384113438428
estimation,strip,section 3,USO,2014,12,0.08397893563394883,0.04335044176070721,0.050565293184513214,0.06616288805920742,0.08247013621352284,0.10481039554371338,0.11796704949250296,0.12323885501861995,0.0,0.0,0.020994733908487207,0.02061753405338071,0.041989467816974414,0.04123506810676142,0.06298420172546162,0.06185260216014213,0.08397893563394883,0.08247013621352284
estimation,strip,section 3,USO,2015,12,0.04780233876218356,0.03296448506902604,0.03532938759749335,0.03832004367543151,0.04546015171683783,0.057970308122069075,0.06032482973636052,0.06557947977986463,0.0,0.0,0.01195058469054589,0.011365037929209457,0.02390116938109178,0.022730075858418915,0.03585175407163767,0.034095113787628376,0.04780233876218356,0.04546015171683783
estimation,strip,section 3,USO,2016,12,0.04869685777188537,0.03823734082304497,0.03944082078880305,0.04119907483080559,0.04416922741187486,0.05087099783259097,0.053783889147175475,0.07124144897637882,0.0,0.0,0.012174214442971343,0.011042306852968715,0.024348428885942686,0.02208461370593743,0.03652264332891403,0.03312692055890615,0.04869685777188537,0.04416922741187486
estimation,strip,section 3,USO,2017,12,0.06085587866613205,0.047657723807883474,0.048752218610029104,0.052571912002252016,0.056024682906110915,0.07079111920182496,0.07710588175704862,0.07959778793770694,0.0,0.0,0.015213969666533012,0.014006170726527729,0.030427939333066024,0.028012341453055457,0.04564190899959904,0.04201851217958319,0.06085587866613205,0.056024682906110915
estimation,strip,section 3,USO,2018,12,0.05860630367372912,0.03872107904934479,0.039394936231831115,0.047151398567688574,0.05946087290429843,0.06883486181502427,0.06970555469567215,0.07997658075540774,0.0,0.0,0.01465157591843228,0.014865218226074608,0.02930315183686456,0.029730436452149216,0.04395472775529684,0.04459565467822382,0.05860630367372912,0.05946087290429843
estimation,strip,section 3,USO,2019,12,0.056908552844160215,0.04761201102101328,0.04855626518589147,0.049962961248795804,0.05691955774666144,0.06068106846507128,0.0659902408922785,0.06841971595820784,0.0,0.0,0.014227138211040054,0.01422988943666536,0.028454276422080108,0.02845977887333072,0.04268141463312016,0.04268966830999608,0.056908552844160215,0.05691955774666144
estimation,strip,section 3,USO,2020,12,0.0530198732344912,0.031610258021896584,0.03859962721269331,0.041387896097398444,0.044698549912205364,0.0636704959335736,0.08788322892555499,0.09333583319606552,0.0,0.0,0.0132549683086228,0.011174637478051341,0.0265099366172456,0.022349274956102682,0.0397649049258684,0.03352391243415402,0.0530198732344912,0.044698549912205364
estimation,strip,section 3,USO,2021,12,0.07547688493295246,0.03504649307371799,0.038455020367459056,0.04387350623878475,0.058214698417931095,0.0742331422321883,0.0900231169539059,0.16876023035539017,0.0,0.0,0.018869221233238115,0.014553674604482774,0.03773844246647623,0.029107349208965547,0.056607663699714345,0.04366102381344832,0.07547688493295246,0.058214698417931095
estimation,strip,section 3,USO,ALL,176,0.05565759413348117,0.023412011006070498,0.026671633100438748,0.0351113675584138,0.05003029349324141,0.06404147845822838,0.09148561146004253,0.11616830788407842,0.0,0.0,0.013914398533370292,0.012507573373310352,0.027828797066740584,0.025015146746620705,0.041743195600110874,0.03752272011993106,0.05565759413348117,0.05003029349324141
estimation,strip,section 3 and rule 2 floor,ALL,2007,8,0.11297395930674385,0.07714547961968497,0.07881731890997157,0.09505433082372222,0.11630920448436943,0.13181077612928263,0.14050552382813739,0.14438123260747404,0.0,0.0,0.028243489826685963,0.029077301121092358,0.056486979653371926,0.058154602242184716,0.08473046948005789,0.08723190336327707,0.11297395930674385,0.11630920448436943
estimation,strip,section 3 and rule 2 floor,ALL,2008,23,0.06864118360325641,0.043702612840613095,0.04682964472383139,0.05508597377735004,0.0649545245253124,0.08351030615210125,0.08957980622785569,0.08989226553319947,0.0,0.0,0.017160295900814103,0.0162386311313281,0.034320591801628206,0.0324772622626562,0.05148088770244231,0.0487158933939843,0.06864118360325641,0.0649545245253124
estimation,strip,section 3 and rule 2 floor,ALL,2009,24,0.061387448758114395,0.028739495149261687,0.03614857577513101,0.057805784479250034,0.06134038419857422,0.06893351531664414,0.07639840634897092,0.07939468889308787,0.0,0.0,0.015346862189528599,0.015335096049643554,0.030693724379057197,0.03067019209928711,0.0460405865685858,0.046005288148930665,0.061387448758114395,0.06134038419857422
estimation,strip,section 3 and rule 2 floor,ALL,2010,24,0.031548487296882546,0.020524898126704837,0.023273417809399267,0.026171333602848332,0.028277695585000418,0.035640976721240426,0.04195198016823634,0.047714109022875296,0.0,0.0,0.007887121824220637,0.0070694238962501045,0.015774243648441273,0.014138847792500209,0.02366136547266191,0.021208271688750314,0.031548487296882546,0.028277695585000418
estimation,strip,section 3 and rule 2 floor,ALL,2011,36,0.02842060966051881,0.014137184442415823,0.017641970776979165,0.019553033114694755,0.024377591963123585,0.029495629462441303,0.04427540940267916,0.05467217598581803,0.0,0.0,0.007105152415129702,0.006094397990780896,0.014210304830259405,0.012188795981561792,0.021315457245389108,0.01828319397234269,0.02842060966051881,0.024377591963123585
estimation,strip,section 3 and rule 2 floor,ALL,2012,38,0.03537113891702579,0.019929522538777233,0.021597365826022077,0.027398641766075503,0.033630846358988456,0.040652297717591435,0.05109304475447337,0.059703156913796775,0.0,0.0,0.008842784729256448,0.008407711589747114,0.017685569458512896,0.016815423179494228,0.026528354187769346,0.025223134769241342,0.03537113891702579,0.033630846358988456
estimation,strip,section 3 and rule 2 floor,ALL,2013,33,0.03824197094141078,0.018822610878424073,0.019371318193240658,0.02762255058584717,0.035416698510274174,0.04426479059314063,0.06143817472630617,0.06738513659452805,0.0,0.0,0.009560492735352696,0.008854174627568543,0.01912098547070539,0.017708349255137087,0.028681478206058087,0.02656252388270563,0.03824197094141078,0.035416698510274174
estimation,strip,section 3 and rule 2 floor,ALL,2014,38,0.05907588368418771,0.020009899195384463,0.02301513436503623,0.03320066169471466,0.055094215824357626,0.07434056089221472,0.1055899811460611,0.11736205054936497,0.0,0.0,0.014768970921046927,0.013773553956089406,0.029537941842093855,0.027547107912178813,0.044306912763140784,0.041320661868268216,0.05907588368418771,0.055094215824357626
estimation,strip,section 3 and rule 2 floor,ALL,2015,28,0.046279853423961216,0.02897484559648188,0.030381650713473287,0.03536481157693484,0.043549956804059,0.05122700620763764,0.05944593003568327,0.06784977611766813,0.0,0.0,0.011569963355990304,0.01088748920101475,0.023139926711980608,0.0217749784020295,0.034709890067970914,0.032662467603044254,0.046279853423961216,0.043549956804059
estimation,strip,section 3 and rule 2 floor,ALL,2016,16,0.03444187127829414,0.023239814210647056,0.02430391249598283,0.02679215902735357,0.032949637033715784,0.03991607726465137,0.049115382070513774,0.05129914521119479,0.0,0.0,0.008610467819573534,0.008237409258428946,0.01722093563914707,0.016474818516857892,0.025831403458720602,0.024712227775286838,0.03444187127829414,0.032949637033715784
estimation,strip,section 3 and rule 2 floor,ALL,2017,12,0.029232594293349543,0.022098869712212817,0.023952922868790454,0.027826347422100887,0.03016214724182728,0.03126883331492118,0.03449055377055388,0.03521375132348898,0.0,0.0,0.007308148573337386,0.00754053681045682,0.014616297146674772,0.01508107362091364,0.02192444572001216,0.02262161043137046,0.029232594293349543,0.03016214724182728
estimation,strip,section 3 and rule 2 floor,ALL,2018,16,0.04574572845967928,0.029461947070250964,0.030518162875464674,0.03329244313804918,0.037597586155680124,0.0414648352067551,0.07074533572977489,0.08887219124674017,0.0,0.0,0.01143643211491982,0.009399396538920031,0.02287286422983964,0.018798793077840062,0.03430929634475946,0.028198189616760093,0.04574572845967928,0.037597586155680124
estimation,strip,section 3 and rule 2 floor,ALL,2019,21,0.0422703838204947,0.014463282396151909,0.015841594774182354,0.025066491674526185,0.034538537121917914,0.05787731000121595,0.07598276706351766,0.0762151525329514,0.0,0.0,0.010567595955123675,0.008634634280479479,0.02113519191024735,0.017269268560958957,0.03170278786537103,0.025903902841438436,0.0422703838204947,0.034538537121917914
estimation,strip,section 3 and rule 2 floor,ALL,2020,39,0.03652893805082087,0.017226749832091447,0.01798195869364704,0.022796243845778677,0.03384646670441531,0.04288821960599267,0.054170835443370806,0.06653643387959607,0.0,0.0,0.009132234512705218,0.008461616676103827,0.018264469025410436,0.016923233352207655,0.027396703538115654,0.025384850028311482,0.03652893805082087,0.03384646670441531
estimation,strip,section 3 and rule 2 floor,ALL,2021,39,0.046109166170795884,0.020457531475117308,0.021709389237944465,0.026328875500176256,0.03977840263952607,0.048167207920166405,0.07029497021931547,0.08539146961806386,0.0,0.0,0.011527291542698971,0.009944600659881517,0.023054583085397942,0.019889201319763034,0.03458187462809691,0.029833801979644553,0.046109166170795884,0.03977840263952607
estimation,strip,section 3 and rule 2 floor,ALL,ALL,395,0.044626096097246194,0.018533263086504916,0.020385055869252634,0.027038935661429935,0.03709235544972636,0.055094215824357626,0.07577911636986996,0.09512402304696778,0.0,0.0,0.011156524024311549,0.00927308886243159,0.022313048048623097,0.01854617772486318,0.03346957207293465,0.02781926658729477,0.044626096097246194,0.03709235544972636
estimation,strip,section 3 and rule 2 floor,GLD,2008,7,0.06838158785603837,0.061826835976028074,0.06236158268344562,0.06398365528557029,0.0649545245253124,0.07296067905383634,0.0764042303100048,0.07747003141476859,0.0,0.0,0.017095396964009593,0.0162386311313281,0.034190793928019186,0.0324772622626562,0.05128619089202878,0.0487158933939843,0.06838158785603837,0.0649545245253124
estimation,strip,section 3 and rule 2 floor,GLD,2009,12,0.06608240494681546,0.02903768169998386,0.03226262043224602,0.05927520108142641,0.0690363526088302,0.07465857493969712,0.07950271212473108,0.09141491337156686,0.0,0.0,0.016520601236703864,0.01725908815220755,0.03304120247340773,0.0345181763044151,0.049561803710111596,0.05177726445662265,0.06608240494681546,0.0690363526088302
estimation,strip,section 3 and rule 2 floor,GLD,2010,12,0.03407648258922824,0.01944685871374855,0.020394640717719383,0.025700699481361104,0.031513098337196156,0.0404547870579016,0.04792165727438824,0.055554777110256935,0.0,0.0,0.00851912064730706,0.007878274584299039,0.01703824129461412,0.015756549168598078,0.02555736194192118,0.02363482375289712,0.03407648258922824,0.031513098337196156
estimation,strip,section 3 and rule 2 floor,GLD,2011,12,0.03725008207015231,0.018431836394213467,0.01866301385617431,0.02027745890541144,0.02485220585412925,0.04729554643466531,0.0651240806098858,0.08387621279461688,0.0,0.0,0.009312520517538078,0.006213051463532312,0.018625041035076156,0.012426102927064624,0.027937561552614232,0.018639154390596935,0.03725008207015231,0.02485220585412925
estimation,strip,section 3 and rule 2 floor,GLD,2012,12,0.033563523768868765,0.01931066188192417,0.020716471202320823,0.025433512109241985,0.034271046413400855,0.03660988991399903,0.046683150335015584,0.053967466892035305,0.0,0.0,0.008390880942217191,0.008567761603350214,0.016781761884434383,0.017135523206700427,0.025172642826651576,0.02570328481005064,0.033563523768868765,0.034271046413400855
estimation,strip,section 3 and rule 2 floor,GLD,2013,12,0.02645744264087557,0.015989413117510357,0.018296265647871696,0.0193273018609044,0.025709478752202204,0.031006093087662098,0.040890889841812106,0.04164482750473105,0.0,0.0,0.006614360660218892,0.006427369688050551,0.013228721320437785,0.012854739376101102,0.019843081980656676,0.019282109064151655,0.02645744264087557,0.025709478752202204
estimation,strip,section 3 and rule 2 floor,GLD,2014,12,0.027366032729323822,0.01869932485386061,0.018916795214328798,0.02112028047943322,0.025939382754973872,0.03320066169471466,0.036680504916130764,0.03887569128347035,0.0,0.0,0.0068415081823309555,0.006484845688743468,0.013683016364661911,0.012969691377486936,0.020524524546992867,0.019454537066230404,0.027366032729323822,0.025939382754973872
estimation,strip,section 3 and rule 2 floor,GLD,2015,12,0.03666201290319845,0.026144927637032835,0.028475309527944657,0.03128578859470536,0.03690126800619474,0.04090840767894524,0.04662276919981947,0.04911317437450878,0.0,0.0,0.009165503225799612,0.009225317001548685,0.018331006451599224,0.01845063400309737,0.027496509677398834,0.027675951004646055,0.03666201290319845,0.03690126800619474
estimation,strip,section 3 and rule 2 floor,GLD,2016,12,0.02974921055759924,0.022554235728040547,0.02413821235032072,0.025833037419273223,0.028615619540358357,0.03476568210231065,0.03678493577730317,0.037999236722497394,0.0,0.0,0.00743730263939981,0.007153904885089589,0.01487460527879962,0.014307809770179179,0.02231190791819943,0.02146171465526877,0.02974921055759924,0.028615619540358357
estimation,strip,section 3 and rule 2 floor,GLD,2017,12,0.029232594293349543,0.022098869712212817,0.023952922868790454,0.027826347422100887,0.03016214724182728,0.03126883331492118,0.03449055377055388,0.03521375132348898,0.0,0.0,0.007308148573337386,0.00754053681045682,0.014616297146674772,0.01508107362091364,0.02192444572001216,0.02262161043137046,0.029232594293349543,0.03016214724182728
estimation,strip,section 3 and rule 2 floor,GLD,2018,12,0.03536683370261371,0.02929693111313002,0.029838206188414644,0.03249599111480564,0.03533840373663848,0.03854872359681141,0.04039727290933711,0.04103103922567327,0.0,0.0,0.008841708425653428,0.00883460093415962,0.017683416851306855,0.01766920186831924,0.026525125276960285,0.026503802802478858,0.03536683370261371,0.03533840373663848
estimation,strip,section 3 and rule 2 floor,GLD,2019,12,0.025650635997725824,0.014354811494257807,0.014601113633954953,0.015852391056295097,0.025867103375634436,0.030487944215803253,0.03452250887047175,0.04156721553717008,0.0,0.0,0.006412658999431456,0.006466775843908609,0.012825317998862912,0.012933551687817218,0.019237976998294368,0.019400327531725825,0.025650635997725824,0.025867103375634436
estimation,strip,section 3 and rule 2 floor,GLD,2020,12,0.02089132881952965,0.01586391691445642,0.016037121002529266,0.017754588828962137,0.018600656018784863,0.02258733449108602,0.0292275479906474,0.02973023322135731,0.0,0.0,0.005222832204882412,0.004650164004696216,0.010445664409764825,0.009300328009392431,0.015668496614647236,0.013950492014088647,0.02089132881952965,0.018600656018784863
estimation,strip,section 3 and rule 2 floor,GLD,2021,12,0.023662994594076284,0.019728248313633238,0.020140036346742815,0.021612093419739006,0.023083099392400767,0.026299129778989877,0.026932904611613198,0.02770482626199175,0.0,0.0,0.005915748648519071,0.005770774848100192,0.011831497297038142,0.011541549696200384,0.017747245945557214,0.017312324544300574,0.023662994594076284,0.023083099392400767
estimation,strip,section 3 and rule 2 floor,GLD,ALL,163,0.034299448284371474,0.017782799518309394,0.018718043072894642,0.02350063442604105,0.029373141569546304,0.03817231379564894,0.06277327600173431,0.07076857906293789,0.0,0.0,0.008574862071092869,0.007343285392386576,0.017149724142185737,0.014686570784773152,0.025724586213278604,0.02202985617715973,0.034299448284371474,0.029373141569546304
estimation,strip,section 3 and rule 2 floor,SLV,2010,2,0.026000197502658695,0.023473986375183085,0.023754676500458153,0.024596746876283354,0.026000197502658695,0.027403648129034036,0.028245718504859237,0.028526408630134305,0.0,0.0,0.006500049375664674,0.006500049375664674,0.013000098751329348,0.013000098751329348,0.01950014812699402,0.01950014812699402,0.026000197502658695,0.026000197502658695
estimation,strip,section 3 and rule 2 floor,SLV,2011,12,0.025422655106136168,0.013167971908096767,0.01397244383316786,0.019687609579961563,0.02456519686710562,0.03075261787828866,0.035981469414639346,0.03889487152756194,0.0,0.0,0.006355663776534042,0.006141299216776405,0.012711327553068084,0.01228259843355281,0.019066991329602125,0.018423897650329216,0.025422655106136168,0.02456519686710562
estimation,strip,section 3 and rule 2 floor,SLV,2012,12,0.04444928645294163,0.03259271166070399,0.034115153035645183,0.035335350159352595,0.04391044246708729,0.04893589492617439,0.05881942702250405,0.06205022131559921,0.0,0.0,0.011112321613235408,0.010977610616771823,0.022224643226470817,0.021955221233543647,0.033336964839706225,0.03293283185031547,0.04444928645294163,0.04391044246708729
estimation,strip,section 3 and rule 2 floor,SLV,2013,9,0.04403130008664679,0.03525469796241116,0.03630435824823715,0.039811234895601615,0.04357434506414258,0.045565288941834065,0.05045650625465008,0.056602622066224455,0.0,0.0,0.011007825021661697,0.010893586266035645,0.022015650043323395,0.02178717253207129,0.03302347506498509,0.03268075879810693,0.04403130008664679,0.04357434506414258
estimation,strip,section 3 and rule 2 floor,SLV,2014,9,0.05715803022393008,0.04370188071914589,0.04682786142160545,0.05114198844474665,0.06128052801663755,0.06154074082950945,0.06488790587232965,0.06670014980756579,0.0,0.0,0.01428950755598252,0.015320132004159388,0.02857901511196504,0.030640264008318777,0.042868522667947564,0.045960396012478165,0.05715803022393008,0.06128052801663755
estimation,strip,section 3 and rule 2 floor,SLV,2015,4,0.051270703044707135,0.05004910911920551,0.05022587605588834,0.050756176865936815,0.05109176802870627,0.05160629420747659,0.05245867804632663,0.05274280599260998,0.0,0.0,0.012817675761176784,0.012772942007176567,0.025635351522353567,0.025545884014353135,0.03845302728353035,0.0383188260215297,0.051270703044707135,0.05109176802870627
estimation,strip,section 3 and rule 2 floor,SLV,2016,2,0.044855227373755455,0.0421896741070592,0.04248584669224767,0.04337436444781309,0.044855227373755455,0.04633609029969781,0.04722460805526323,0.047520780640451704,0.0,0.0,0.011213806843438864,0.011213806843438864,0.022427613686877727,0.022427613686877727,0.03364142053031659,0.03364142053031659,0.044855227373755455,0.044855227373755455
estimation,strip,section 3 and rule 2 floor,SLV,2019,1,0.041527994677981406,0.041527994677981406,0.041527994677981406,0.041527994677981406,0.041527994677981406,0.041527994677981406,0.041527994677981406,0.041527994677981406,0.0,0.0,0.010381998669495351,0.010381998669495351,0.020763997338990703,0.020763997338990703,0.031145996008486054,0.031145996008486054,0.041527994677981406,0.041527994677981406
estimation,strip,section 3 and rule 2 floor,SLV,2020,10,0.039218737077481754,0.0269603997111389,0.027768867953254443,0.031136828737518173,0.04004147630293113,0.0434212415520574,0.05317277066237305,0.053671488288943456,0.0,0.0,0.009804684269370438,0.010010369075732783,0.019609368538740877,0.020020738151465566,0.029414052808111317,0.03003110722719835,0.039218737077481754,0.04004147630293113
estimation,strip,section 3 and rule 2 floor,SLV,2021,12,0.03985679279737434,0.02489284897735815,0.02861205392068414,0.03657221243112251,0.043826152180178074,0.04547452827228313,0.04621774432586152,0.047980100210429664,0.0,0.0,0.009964198199343586,0.010956538045044519,0.01992839639868717,0.021913076090089037,0.02989259459803076,0.032869614135133556,0.03985679279737434,0.043826152180178074
estimation,strip,section 3 and rule 2 floor,SLV,ALL,73,0.041204901540507856,0.020421805787709916,0.02424322815114361,0.03384646670441531,0.04189962899070519,0.04839085177283523,0.05901562256257794,0.0620239396488252,0.0,0.0,0.010301225385126964,0.010474907247676298,0.020602450770253928,0.020949814495352596,0.030903676155380894,0.03142472174302889,0.041204901540507856,0.04189962899070519
estimation,strip,section 3 and rule 2 floor,UNG,2007,3,0.10929492785084476,0.07944904184561583,0.08342444336183327,0.09535064791048559,0.11522765549157277,0.12620557161156792,0.13279232128356502,0.13498790450756404,0.0,0.0,0.02732373196271119,0.02880691387289319,0.05464746392542238,0.05761382774578638,0.08197119588813356,0.08642074161867958,0.10929492785084476,0.11522765549157277
estimation,strip,section 3 and rule 2 floor,UNG,2008,6,0.08903981834208809,0.08303950715121959,0.08351030615210125,0.08507894912471839,0.08793834771786524,0.08966057371601162,0.09567080115629784,0.09855192115684744,0.0,0.0,0.02225995458552202,0.02198458692946631,0.04451990917104404,0.04396917385893262,0.06677986375656607,0.06595376078839893,0.08903981834208809,0.08793834771786524
estimation,strip,section 3 and rule 2 floor,UNG,2012,2,0.01883162741829123,0.01750083931057286,0.0176487046558749,0.018092300691781027,0.01883162741829123,0.019570954144801436,0.020014550180707563,0.020162415526009603,0.0,0.0,0.004707906854572808,0.004707906854572808,0.009415813709145616,0.009415813709145616,0.014123720563718424,0.014123720563718424,0.01883162741829123,0.01883162741829123
estimation,strip,section 3 and rule 2 floor,UNG,2014,5,0.07886433752489802,0.03609982273903774,0.0408707300863287,0.0551834521282016,0.08936624572955383,0.10123104762878038,0.11081963509923667,0.1140158309227221,0.0,0.0,0.019716084381224505,0.022341561432388458,0.03943216876244901,0.044683122864776915,0.059148253143673515,0.06702468429716538,0.07886433752489802,0.08936624572955383
estimation,strip,section 3 and rule 2 floor,UNG,2015,1,0.11511618803170331,0.11511618803170331,0.11511618803170331,0.11511618803170331,0.11511618803170331,0.11511618803170331,0.11511618803170331,0.11511618803170331,0.0,0.0,0.02877904700792583,0.02877904700792583,0.05755809401585166,0.05755809401585166,0.08633714102377749,0.08633714102377749,0.11511618803170331,0.11511618803170331
estimation,strip,section 3 and rule 2 floor,UNG,2018,3,0.08872239635745244,0.0657916716804873,0.0670300876928092,0.07074533572977489,0.07693741579138437,0.10080696670209596,0.11512869724852293,0.11990260743066523,0.0,0.0,0.02218059908936311,0.019234353947846092,0.04436119817872622,0.038468707895692185,0.06654179726808933,0.05770306184353828,0.08872239635745244,0.07693741579138437
estimation,strip,section 3 and rule 2 floor,UNG,2019,6,0.07119037668681612,0.04772385444349654,0.05110833962940301,0.061635243291547404,0.0744459051130297,0.07615705616559296,0.08801688531801566,0.0939177517105478,0.0,0.0,0.01779759417170403,0.018611476278257426,0.03559518834340806,0.03722295255651485,0.05339278251511209,0.05583442883477228,0.07119037668681612,0.0744459051130297
estimation,strip,section 3 and rule 2 floor,UNG,2020,7,0.0364864252095291,0.024800143726224622,0.02731978670803136,0.030779711840299137,0.0339634424878107,0.041714127999539136,0.04721814149044804,0.0506957475226233,0.0,0.0,0.009121606302382275,0.008490860621952675,0.01824321260476455,0.01698172124390535,0.027364818907146822,0.025472581865858025,0.0364864252095291,0.0339634424878107
estimation,strip,section 3 and rule 2 floor,UNG,2021,3,0.0434324709227342,0.029228414966897525,0.030809203762828107,0.035551570150619854,0.04345551413027276,0.051324893298617835,0.05604652079962488,0.057620396633293894,0.0,0.0,0.01085811773068355,0.01086387853256819,0.0217162354613671,0.02172775706513638,0.032574353192050653,0.03259163559770457,0.0434324709227342,0.04345551413027276
estimation,strip,section 3 and rule 2 floor,UNG,ALL,36,0.06911768507016665,0.021787945776141328,0.02916346842737031,0.0421477307235434,0.07419134174597007,0.08950182458596503,0.11517192176163804,0.11907814946285754,0.0,0.0,0.017279421267541662,0.018547835436492518,0.034558842535083324,0.037095670872985036,0.05183826380262499,0.05564350630947755,0.06911768507016665,0.07419134174597007
estimation,strip,section 3 and rule 2 floor,USO,2007,5,0.11518137818028333,0.08419805916467568,0.08814579431341987,0.09998899975965246,0.11739075347716608,0.13001987226185582,0.14096211373682876,0.14460952756181975,0.0,0.0,0.028795344545070833,0.02934768836929152,0.057590689090141665,0.05869537673858304,0.0863860336352125,0.08804306510787456,0.11518137818028333,0.11739075347716608
estimation,strip,section 3 and rule 2 floor,USO,2008,10,0.05658371978301002,0.042820772895143716,0.04330799984679946,0.04696713693438313,0.05180097741561249,0.05847382556402508,0.07646588223391447,0.08310574358456072,0.0,0.0,0.014145929945752506,0.012950244353903122,0.02829185989150501,0.025900488707806243,0.04243778983725752,0.038850733061709365,0.05658371978301002,0.05180097741561249
estimation,strip,section 3 and rule 2 floor,USO,2009,12,0.05669249256941334,0.04084899291761096,0.05203669043915248,0.05550091152004413,0.05939216697435719,0.06170578452385008,0.0630023330501254,0.06461949476226857,0.0,0.0,0.014173123142353335,0.014848041743589297,0.02834624628470667,0.029696083487178594,0.04251936942706001,0.044544125230767895,0.05669249256941334,0.05939216697435719
estimation,strip,section 3 and rule 2 floor,USO,2010,10,0.029624550904912488,0.025342836041354736,0.025342892135469024,0.026628378062551267,0.028355591722634715,0.030558471777709425,0.033648068162744134,0.037967559808909174,0.0,0.0,0.007406137726228122,0.007088897930658679,0.014812275452456244,0.014177795861317358,0.022218413178684365,0.021266693791976037,0.029624550904912488,0.028355591722634715
estimation,strip,section 3 and rule 2 floor,USO,2011,12,0.02258909180526795,0.015846398330624924,0.01730986586037207,0.019553033114694755,0.022114768810923592,0.02545520076279199,0.029909150312325928,0.030878304486713932,0.0,0.0,0.005647272951316988,0.005528692202730898,0.011294545902633976,0.011057384405461796,0.016941818853950963,0.016586076608192696,0.02258909180526795,0.022114768810923592
estimation,strip,section 3 and rule 2 floor,USO,2012,12,0.030857191779056076,0.025281891163869155,0.025735097282499935,0.02693381164824373,0.029985192411841326,0.0308389599314212,0.03618793174789861,0.04266838671319676,0.0,0.0,0.007714297944764019,0.007496298102960331,0.015428595889528038,0.014992596205920663,0.023142893834292057,0.022488894308880993,0.030857191779056076,0.029985192411841326
estimation,strip,section 3 and rule 2 floor,USO,2013,12,0.045684502383019,0.027252367549979117,0.027688680754607183,0.02947484090164033,0.03592384113438428,0.05876195912015565,0.07314689560642308,0.08315930115157041,0.0,0.0,0.01142112559575475,0.00898096028359607,0.0228422511915095,0.01796192056719214,0.03426337678726425,0.02694288085078821,0.045684502383019,0.03592384113438428
estimation,strip,section 3 and rule 2 floor,USO,2014,12,0.08397893563394883,0.04335044176070721,0.050565293184513214,0.06616288805920742,0.08247013621352284,0.10481039554371338,0.11796704949250296,0.12323885501861995,0.0,0.0,0.020994733908487207,0.02061753405338071,0.041989467816974414,0.04123506810676142,0.06298420172546162,0.06185260216014213,0.08397893563394883,0.08247013621352284
estimation,strip,section 3 and rule 2 floor,USO,2015,11,0.04869934007472738,0.03273389017977298,0.03503983907230355,0.04062948610865681,0.04663107858369647,0.0583156988098276,0.060471313019806724,0.06614705386431552,0.0,0.0,0.012174835018681844,0.011657769645924118,0.02434967003736369,0.023315539291848236,0.036524505056045535,0.034973308937772354,0.04869934007472738,0.04663107858369647
estimation,strip,section 3 and rule 2 floor,USO,2016,2,0.05218447950700219,0.05059087777454886,0.050767944633710343,0.05129914521119479,0.05218447950700219,0.05306981380280959,0.053601014380294035,0.053778081239455516,0.0,0.0,0.013046119876750547,0.013046119876750547,0.026092239753501095,0.026092239753501095,0.03913835963025164,0.03913835963025164,0.05218447950700219,0.05218447950700219
estimation,strip,section 3 and rule 2 floor,USO,2018,1,0.04136246185114656,0.04136246185114656,0.04136246185114656,0.04136246185114656,0.04136246185114656,0.04136246185114656,0.04136246185114656,0.04136246185114656,0.0,0.0,0.01034061546278664,0.01034061546278664,0.02068123092557328,0.02068123092557328,0.03102184638835992,0.03102184638835992,0.04136246185114656,0.04136246185114656
estimation,strip,section 3 and rule 2 floor,USO,2019,2,0.05560008672940028,0.047534670483136456,0.04843082784383244,0.051119299925920375,0.05560008672940028,0.060080873532880184,0.06276934561496812,0.0636655029756641,0.0,0.0,0.01390002168235007,0.01390002168235007,0.02780004336470014,0.02780004336470014,0.04170006504705021,0.04170006504705021,0.05560008672940028,0.05560008672940028
estimation,strip,section 3 and rule 2 floor,USO,2020,10,0.052634029090613696,0.030101481462849834,0.0368909759785602,0.04072829822477986,0.043263483942117605,0.059107792127927876,0.09117030161513667,0.09395455650490232,0.0,0.0,0.013158507272653424,0.010815870985529401,0.026317014545306848,0.021631741971058802,0.03947552181796027,0.032447612956588205,0.052634029090613696,0.043263483942117605
estimation,strip,section 3 and rule 2 floor,USO,2021,12,0.07547688493295246,0.03504649307371799,0.038455020367459056,0.04387350623878475,0.058214698417931095,0.0742331422321883,0.0900231169539059,0.16876023035539017,0.0,0.0,0.018869221233238115,0.014553674604482774,0.03773844246647623,0.029107349208965547,0.056607663699714345,0.04366102381344832,0.07547688493295246,0.058214698417931095
estimation,strip,section 3 and rule 2 floor,USO,ALL,123,0.053173198480297744,0.02331511580053027,0.025417776371295192,0.03017967523429175,0.045627356633681934,0.062302035493333824,0.09059197395796889,0.11430076862291541,0.0,0.0,0.013293299620074436,0.011406839158420484,0.026586599240148872,0.022813678316840967,0.039879898860223306,0.03422051747526145,0.053173198480297744,0.045627356633681934
