ticker,cycle,entry,k_strip,rv21,iv30,iv91,o1,o2,o1_median_prior,o2_p90_prior,o1_trade,o2_trade
GLD,1,2008-06-23,0.07428234486094976,0.058323913716416514,0.264273,0.26110750000000005,0.24186111078131212,1.0121233591528391,,,True,True
GLD,2,2008-07-21,0.07080045691015599,0.04403937040606174,0.25710750000000004,0.273353,0.47478143841665366,0.9405695199979515,0.24186111078131212,1.0121233591528391,True,True
GLD,3,2008-08-18,0.10125369483862165,0.07583788526639539,0.3009985,0.28547049999999996,0.2890312241417576,1.0543944120320665,0.3583212745989829,1.0049679752373504,True,True
GLD,4,2008-09-22,0.298270571671882,0.2476206583344036,0.5170570000000001,0.4263635,0.18610306155382328,1.2127140339170686,0.2890312241417576,1.0459402014562211,True,True
GLD,5,2008-10-20,0.25381049419237495,0.2349654948273902,0.4570615,0.4065775,0.07714922985942112,1.1241682090130418,0.2654461674615348,1.165218147351568,True,True
GLD,6,2008-11-24,0.31114142114216187,0.17820305460841912,0.520267,0.484019,0.5573238828301826,1.0748896221016118,0.24186111078131212,1.177295703955458,True,True
GLD,7,2008-12-22,0.17281929440298638,0.17121116696878347,0.385941,0.4215995,0.00934881835960706,0.9154209148730015,0.2654461674615348,1.1684411214650552,True,True
GLD,8,2009-01-20,0.14365394567744227,0.07685921403717764,0.363393,0.376812,0.6254318931641851,0.9643880768128404,0.24186111078131212,1.1595865389746525,True,True
GLD,9,2009-02-23,0.1750216404398955,0.08725784131036977,0.39768950000000003,0.428695,0.696042197138433,0.9276746871318771,0.2654461674615348,1.1507319564842498,True,True
GLD,10,2009-03-23,0.12858333145838236,0.07639020205746395,0.33360650000000003,0.3716655,0.5207227453663704,0.8975987817002117,0.2890312241417576,1.1418773739938473,True,True
GLD,11,2009-04-20,0.08065641325732753,0.04750391285327892,0.27149,0.2963325,0.5293862375229902,0.916166805868408,0.3819063312792056,1.1330227915034445,True,True
GLD,12,2009-05-18,0.05223386249146135,0.02721054462411822,0.212793,0.24612699999999998,0.6521264231206116,0.8645658542134752,0.47478143841665366,1.1241682090130418,True,True
GLD,13,2009-06-22,0.04795113209896576,0.034896389734303646,0.20273449999999998,0.23018149999999998,0.3177990331906116,0.880759313845813,0.49775209189151204,1.1192403503218988,True,True
GLD,14,2009-07-20,0.03671515912042361,0.01974936337652734,0.1787965,0.226128,0.6200684681014651,0.7906871329512488,0.47478143841665366,1.1143124916307559,True,True
GLD,15,2009-08-24,0.03749740981580699,0.022578975991369966,0.1722515,0.215995,0.5072526515685084,0.7974791083126924,0.49775209189151204,1.1093846329396129,True,True
GLD,16,2009-09-21,0.05311980381260106,0.022145267154060455,0.2103605,0.242918,0.8749260107174716,0.8659732913987437,0.5072526515685084,1.1044567742484699,True,True
GLD,17,2009-10-19,0.04472698867903573,0.026323866153968735,0.196865,0.224744,0.5301011069836649,0.8759521944968498,0.5139876984674394,1.0995289155573267,True,True
GLD,18,2009-11-23,0.06607590321439859,0.030932475869515592,0.2319775,0.24105100000000002,0.7589974989256516,0.9623585880166438,0.5207227453663704,1.0946010568661837,True,True
GLD,19,2009-12-21,0.06643701118129276,0.070001592906258,0.237583,0.252556,-0.05226369909129889,0.9407141386464783,0.5250544914446803,1.0896731981750407,True,True
GLD,20,2010-01-19,0.045803257906208976,0.051560669946812646,0.1953245,0.213281,-0.11840394961081821,0.9158082529620548,0.5207227453663704,1.0847453394838977,True,True
GLD,21,2010-02-22,0.05499127744228782,0.043068744136079785,0.2115755,0.2313045,0.24437704072621327,0.9147055072426175,0.5139876984674394,1.0798174807927547,True,True
GLD,22,2010-03-22,0.036166238734721017,0.020556987324466137,0.1652145,0.1826555,0.5649251530836265,0.9045142358155106,0.5072526515685084,1.0748896221016118,True,True
GLD,23,2010-04-19,0.036593869598061546,0.025968658338000147,0.17278100000000002,0.183173,0.3429903667118282,0.9432667478285556,0.5139876984674394,1.0728401010946573,True,True
GLD,24,2010-05-24,0.06674616597078797,0.03633115199170195,0.2300235,0.23558849999999998,0.6082213021577053,0.97637830369479,0.5072526515685084,1.0707905800877027,True,True
GLD,25,2010-06-21,0.05063448707500081,0.02645058390099432,0.2020695,0.2211185,0.6493546731694594,0.9138516225462818,0.5139876984674394,1.0687410590807482,True,True
GLD,26,2010-07-19,0.0439601675820063,0.041637656617030436,0.1849855,0.198762,0.05427897672124082,0.9306884615771627,0.5207227453663704,1.0666915380737938,True,True
GLD,27,2010-08-23,0.031544222563674895,0.010334987912377924,0.16055049999999998,0.1915285,1.1158554286565903,0.8382590580514127,0.5139876984674394,1.0646420170668391,True,True
GLD,28,2010-09-20,0.029860164687827234,0.009819298817689313,0.160413,0.1915195,1.1121755911052305,0.8375805074679079,0.5207227453663704,1.0625924960598847,True,True
GLD,29,2010-10-18,0.044724874540124124,0.015376662596868323,0.19124049999999998,0.211343,1.0676788800231418,0.9048821110706291,0.5250544914446803,1.06054297505293,True,True
GLD,30,2010-11-22,0.03954892227799437,0.04258162314710855,0.1837295,0.2091715,-0.07388433444612241,0.878367750864721,0.5293862375229902,1.0584934540459756,True,True
GLD,31,2010-12-20,0.03028385188417539,0.020355460048819624,0.15596300000000002,0.193257,0.397265446367403,0.8070238076757893,0.5250544914446803,1.0564439330390212,True,True
GLD,32,2011-01-24,0.03438117458578687,0.021519429629739146,0.1692785,0.19074249999999998,0.4685529334219561,0.8874713291479351,0.5207227453663704,1.0543944120320665,True,True
GLD,33,2011-02-22,0.02684377489295103,0.01962427772590691,0.155246,0.169432,0.313266487295975,0.9162731951461353,0.5139876984674394,1.050167306744144,True,True
GLD,34,2011-03-21,0.029200304246480284,0.017799475900475946,0.1504255,0.16718650000000002,0.49501011554888796,0.8997466900736601,0.5072526515685084,1.0459402014562211,True,True
GLD,35,2011-04-18,0.028799227459230876,0.012648349986028228,0.147945,0.16139199999999998,0.8228217916709276,0.9166811242192923,0.5011313835586981,1.0417130961682983,True,True
GLD,36,2011-05-23,0.0339015155812493,0.03175791356277989,0.1663005,0.18153799999999998,0.06531778044467532,0.916064405248488,0.5072526515685084,1.0374859908803755,True,True
GLD,37,2011-06-20,0.02682259698332053,0.007649139584009152,0.1481765,0.1664095,1.2546515344328613,0.8904329380233701,0.5011313835586981,1.0332588855924527,True,True
GLD,38,2011-07-18,0.036451073542118864,0.018711418506087277,0.17879,0.18886999999999998,0.6668369576699724,0.9466299571133585,0.5072526515685084,1.0290317803045301,True,True
GLD,39,2011-08-22,0.11782285769242605,0.06086814028504564,0.302334,0.289381,0.660472400733197,1.0447610589499656,0.5139876984674394,1.0248046750166075,True,False
GLD,40,2011-09-19,0.09507660313239066,0.11516561969317635,0.28839499999999996,0.2840335,-0.19168834811822183,1.015355583056224,0.5207227453663704,1.046687729566386,False,True
GLD,41,2011-10-24,0.07542106264921286,0.04609349471904541,0.240188,0.25538649999999996,0.4924147538243216,0.9404882403729251,0.5139876984674394,1.0457243942581758,False,True
GLD,42,2011-11-21,0.09205461277647396,0.049857821622855424,0.266174,0.284247,0.6132066307972293,0.9364179745080863,0.5072526515685084,1.0447610589499656,True,True
GLD,43,2011-12-19,0.06388638870253578,0.06220801370068933,0.21144400000000002,0.2376225,0.026622500265847532,0.889831560563499,0.5139876984674394,1.0418205113605914,False,True
GLD,44,2012-01-23,0.03993623441857021,0.02588424325946053,0.1763135,0.19984200000000002,0.43364962737198515,0.8822644889462675,0.5072526515685084,1.0388799637712174,False,True
GLD,45,2012-02-21,0.03975505223135965,0.02839126498606928,0.17982949999999998,0.19443850000000001,0.3366554062393186,0.9248657030372069,0.5011313835586981,1.0359394161818432,False,True
GLD,46,2012-03-19,0.03276064377455948,0.0620114105128963,0.1605595,0.169791,-0.6380904986124313,0.9456302159714001,0.49501011554888796,1.032998868592469,False,True
GLD,47,2012-04-23,0.02853292692123314,0.021787519846738528,0.1510185,0.16812549999999998,0.2697214291945291,0.8982486297438521,0.49371243468660475,1.0300583210030947,False,True
GLD,48,2012-05-21,0.042181902572311254,0.021000770057711247,0.180124,0.1997035,0.6974321735966349,0.9019571514770648,0.4924147538243216,1.0271177734137207,True,True
GLD,49,2012-06-18,0.043664222151477236,0.030062028818692604,0.186435,0.206549,0.3732661773496838,0.9026187490619658,0.49371243468660475,1.0241772258243467,False,True
GLD,50,2012-07-23,0.033779602511529346,0.022446828532062577,0.1632405,0.177038,0.40870780818437213,0.9220647544594947,0.4924147538243216,1.0212366782349724,False,True
GLD,51,2012-08-20,0.022441391671859715,0.008600601062641688,0.139073,0.1700225,0.9590750043719993,0.8179682100898411,0.48359809612048765,1.0182961306455982,True,True
GLD,52,2012-09-24,0.02785849286632112,0.020187670248422628,0.1583145,0.17362,0.3220658358964216,0.9118448335445225,0.4924147538243216,1.015355583056224,False,True
GLD,53,2012-10-22,0.02234864004047009,0.009414064995893302,0.134511,0.14894849999999998,0.8645606237780915,0.9030705243758749,0.48359809612048765,1.0150323606658855,True,True
GLD,54,2012-11-19,0.01972438208897011,0.01815274271753948,0.124801,0.14354050000000002,0.08303387674498253,0.8694479955134612,0.4924147538243216,1.014709138275547,False,True
GLD,55,2012-12-24,0.01877960175826595,0.010225416317697581,0.1185975,0.12700250000000002,0.6078948511578829,0.9338202003897559,0.48359809612048765,1.0143859158852084,True,True
GLD,56,2013-01-22,0.01532857842209246,0.009379564278957921,0.111045,0.1286935,0.49118564701960576,0.8628640918150491,0.4924147538243216,1.01406269349487,False,True
GLD,57,2013-02-19,0.025819977588089973,0.009395988219776403,0.13734849999999998,0.138848,1.0108657043652154,0.9892004206038256,0.4918002004219637,1.0137394711045316,True,True
GLD,58,2013-03-18,0.01831314821783391,0.019788922176315824,0.122434,0.129404,-0.07750301137341167,0.9461376773515503,0.4924147538243216,1.0134162487141931,False,True
GLD,59,2013-04-22,0.05748343562531352,0.14976612663474004,0.21471200000000001,0.186864,-0.9575780913596873,1.149028170220053,0.4918002004219637,1.0130930263238547,False,False
GLD,60,2013-05-20,0.0693594262263167,0.04818899263230893,0.238546,0.2027025,0.3641714336856181,1.1768281101614435,0.49118564701960576,1.0212366782349724,False,False
GLD,61,2013-06-24,0.08069320839821842,0.0666810369744263,0.246343,0.2156755,0.1907338038323831,1.1421927849941231,0.4829835427181297,1.0457243942581758,False,False
GLD,62,2013-07-22,0.04833709763325499,0.07454378822116298,0.192858,0.191093,-0.4331873812921941,1.0092363404206328,0.47478143841665366,1.0543944120320665,False,True
GLD,63,2013-08-19,0.05861195700248443,0.037597550205009225,0.21478799999999998,0.2047175,0.4439998260286027,1.0491921794668262,0.4716671859193049,1.0534310767238564,False,True
GLD,64,2013-09-23,0.051897850236170606,0.0649452307989966,0.202831,0.199403,-0.2242669435681855,1.0171913160784944,0.4685529334219561,1.0533539655190185,False,True
GLD,65,2013-10-21,0.04652826501668499,0.03732336204178351,0.1961525,0.191044,0.22044051896254444,1.0267399133183979,0.4562763797252794,1.0528337422624945,False,True
GLD,66,2013-11-18,0.03862193799462791,0.018005903654640155,0.174296,0.180676,0.7631207719199166,0.9646881710907924,0.4439998260286027,1.0523135190059705,True,True
GLD,67,2013-12-23,0.04403809438040864,0.03828764225691966,0.182721,0.1911985,0.1399278530741689,0.9556612630329213,0.4562763797252794,1.0517932957494462,False,True
GLD,68,2014-01-21,0.025990857846067958,0.02415597266165917,0.147317,0.15931,0.07321319017933968,0.9247191011235955,0.4439998260286027,1.0512730724929222,False,True
GLD,69,2014-02-24,0.02605278825402379,0.02045185554578637,0.14279150000000002,0.15050049999999998,0.2420511830671315,0.9487775788120307,0.43882472670029393,1.0507528492363982,False,True
GLD,70,2014-03-24,0.03048697756688667,0.026214149649438585,0.15638649999999998,0.161644,0.1510002994765297,0.9674748212120461,0.43364962737198515,1.0502326259798742,False,True
GLD,71,2014-04-21,0.0262773805900733,0.016377666740670517,0.146517,0.1501565,0.4727898928619666,0.975761955026922,0.4211787177781786,1.0497124027233502,True,True
GLD,72,2014-05-19,0.02042847504714515,0.009590858139843235,0.128683,0.1371465,0.7561193955513159,0.938288618375241,0.43364962737198515,1.0491921794668262,True,True
GLD,73,2014-06-23,0.016732070212588636,0.023886389670023957,0.1154725,0.126256,-0.3559815769774899,0.914590197693575,0.43882472670029393,1.04874906741514,False,True
GLD,74,2014-07-21,0.02197143004544889,0.015159328130415085,0.13361,0.133824,0.37112691444635326,0.9984008847441416,0.43364962737198515,1.0483059553634542,False,True
GLD,75,2014-08-18,0.018477326127131894,0.009413296436112871,0.1236395,0.134497,0.6744211613817968,0.9192732923410931,0.4211787177781786,1.047862843311768,True,True
GLD,76,2014-09-22,0.028019076933081793,0.010964640690510362,0.14248,0.1448125,0.9382099846517521,0.9838929650410012,0.43364962737198515,1.047419731260082,True,True
GLD,77,2014-10-20,0.030381307216294055,0.010494840284038453,0.154914,0.15753650000000002,1.0629437902203167,0.9833530642105162,0.43882472670029393,1.046976619208396,True,True
GLD,78,2014-11-24,0.04379359098998847,0.04560723711305094,0.1839885,0.172238,-0.04057893030054819,1.0682224596198284,0.4439998260286027,1.04653350715671,False,False
GLD,79,2014-12-22,0.04212117560708922,0.05382226370495637,0.18131999999999998,0.1790325,-0.24513660730277742,1.0127770097607975,0.43882472670029393,1.0507528492363982,False,True
GLD,80,2015-01-20,0.05435997257428225,0.035095820500609706,0.2158765,0.200337,0.4375460354373834,1.0775667999420977,0.43364962737198515,1.0502326259798742,True,False
GLD,81,2015-02-23,0.0379815230242076,0.03349958861828563,0.17763600000000002,0.175327,0.1255666465657204,1.0131696772316872,0.4355978314046843,1.0557772167908428,False,True
GLD,82,2015-03-23,0.028834747172891195,0.01759154806920336,0.15485900000000002,0.16758699999999999,0.4941625956062825,0.9240513882341711,0.43364962737198515,1.0543944120320665,True,True
GLD,83,2015-04-20,0.02330904688179216,0.015517303658162947,0.1361255,0.1534625,0.4068857971037966,0.8870277755151911,0.4355978314046843,1.0538741887755425,False,True
GLD,84,2015-05-18,0.02533161261637618,0.0240011392967956,0.14206649999999998,0.15253450000000002,0.053951826352500745,0.9313729025236912,0.43364962737198515,1.0533539655190185,False,True
GLD,85,2015-06-22,0.018556849001221825,0.010343783445598704,0.1240115,0.139033,0.5844532333203492,0.8919573051002281,0.4211787177781786,1.0528337422624945,True,True
GLD,86,2015-07-20,0.03908289893749808,0.016629981986314064,0.177244,0.1699255,0.8544777939908742,1.0430688743007965,0.43364962737198515,1.0523135190059705,True,True
GLD,87,2015-08-24,0.04720931270928959,0.01427210532499373,0.18665700000000002,0.17842750000000002,1.1962842206480908,1.046122374633955,0.4355978314046843,1.0517932957494462,True,True
GLD,88,2015-09-21,0.026616560153762497,0.013897209166117176,0.15061950000000002,0.1645915,0.649845543686011,0.9151110476543444,0.4375460354373834,1.0512730724929225,True,True
GLD,89,2015-10-19,0.029931635652188864,0.025263982658567417,0.1592225,0.169325,0.169536198521723,0.9403366307397016,0.44077293073299306,1.0507528492363982,False,True
GLD,90,2015-11-23,0.033486633377970636,0.014124318151208353,0.158487,0.15437450000000003,0.8632483521786927,1.0266397623959913,0.4375460354373834,1.0502326259798742,True,True
GLD,91,2015-12-21,0.02366405329792074,0.030634099012967694,0.138486,0.151651,-0.25815657711928003,0.913188834890637,0.44077293073299306,1.0497124027233502,False,True
GLD,92,2016-01-19,0.026789285350462846,0.026074151247869583,0.148499,0.16054000000000002,0.02705755727969106,0.9249968855113989,0.4375460354373834,1.0491921794668262,False,True
GLD,93,2016-02-22,0.056522025352769456,0.057128184387015085,0.216775,0.206708,-0.010667200412273075,1.048701550012578,0.4355978314046843,1.048885198983539,False,True
GLD,94,2016-03-21,0.0305342485356108,0.03099783115246234,0.162341,0.166386,-0.01506828277735488,0.975689060377676,0.43364962737198515,1.0490940535759765,False,True
GLD,95,2016-04-18,0.03068903591960804,0.02627233747707622,0.1649885,0.1683825,0.15538887594439305,0.9798435110537023,0.4211787177781786,1.0490449906305517,False,True
GLD,96,2016-05-23,0.02744911042896014,0.021985355362959393,0.1605525,0.1667865,0.22195719408610612,0.9626228741534836,0.40870780818437213,1.0489959276851268,False,True
GLD,97,2016-06-20,0.04672954719502491,0.022291028889436154,0.199737,0.1813415,0.7401923612806764,1.1014412034752112,0.40779680264408436,1.048946864739702,True,False
GLD,98,2016-07-18,0.02871691103864865,0.04821877225296805,0.162434,0.160568,-0.5182622270326006,1.011621244581735,0.40870780818437213,1.0512730724929225,False,True
GLD,99,2016-08-22,0.023248442424090424,0.013045370933268942,0.15412399999999998,0.167894,0.5778047841927187,0.9179839660738323,0.40779680264408436,1.0507528492363982,True,True
GLD,100,2016-09-19,0.025034869728661955,0.010954072884893093,0.15037,0.1560765,0.8265583021364137,0.9634378013346019,0.40870780818437213,1.0502326259798742,True,True
GLD,101,2016-10-24,0.02209645918056657,0.019105688050561905,0.13651000000000002,0.1443445,0.1454312832013033,0.945723598751598,0.4211787177781786,1.0497124027233502,False,True
GLD,102,2016-11-21,0.025616394375940228,0.019207083195057106,0.140153,0.149513,0.28795342441367333,0.9373967481088601,0.40870780818437213,1.0491921794668262,False,True
GLD,103,2016-12-19,0.026673297830393582,0.018398902284680836,0.14801,0.1585915,0.3713719793385643,0.9332782652285905,0.40779680264408436,1.0491431165214014,False,True
GLD,104,2017-01-23,0.02231947109445687,0.012833259582078115,0.136998,0.144893,0.5534192349893772,0.9455115153941185,0.4068857971037966,1.0490940535759765,True,True
GLD,105,2017-02-21,0.018776337269262335,0.010446659655731503,0.124136,0.1432795,0.5863151440304077,0.8663905164381506,0.40779680264408436,1.0490449906305517,True,True
GLD,106,2017-03-20,0.014167199487457127,0.010938058046602663,0.11068349999999999,0.12957950000000001,0.2586811256484594,0.8541744643249896,0.40870780818437213,1.0489959276851268,False,True
GLD,107,2017-04-24,0.014941776304856406,0.007324492841843131,0.1173485,0.122835,0.712937152646783,0.9553343916636138,0.40779680264408436,1.048946864739702,True,True
GLD,108,2017-05-22,0.014881599543197559,0.013325457838110986,0.1126355,0.125017,0.11044919101572993,0.9009614692401834,0.40870780818437213,1.0488978017942774,False,True
GLD,109,2017-06-19,0.011790929581451098,0.007793653539613668,0.0968695,0.113372,0.41402080261172913,0.8544393677451222,0.40779680264408436,1.0488487388488525,True,True
GLD,110,2017-07-24,0.013715475051592686,0.009202790053555383,0.105824,0.1162435,0.3990180563945607,0.9103648806169807,0.40870780818437213,1.0487996759034277,False,True
GLD,111,2017-08-21,0.016863031014901476,0.0076693043626145894,0.1164225,0.1217855,0.7878977965264442,0.9559635588801622,0.40779680264408436,1.0487506129580029,True,True
GLD,112,2017-09-18,0.016209823023849105,0.01340933540701113,0.11654300000000001,0.117362,0.18966628141508285,0.9930215913157582,0.40870780818437213,1.048701550012578,False,True
GLD,113,2017-10-23,0.013750528100711956,0.009430373856170871,0.1037975,0.110375,0.3771414894348535,0.9404077010192525,0.40779680264408436,1.0484436324747157,False,True
GLD,114,2017-11-20,0.012787781867246401,0.007906759763783019,0.10069800000000001,0.10884150000000001,0.4807721135383157,0.9251801932167418,0.4068857971037966,1.0481857149368534,True,True
GLD,115,2017-12-18,0.010208810220438451,0.010717239688912725,0.0885325,0.099328,-0.048602536202902925,0.8913146343427835,0.40779680264408436,1.0479277973989911,False,True
GLD,116,2018-01-22,0.013578030256455997,0.007495691234351166,0.1002605,0.1063095,0.5941247108548611,0.9431000992385441,0.4068857971037966,1.0476698798611288,True,True
GLD,117,2018-02-20,0.020129614122317556,0.014176866599452363,0.126507,0.127977,0.3505805467387046,0.9885135610304977,0.40779680264408436,1.0474119623232665,False,True
GLD,118,2018-03-19,0.012184002919445151,0.00737377036759581,0.09814200000000001,0.104403,0.5021946966984565,0.9400304588948595,0.4068857971037966,1.0471540447854042,True,True
GLD,119,2018-04-23,0.014851779464565904,0.012636418359211136,0.109122,0.11182,0.16153669642545496,0.9758719370416741,0.40779680264408436,1.0468961272475419,False,True
GLD,120,2018-05-21,0.013761900425636596,0.007581765347609072,0.1003175,0.10195299999999999,0.5961578672955289,0.983958294508254,0.4068857971037966,1.0466382097096796,True,True
GLD,121,2018-06-18,0.010035066834369851,0.005297956806082377,0.0882545,0.0950255,0.6387644044083555,0.9287454420129334,0.40779680264408436,1.0463802921718173,True,True
GLD,122,2018-07-23,0.015028716151674063,0.008239431573610602,0.106493,0.10770450000000001,0.6010314233094046,0.988751630618962,0.40870780818437213,1.046122374633955,True,True
GLD,123,2018-08-20,0.015618320869082896,0.01064529086281909,0.110071,0.108809,0.3833270179917331,1.0115983052872464,0.41136430539805063,1.045986243065556,False,True
GLD,124,2018-09-24,0.012186859494636148,0.008429879808685032,0.0968325,0.098301,0.36857576631453637,0.9850611896114994,0.40870780818437213,1.045850111497157,False,True
GLD,125,2018-10-22,0.014164895902832843,0.013925203404265672,0.103889,0.10282350000000001,0.017066391520312727,1.010362417151721,0.40779680264408436,1.0457139799287583,False,True
GLD,126,2018-11-19,0.016111244160022232,0.007352031558612106,0.107806,0.111159,0.7845407456936704,0.9698360006837053,0.4068857971037966,1.0455778483603593,True,True
GLD,127,2018-12-24,0.022814080055239917,0.008688238035728083,0.124115,0.1270955,0.9654077306041914,0.9765491303783376,0.40779680264408436,1.0454417167919603,True,True
GLD,128,2019-01-22,0.012076751578308344,0.009796427439934247,0.092994,0.10066900000000001,0.20926447499605355,0.9237600452969632,0.40870780818437213,1.0453055852235613,False,True
GLD,129,2019-02-19,0.013001731536830777,0.009829663880204939,0.10090350000000001,0.1058885,0.27967780342321974,0.9529221775735799,0.40779680264408436,1.0451694536551623,False,True
GLD,130,2019-03-18,0.009787605793923774,0.014199542543197063,0.09090000000000001,0.095033,-0.37209287847653294,0.9565098439489441,0.4068857971037966,1.0450333220867636,False,True
GLD,131,2019-04-22,0.009135054685127026,0.00803935530345074,0.0856745,0.0889795,0.12777028230449597,0.9628566130400822,0.4029519267491787,1.0448971905183646,False,True
GLD,132,2019-05-20,0.00843467216571288,0.005003528572184865,0.0845745,0.08864849999999999,0.5222074713210306,0.9540432156212457,0.3990180563945607,1.0447610589499656,True,True
GLD,133,2019-06-24,0.029512978904338943,0.019234308686859058,0.16230250000000002,0.14819349999999998,0.4281345342674994,1.095206604878082,0.4029519267491787,1.0445918404850487,True,False
GLD,134,2019-07-22,0.023075731958214215,0.02977464661532138,0.14184950000000002,0.13055,-0.254875745949366,1.0865530448104177,0.4068857971037966,1.045850111497157,False,False
GLD,135,2019-08-19,0.02206940101805645,0.02207262235588091,0.139155,0.13461050000000002,-0.00014595333806470204,1.0337603678762057,0.4029519267491787,1.0479277973989911,False,True
GLD,136,2019-09-23,0.02808885170625827,0.023071360203332482,0.1545145,0.1562325,0.1967807309069332,0.9890035683996607,0.3990180563945607,1.0476698798611288,False,True
GLD,137,2019-10-21,0.019778952871543742,0.014964702262974059,0.1276675,0.1287655,0.2789241404954971,0.9914728712271531,0.39814175138098185,1.0474119623232665,False,True
GLD,138,2019-11-18,0.013646566313531333,0.011336840707856349,0.10289999999999999,0.110875,0.18543027557077893,0.9280721533258173,0.397265446367403,1.0471540447854042,False,True
GLD,139,2019-12-23,0.010739293290212538,0.004967525035126559,0.09309049999999999,0.108263,0.770987550044464,0.8598551675087518,0.39029623217956805,1.0468961272475419,True,True
GLD,140,2020-01-21,0.013263662611520776,0.008980899511717488,0.10325300000000001,0.108932,0.38992811602387967,0.94786655895421,0.397265446367403,1.0466382097096796,False,True
GLD,141,2020-02-24,0.033281709578263964,0.012700220211792818,0.158498,0.1413855,0.9633886513473564,1.121034335204105,0.39359678119564134,1.0463802921718173,True,False
GLD,142,2020-03-23,0.17943722485985283,0.11419112187088462,0.37106700000000004,0.341464,0.45195187226838407,1.086694351381112,0.397265446367403,1.048701550012578,True,False
GLD,143,2020-04-20,0.08005785426469393,0.10209296300395759,0.242695,0.24001099999999997,-0.2431342485941084,1.0111828207873808,0.39814175138098185,1.0491431165214014,False,True
GLD,144,2020-05-18,0.05197261505639994,0.0220690767774228,0.20704299999999998,0.224165,0.8565395584990079,0.9236187629647803,0.397265446367403,1.0490940535759765,True,True
GLD,145,2020-06-22,0.037731285549830025,0.02261766366275994,0.17434100000000002,0.195314,0.511758426744043,0.8926190646855834,0.39814175138098185,1.0490449906305517,True,True
GLD,146,2020-07-20,0.024444364716717976,0.007698548708466195,0.134429,0.15193,1.1553678757468278,0.884808793523333,0.3990180563945607,1.0489959276851268,True,True
GLD,147,2020-08-24,0.05768471113886244,0.08354938539427503,0.21167999999999998,0.22256399999999998,-0.3704457320655779,0.9510972124871947,0.4029519267491787,1.048946864739702,False,True
GLD,148,2020-09-21,0.044359577176401176,0.018609611801454838,0.1809855,0.2016655,0.8686504200337009,0.8974539522129467,0.3990180563945607,1.0488978017942774,True,True
GLD,149,2020-10-19,0.04586807347612494,0.024193460249975998,0.19363550000000002,0.19111050000000002,0.6396869490410243,1.0132122515508044,0.4029519267491787,1.0488487388488525,True,True
GLD,150,2020-11-23,0.03651911308285308,0.04285888629912693,0.1654215,0.17679250000000002,-0.160077235447197,0.9356816607039324,0.4068857971037966,1.0487996759034277,False,True
GLD,151,2020-12-21,0.038666809576801554,0.027174537351739834,0.176059,0.18899349999999998,0.3527011902958224,0.9315611383460278,0.4029519267491787,1.0487506129580029,False,True
GLD,152,2021-01-19,0.03582722511095105,0.03136335775041007,0.164604,0.173607,0.13306782147606214,0.9481414919905303,0.3990180563945607,1.048701550012578,False,True
GLD,153,2021-02-22,0.0371402111630709,0.020489364886682078,0.16901850000000002,0.178616,0.5947942759925224,0.9462674116540513,0.39814175138098185,1.0484436324747157,True,True
GLD,154,2021-03-22,0.026282625573389458,0.025713390199443232,0.1445785,0.1591755,0.02189622063792804,0.9082961887978992,0.3990180563945607,1.0481857149368534,False,True
GLD,155,2021-04-19,0.02604552090401357,0.01897957081267339,0.13675199999999998,0.144613,0.3164826308345533,0.945641124933443,0.39814175138098185,1.0479277973989911,False,True
GLD,156,2021-05-24,0.028556439482281284,0.012145213861160268,0.142991,0.151641,0.8549472904251517,0.9429573796005039,0.397265446367403,1.0476698798611288,True,True
GLD,157,2021-06-21,0.028621962223156393,0.02769686557934135,0.1466025,0.1505235,0.03285508222421206,0.973950911319495,0.39814175138098185,1.0474119623232665,False,True
GLD,158,2021-07-19,0.025891156632240758,0.007950781833236654,0.142735,0.1500895,1.1806311999958516,0.9509992371218507,0.397265446367403,1.0471540447854042,True,True
GLD,159,2021-08-23,0.02475108211887665,0.021238651937231776,0.139648,0.14854,0.15304648378944857,0.9401373367443112,0.39814175138098185,1.0468961272475419,False,True
GLD,160,2021-09-20,0.02885903496417846,0.020104252177438962,0.1464485,0.1474165,0.3614917704543757,0.9934335708689326,0.397265446367403,1.0466382097096796,False,True
GLD,161,2021-10-18,0.02438834226971015,0.016445944529651382,0.1373405,0.14150449999999998,0.39402632863116915,0.97057337399164,0.39359678119564134,1.0463802921718173,True,True
GLD,162,2021-11-22,0.02820465753741328,0.01787254552902436,0.143449,0.144918,0.4562213591174925,0.9898632330007314,0.39402632863116915,1.046122374633955,True,True
GLD,163,2021-12-20,0.025457383998523844,0.014046459798561697,0.1353,0.147119,0.5946354459844022,0.9196636736247528,0.3956458874992861,1.045986243065556,True,True
GLD,164,2022-01-24,0.026341514185228156,0.012964984518673853,0.134658,0.14103300000000002,0.7088939559104546,0.9547978132777434,0.397265446367403,1.045850111497157,True,True
GLD,165,2022-02-22,0.034373703363183336,0.016750188675169073,0.15744950000000002,0.155623,0.7188823125347146,1.011736697017793,0.39814175138098185,1.0457139799287583,True,True
GLD,166,2022-03-21,0.048246006315932025,0.04324964732627881,0.1923375,0.19103,0.10932397466610722,1.0068444746898393,0.3990180563945607,1.0455778483603593,False,True
GLD,167,2022-04-18,0.03699091237925979,0.013593179266535336,0.171452,0.1772745,1.0011041286883957,0.9671554566505617,0.39814175138098185,1.0454417167919603,True,True
GLD,168,2022-05-23,0.038458203245094566,0.02290435410307149,0.16832750000000002,0.178631,0.5182449935810614,0.942319642167373,0.3990180563945607,1.0453055852235613,True,True
GLD,169,2022-06-21,0.03278842567757409,0.023015967428176687,0.1548955,0.1675775,0.35388736636461776,0.9243215825513569,0.4029519267491787,1.0451694536551623,False,True
GLD,170,2022-07-18,0.03803694068158232,0.015479052694256024,0.1739275,0.1743425,0.899070139892601,0.9976196280310309,0.3990180563945607,1.0450333220867636,True,True
GLD,171,2022-08-22,0.027036669349770122,0.014787043586253157,0.1516045,0.157921,0.6034427046603462,0.9600021529752217,0.4029519267491787,1.0448971905183646,True,True
GLD,172,2022-09-19,0.033865665423114096,0.016790834788966827,0.1699985,0.17009849999999999,0.7015684924932891,0.9994121053389654,0.4068857971037966,1.0447610589499656,True,True
GLD,173,2022-10-24,0.03837031069303371,0.029883506110307687,0.177413,0.177236,0.24997730843325458,1.000998668442077,0.40779680264408436,1.0445918404850487,False,True
GLD,174,2022-11-21,0.028157850463356542,0.03566084216136398,0.152331,0.158141,-0.23622703317233765,0.9632606344970627,0.4068857971037966,1.0444226220201318,False,True
GLD,175,2022-12-19,0.021588587022084563,0.02196562597127315,0.133085,0.1489365,-0.017313979158246343,0.8935687356692282,0.4029519267491787,1.044253403555215,False,True
GLD,176,2023-01-23,0.026377375352995985,0.018824838422915935,0.14696350000000002,0.1521135,0.33732945798101444,0.9661437019068,0.3990180563945607,1.044084185090298,False,True
GLD,177,2023-02-21,0.024003339959370824,0.01926936637176733,0.1454145,0.145104,0.2196763853431756,1.002139844525306,0.39814175138098185,1.043914966625381,False,True
GLD,178,2023-03-20,0.04569927377088551,0.03138542208370856,0.1972595,0.1848885,0.37573888628613544,1.0669105974682038,0.397265446367403,1.0437457481604642,False,False
GLD,179,2023-04-24,0.028002746918718478,0.019896576763945312,0.15374500000000002,0.15633249999999999,0.3417549145825587,0.9834487390657735,0.3956458874992861,1.0451694536551623,False,True
GLD,180,2023-05-22,0.031671134316509024,0.01677531087011497,0.156393,0.1562435,0.6354974622237426,1.0009568398045359,0.39402632863116915,1.0450333220867636,True,True
GLD,181,2023-06-20,0.01637992815620537,0.014162096251418153,0.119297,0.128367,0.14548757468418513,0.9293432112614612,0.3956458874992861,1.0448971905183646,False,True
GLD,182,2023-07-24,0.015033685774588277,0.00661229726084036,0.11452799999999999,0.12249,0.8213622648235777,0.9349987754102375,0.39402632863116915,1.0447610589499656,True,True
GLD,183,2023-08-21,0.0165077669713194,0.008016277358346358,0.1149955,0.12125050000000001,0.7223568513485027,0.9484125838656334,0.3956458874992861,1.0445918404850487,True,True
GLD,184,2023-09-18,0.012486233020546989,0.005145856262230044,0.1007845,0.10812150000000001,0.8864348974830764,0.9321411560142986,0.397265446367403,1.0444226220201318,True,True
GLD,185,2023-10-23,0.030666023687594055,0.027921464727075032,0.1532925,0.1458335,0.09375958336266968,1.0511473701172913,0.39814175138098185,1.044253403555215,False,False
GLD,186,2023-11-20,0.015874218153437102,0.00985956062313794,0.112744,0.117945,0.4762546873149627,0.9559031752087838,0.397265446367403,1.0455778483603593,True,True
GLD,187,2023-12-18,0.019025751086452485,0.025751012484757002,0.12061,0.13030750000000002,-0.3026805642446803,0.9255798783646373,0.39814175138098185,1.0454417167919603,False,True
GLD,188,2024-01-22,0.016493099411624156,0.009122112186750688,0.1118415,0.1158985,0.5922406992562402,0.964995232897751,0.397265446367403,1.0453055852235613,True,True
GLD,189,2024-02-20,0.01408088423629339,0.008783181804064118,0.105601,0.109417,0.4719794153698769,0.9651242494310757,0.39814175138098185,1.0451694536551623,True,True
GLD,190,2024-03-18,0.019075358670172692,0.013625187667266395,0.123664,0.11997,0.336477265949502,1.0307910310911061,0.3990180563945607,1.0450333220867636,False,True
GLD,191,2024-04-22,0.03267820207619626,0.03325902344804126,0.161823,0.147977,-0.017617859730336353,1.0935685951195118,0.39814175138098185,1.0448971905183646,False,False
GLD,192,2024-05-20,0.030660252026429535,0.02750175628857917,0.16142299999999998,0.152866,0.10871722577750254,1.0559771302971228,0.397265446367403,1.046122374633955,False,False
GLD,193,2024-06-24,0.02380718582870167,0.037232137763463104,0.141749,0.1403105,-0.44718484600630315,1.010252261947609,0.3956458874992861,1.0484436324747157,False,True
GLD,194,2024-07-22,0.025098622397463737,0.02496565221866225,0.1489765,0.1437215,0.00531199113507477,1.0365637709041446,0.39402632863116915,1.0481857149368534,False,True
GLD,195,2024-08-19,0.034795111294638775,0.025910077372739218,0.1710035,0.1658945,0.2948449160920371,1.0307966810231803,0.3919772223275244,1.0479277973989911,False,True
GLD,196,2024-09-23,0.03150692327272027,0.01623081564836134,0.1622515,0.1573265,0.6632956722555644,1.0313043257175363,0.38992811602387967,1.0476698798611288,True,True
GLD,197,2024-10-21,0.034374908060347445,0.011033912614999086,0.167402,0.15757100000000002,1.1363533861683963,1.0623909221874581,0.3919772223275244,1.0474119623232665,True,False
GLD,198,2024-11-18,0.028494183917285216,0.0372021622244607,0.1515595,0.1489935,-0.2666668905322588,1.0172222278153074,0.39402632863116915,1.0488978017942774,False,True
GLD,199,2024-12-23,0.024117200488555788,0.03046862222286534,0.1383145,0.143409,-0.23377207533570735,0.9644757302540287,0.3919772223275244,1.0488487388488525,False,True
GLD,200,2025-01-21,0.02383609170846273,0.018528292390882425,0.139172,0.1439725,0.25190200806054075,0.9666568268245671,0.38992811602387967,1.0487996759034277,False,True
GLD,201,2025-02-24,0.02860526994135675,0.018692067527720218,0.1544065,0.1514245,0.42549172704993443,1.019692982311317,0.38662756700780637,1.0487506129580029,True,True
GLD,202,2025-03-24,0.02496729235494079,0.018837345059081356,0.14380300000000001,0.146432,0.2817253236995287,0.9820462740384616,0.38992811602387967,1.048701550012578,False,True
GLD,203,2025-04-21,0.08433163710302108,0.07126672293149822,0.260268,0.22663149999999999,0.16832758703452902,1.148419350355092,0.38662756700780637,1.0484436324747157,False,False
GLD,204,2025-05-19,0.045267614858538106,0.0840208555640482,0.196482,0.18476949999999998,-0.6184731755127998,1.0633897910640016,0.3833270179917331,1.0490940535759765,False,False
GLD,205,2025-06-23,0.03682991665918375,0.030715340122952482,0.176621,0.171999,0.18154825953543366,1.026872249257263,0.3802342537132933,1.0505608129221518,False,True
GLD,206,2025-07-21,0.03190899772440494,0.01716249817959157,0.1675635,0.164779,0.6201613653203079,1.0168983911784875,0.3771414894348535,1.0503652938571053,True,True
SLV,1,2008-12-22,0.4383335632023035,0.45577388846173217,0.612675,0.6071694999999999,-0.039016647539765914,1.0090674844503884,,,True,True
SLV,2,2009-01-20,0.32023680534296445,0.21469143275816255,0.525992,0.5231825,0.3998589380401106,1.0053700190660046,-0.039016647539765914,1.0090674844503884,True,True
SLV,3,2009-02-23,0.3509336201446924,0.11003708590453976,0.545779,0.5287855,1.1597796356255416,1.0321368494408414,0.18042114525017233,1.00869773791195,True,True
SLV,4,2009-03-23,0.25690186368792095,0.1383726105987551,0.468417,0.5087215,0.6187440353155604,0.9207729573057163,0.3998589380401106,1.0275229764427507,True,True
SLV,5,2009-04-20,0.22420940348210427,0.10395255804281653,0.429581,0.4290645,0.7686458297430259,1.0012037817158026,0.5093014866778355,1.0252160399437056,True,True
SLV,6,2009-05-18,0.12186778509024272,0.09966823290786855,0.345149,0.375011,0.2010897289123507,0.920370335803483,0.6187440353155604,1.0229091034446602,True,True
SLV,7,2009-06-22,0.1640464100711849,0.1606930920525516,0.379613,0.3964695,0.02065309081515012,0.9574834886416231,0.5093014866778355,1.020602166945615,True,True
SLV,8,2009-07-20,0.12747180598834434,0.06101486256708456,0.32690549999999996,0.3521865,0.7367777275060334,0.9282170100216787,0.3998589380401106,1.0182952304465696,True,True
SLV,9,2009-08-24,0.1617765256418428,0.11081445878278895,0.3605835,0.3814375,0.37835865131018354,0.9453278715385877,0.5093014866778355,1.0159882939475242,True,True
SLV,10,2009-09-21,0.19321580216885312,0.07924204050002742,0.4098585,0.4198695,0.8913007378153636,0.9761568773154516,0.3998589380401106,1.013681357448479,True,True
SLV,11,2009-10-19,0.1461715838517589,0.10133415195370507,0.350484,0.387855,0.36635767232933164,0.9036469814750359,0.5093014866778355,1.0113744209494338,True,True
SLV,12,2009-11-23,0.15168752888748077,0.13072698807660837,0.361116,0.3793215,0.1487115858863159,0.952005093304756,0.3998589380401106,1.0090674844503884,True,True
SLV,13,2009-12-21,0.13105347517455637,0.08040984140429086,0.3131045,0.3527495,0.4884688731265418,0.8876114636590555,0.38910879467514703,1.00869773791195,True,True
SLV,14,2010-01-19,0.10880644239606399,0.08136816461977014,0.2864395,0.3209095,0.2905864473954384,0.8925865391956299,0.3998589380401106,1.0083279913735117,True,True
SLV,15,2010-02-22,0.14712125512430005,0.12310978535695502,0.3319605,0.346636,0.1781805904040649,0.9576630817341534,0.38910879467514703,1.0079582448350732,True,True
SLV,16,2010-03-22,0.1012538655868917,0.04174956885719737,0.25942600000000005,0.2777765,0.885941759424003,0.9339378961143223,0.37835865131018354,1.007588498296635,True,True
SLV,17,2010-04-19,0.08973826153667304,0.06351587663703566,0.26493500000000003,0.2758735,0.3456073277093053,0.9603495805142576,0.38910879467514703,1.0072187517581965,True,True
SLV,18,2010-05-24,0.16691564562988442,0.12561398349021113,0.35969850000000003,0.358579,0.2842749874562119,1.0031220456301124,0.37835865131018354,1.006849005219758,True,True
SLV,19,2010-06-21,0.12603077169313492,0.0716821400890984,0.309879,0.3261755,0.56428447254676,0.9500376331146883,0.37235816181975756,1.0064792586813198,True,True
SLV,20,2010-07-19,0.10827561329789467,0.06459912405730747,0.2785605,0.292723,0.5164791001337498,0.9516180826241873,0.37835865131018354,1.0061095121428814,True,True
SLV,21,2010-08-23,0.08039949823954046,0.03803922869005426,0.24509,0.296134,0.7483899741787797,0.8276320854748188,0.38910879467514703,1.0057397656044431,True,True
SLV,22,2010-09-20,0.10930519267631106,0.04025930966617215,0.277497,0.3064345,0.9988026293552116,0.9055670950888363,0.3998589380401106,1.0053700190660046,True,True
SLV,23,2010-10-18,0.1290606039673709,0.07420328352558667,0.34279550000000003,0.355479,0.5534736906770991,0.9643199738943793,0.4441639055833262,1.0051452217224155,True,True
SLV,24,2010-11-22,0.22229154608708357,0.19099107276765248,0.4376685,0.4097995,0.15176310343121527,1.0680064275334646,0.4884688731265418,1.0049204243788261,True,True
SLV,25,2010-12-20,0.1547397207885873,0.1107099948844204,0.3639195,0.3801515,0.3348303610646571,0.9573012338501887,0.4441639055833262,1.0079582448350732,True,True
SLV,26,2011-01-24,0.16916820329757218,0.08600190334271703,0.366958,0.35530399999999995,0.6765240778383645,1.0328000810573483,0.3998589380401106,1.007588498296635,True,True
SLV,27,2011-02-22,0.1736023398546787,0.09227848459780279,0.38447,0.36521000000000003,0.6319562691739428,1.0527367815777222,0.4441639055833262,1.020602166945615,True,True
SLV,28,2011-03-21,0.1658176942474989,0.14226141647784427,0.37198600000000004,0.3710375,0.15322263121738772,1.0025563453828792,0.4884688731265418,1.032402142087444,True,True
SLV,29,2011-04-18,0.18894397637937746,0.07114757062541587,0.3986225,0.380876,0.9766943702994768,1.0465939045778678,0.4441639055833262,1.0323358189257934,True,True
SLV,30,2011-05-23,0.24470737396025105,0.6604775774175801,0.4423935,0.41169,-0.9929000708033531,1.0745791736500765,0.4884688731265418,1.0355588457614522,True,True
SLV,31,2011-06-20,0.1907161449157223,0.12656934084355603,0.3911255,0.3998095,0.40999586340355587,0.9782796556860205,0.4441639055833262,1.0472081922778533,True,True
SLV,32,2011-07-18,0.20069566753271542,0.1480697031308029,0.4239365,0.41565450000000004,0.3041065387926716,1.0199252023014305,0.40999586340355587,1.0465939045778678,True,True
SLV,33,2011-08-22,0.2828479086308437,0.21305532610498082,0.497178,0.481628,0.2833574488930121,1.032286328867923,0.4049274007218332,1.045214522225816,True,True
SLV,34,2011-09-19,0.2097060782152547,0.17536459534446808,0.41689750000000003,0.4281295,0.17883971415783137,0.9737649472881453,0.3998589380401106,1.043835139873764,True,True
SLV,35,2011-10-24,0.36859846958868264,0.23851738124873734,0.513868,0.4921005,0.43526570824402555,1.0442338506057198,0.38910879467514703,1.042455757521712,True,True
SLV,36,2011-11-21,0.2930379863562898,0.193239518646951,0.467236,0.46960999999999997,0.4163717981574958,0.9949447413811461,0.3998589380401106,1.0456498829890086,True,True
SLV,37,2011-12-19,0.22549828361005364,0.180256223384912,0.421517,0.4392625,0.22393324545210125,0.9596016049628638,0.4049274007218332,1.0454138775917938,False,True
SLV,38,2012-01-23,0.16905857225558887,0.17129469442276152,0.3737775,0.39381,-0.013140196148905863,0.949131560905005,0.3998589380401106,1.045177872194579,False,True
SLV,39,2012-02-21,0.12571900827544488,0.06090939800976367,0.3242115,0.35057950000000004,0.7246618420134887,0.9247873877394427,0.38910879467514703,1.0449418667973642,True,True
SLV,40,2012-03-19,0.10842341260915175,0.15300921776112617,0.2942985,0.3229615,-0.34445411721868396,0.9112494832975447,0.3998589380401106,1.0447058614001494,False,True
SLV,41,2012-04-23,0.1140143573979889,0.0746096140979738,0.2938145,0.3093405,0.42405500833811266,0.9498093524772863,0.38910879467514703,1.0444698560029346,True,True
SLV,42,2012-05-21,0.14813313204838346,0.05582845036329544,0.330514,0.342951,0.975827807694436,0.9637353441162148,0.3998589380401106,1.0442338506057198,True,True
SLV,43,2012-06-18,0.12276797427574586,0.04425188317387524,0.303466,0.3320555,1.0203982577496986,0.9139014411747434,0.4049274007218332,1.0430904736508826,True,True
SLV,44,2012-07-23,0.11644078000712003,0.06017598463143718,0.30041850000000003,0.31772049999999996,0.6601094713107037,0.9455433313242302,0.40999586340355587,1.0419470966960456,True,True
SLV,45,2012-08-20,0.08009040320536687,0.03570352802133105,0.24930449999999998,0.285366,0.807906528696569,0.8736307058304071,0.41318383078052584,1.0408037197412083,True,True
SLV,46,2012-09-24,0.12372824001795765,0.08069250089466312,0.3041185,0.3057515,0.42744190250736686,0.9946590613619231,0.4163717981574958,1.0396603427863713,True,True
SLV,47,2012-10-22,0.08716020828981474,0.03636681179536288,0.2614305,0.267453,0.8740913049449001,0.9774820248791377,0.4202134032478042,1.038516965831534,True,True
SLV,48,2012-11-19,0.05858327225820431,0.06245057531150178,0.2152875,0.2386305,-0.06392624939515168,0.9021793106916342,0.42405500833811266,1.0373735888766968,False,True
SLV,49,2012-12-24,0.07622586915768208,0.05352028630812207,0.240325,0.24930449999999998,0.35364012997760247,0.9639817973602564,0.4202134032478042,1.0362302119218598,False,True
SLV,50,2013-01-22,0.05840425880821589,0.043051457976618836,0.217271,0.2316765,0.3049927146205484,0.9378206248799511,0.4163717981574958,1.0350868349670226,False,True
SLV,51,2013-02-19,0.0736713111791113,0.03611465971017874,0.2363275,0.2376415,0.7129145894797616,0.9944706627419874,0.41318383078052584,1.0339434580121856,True,True
SLV,52,2013-03-18,0.052177645848897204,0.033083272027773,0.19877050000000002,0.2111875,0.4556263848922083,0.9412039064812076,0.4163717981574958,1.0328000810573483,True,True
SLV,53,2013-04-22,0.13944301569234752,0.2948566123343147,0.3158995,0.2753605,-0.7488331501445438,1.1472215513844577,0.4202134032478042,1.0327487058384057,False,False
SLV,54,2013-05-20,0.16001516027965368,0.09934023769451028,0.3672645,0.3062675,0.47671786007948913,1.1991624968369152,0.4163717981574958,1.0419470966960456,True,False
SLV,55,2013-06-24,0.19607356367262313,0.15674356639333975,0.36991949999999996,0.33207149999999996,0.22387877874601936,1.1139754540814253,0.4202134032478042,1.0458858883862234,False,False
SLV,56,2013-07-22,0.12449359677898449,0.19963781024835592,0.3194965,0.3076965,-0.4722504929517137,1.0383494774883693,0.4163717981574958,1.0502796307777804,False,True
SLV,57,2013-08-19,0.15224797658901035,0.11017092002437197,0.35015450000000004,0.32742499999999997,0.3234776381769166,1.0694189509047876,0.41318383078052584,1.0496653430777951,False,False
SLV,58,2013-09-23,0.15994782691776252,0.21134350897823653,0.355627,0.335592,-0.2786371340556203,1.0597004696178693,0.40999586340355587,1.058844639960019,False,False
SLV,59,2013-10-21,0.1274919019465602,0.0456417533010508,0.3224665,0.307237,1.0272299082944412,1.0495692250607838,0.4049274007218332,1.062192256992548,True,True
SLV,60,2013-11-18,0.09955019351855529,0.047160094201526385,0.2798655,0.2793855,0.7471139012865563,1.0017180562341281,0.40999586340355587,1.0613616612009884,True,True
SLV,61,2013-12-23,0.10190446280835569,0.08917597292103131,0.27011949999999996,0.278301,0.1334240938002826,0.9706019741215445,0.41318383078052584,1.0605310654094289,False,True
SLV,62,2014-01-21,0.08922374905998086,0.05908500037041761,0.2634225,0.2699555,0.41217015785587413,0.9757997151382357,0.40999586340355587,1.0597004696178693,True,True
SLV,63,2014-02-24,0.09683311628128519,0.06551286828432239,0.273387,0.26837849999999996,0.3907424604189145,1.018662076135011,0.411083010629715,1.0590041008138547,False,True
SLV,64,2014-03-24,0.0873552909837403,0.04860769101686635,0.266146,0.26632049999999996,0.5862018372074729,0.999344774435314,0.40999586340355587,1.05830773200984,True,True
SLV,65,2014-04-21,0.06642686049646031,0.01293952210386922,0.23114200000000001,0.2396375,1.6358151435371306,0.9645485368525377,0.411083010629715,1.0576113632058253,True,True
SLV,66,2014-05-19,0.0559695541554449,0.023915683419188528,0.211923,0.2207345,0.8502734133605379,0.9600810022900815,0.41217015785587413,1.0569149944018106,True,True
SLV,67,2014-06-23,0.04947040138080785,0.03711090904703871,0.19033699999999998,0.201675,0.28746356804185297,0.9437808355026651,0.414270978006685,1.0562186255977957,False,True
SLV,68,2014-07-21,0.049290793897483684,0.018427507431333076,0.194882,0.2017455,0.9838928098965786,0.9659794146585674,0.41217015785587413,1.055522256793781,True,True
SLV,69,2014-08-18,0.039009608830902466,0.020307463159093854,0.1748615,0.188834,0.6528195342739433,0.9260064395183071,0.414270978006685,1.0548258879897663,True,True
SLV,70,2014-09-22,0.08338408747195565,0.02377159313982804,0.230244,0.2214985,1.254966191204803,1.0394833373589438,0.4163717981574958,1.0541295191857516,True,True
SLV,71,2014-10-20,0.08706543847426279,0.030297651156439738,0.252771,0.248203,1.0555898123689855,1.0184042900367845,0.4202134032478042,1.053433150381737,True,True
SLV,72,2014-11-24,0.10312809620370109,0.08324187690798449,0.272448,0.265389,0.21422131857663562,1.0265986909781493,0.42405500833811266,1.0527367815777222,False,True
SLV,73,2014-12-22,0.1240572728413459,0.17626354586797655,0.306209,0.2958105,-0.3512369580024972,1.0351525723393864,0.4202134032478042,1.0524200259260283,False,True
SLV,74,2015-01-20,0.14272084633588325,0.098642211140584,0.3516785,0.323369,0.36939132398622143,1.0875454975585166,0.4163717981574958,1.0521032702743345,False,False
SLV,75,2015-02-23,0.1197550219808516,0.10619772640411554,0.3196795,0.3065685,0.12014547266677802,1.0427669509424484,0.414270978006685,1.0576113632058253,False,True
SLV,76,2015-03-23,0.08677639920259286,0.04758184178037937,0.2734625,0.27586299999999997,0.6008834728524564,0.9912982168685182,0.41217015785587413,1.0569149944018106,True,True
SLV,77,2015-04-20,0.08070211953893948,0.051985869069089176,0.256525,0.2626345,0.43979290637433655,0.9767376334792268,0.414270978006685,1.0562186255977957,True,True
SLV,78,2015-05-18,0.07239228836429995,0.0647822783091967,0.244699,0.2537775,0.11106769634117114,0.9642265370255441,0.4163717981574958,1.0555222567937812,False,True
SLV,79,2015-06-22,0.06675477266557067,0.017694519431841613,0.2257965,0.2376275,1.3277708403187627,0.9502119914572178,0.414270978006685,1.0548258879897663,True,True
SLV,80,2015-07-20,0.1094032401902418,0.039742073981424056,0.300407,0.2902475,1.0126300828515462,1.0350028854684363,0.4163717981574958,1.0541295191857516,True,True
SLV,81,2015-08-24,0.13070814943550876,0.056246663604979666,0.3309035,0.30298,0.843220245272919,1.0921628490329394,0.4202134032478042,1.053433150381737,True,False
SLV,82,2015-09-21,0.08236847142006087,0.055442466505275574,0.2608475,0.266798,0.39585689177177186,0.9776966094198608,0.42405500833811266,1.0597004696178693,False,True
SLV,83,2015-10-19,0.07475493927439672,0.07332617172763822,0.2492965,0.2600305,0.01929769268135014,0.9587202270502884,0.4202134032478042,1.0590041008138547,False,True
SLV,84,2015-11-23,0.08782750808593902,0.022223463321569974,0.2582135,0.2636415,1.3742261183887778,0.9794114356047892,0.4163717981574958,1.05830773200984,True,True
SLV,85,2015-12-21,0.06476897357631038,0.05629121233462797,0.222355,0.2417715,0.14028824931662762,0.919690699689583,0.4202134032478042,1.0576113632058253,False,True
SLV,86,2016-01-19,0.07365481350525123,0.05972949230921714,0.246571,0.253236,0.20956359031366062,0.9736806773128623,0.4163717981574958,1.0569149944018106,False,True
SLV,87,2016-02-22,0.08234376817576526,0.054291072211713295,0.25601700000000005,0.2644685,0.41654298147451596,0.9680434531900777,0.414270978006685,1.0562186255977957,True,True
SLV,88,2016-03-21,0.08699135213984192,0.04648136474583672,0.2558855,0.2647485,0.6267572389082842,0.9665229453613523,0.4163717981574958,1.0555222567937812,True,True
SLV,89,2016-04-18,0.08092106038695127,0.05869719921492614,0.260671,0.257997,0.3210821042019514,1.0103644616022667,0.4164573898160059,1.0548258879897663,False,True
SLV,90,2016-05-23,0.08462940445337361,0.05111711806648922,0.2785085,0.279478,0.5041623439654835,0.9965310328541065,0.4163717981574958,1.0541295191857516,True,True
SLV,91,2016-06-20,0.10200558448409121,0.04605945403697438,0.28213049999999995,0.279854,0.795094520607896,1.008134598755065,0.4164573898160059,1.053433150381737,True,True
SLV,92,2016-07-18,0.08521598632463886,0.08222033996991843,0.272479,0.2763185,0.03578633281049678,0.9861048029719328,0.41654298147451596,1.0527367815777222,False,True
SLV,93,2016-08-22,0.06589634613460359,0.05495190786412685,0.247821,0.261235,0.1816245941166753,0.9486515972208931,0.4164573898160059,1.0524200259260283,False,True
SLV,94,2016-09-19,0.06935864914216565,0.06298029534134009,0.2487645,0.26083049999999997,0.09646895113857644,0.9537400725758683,0.4163717981574958,1.0521032702743345,False,True
SLV,95,2016-10-24,0.06683675731012297,0.057149727258532235,0.237371,0.2472595,0.15657857048884086,0.9600076033478997,0.414270978006685,1.0517865146226406,False,True
SLV,96,2016-11-21,0.062278652915222305,0.08021047653030568,0.22575699999999999,0.243738,-0.2530354191551722,0.9262281630275131,0.41217015785587413,1.051469758970947,False,True
SLV,97,2016-12-19,0.07288077728257737,0.04970339531634345,0.24618849999999998,0.260479,0.38275167113991754,0.9451376118612248,0.411083010629715,1.051153003319253,False,True
SLV,98,2017-01-23,0.05678904994448396,0.025882300656710308,0.21633249999999998,0.2393935,0.7857841617021996,0.9036690636963827,0.40999586340355587,1.0508362476675592,True,True
SLV,99,2017-02-21,0.04783958686988032,0.02230457496332685,0.198013,0.223414,0.7630616612113141,0.8863052449712193,0.411083010629715,1.0505194920158654,True,True
SLV,100,2017-03-20,0.03759402997945929,0.04164787022028192,0.176615,0.20243,-0.10240497149071974,0.8724744356073705,0.41217015785587413,1.0502027363641715,False,True
SLV,101,2017-04-24,0.04037787128645542,0.01684395267914824,0.178469,0.1901755,0.8742901935320261,0.938443700686997,0.411083010629715,1.0498859807124776,True,True
SLV,102,2017-05-22,0.0450543717662297,0.03428841314680757,0.190164,0.20309100000000002,0.273062533911083,0.9363487303720991,0.41217015785587413,1.0495692250607838,False,True
SLV,103,2017-06-19,0.033368319346423,0.021002240640867722,0.1666045,0.1867315,0.4629777980724203,0.8922142220246717,0.411083010629715,1.0492716930124921,True,True
SLV,104,2017-07-24,0.042101287455611015,0.03321669665491149,0.188438,0.200264,0.2370256603166668,0.9409479487077058,0.41217015785587413,1.0489741609642005,False,True
SLV,105,2017-08-21,0.05090222903648029,0.038315699923875055,0.2036125,0.21844550000000001,0.28404698318694493,0.9320974796917308,0.411083010629715,1.048676628915909,False,True
SLV,106,2017-09-18,0.04141140303919525,0.02466709357233978,0.18775,0.197353,0.5180861672621221,0.9513409981099856,0.40999586340355587,1.0483790968676174,True,True
SLV,107,2017-10-23,0.037598618279037335,0.019021191366341714,0.1717815,0.1835455,0.6814136091096925,0.9359069004688211,0.411083010629715,1.0480815648193258,True,True
SLV,108,2017-11-20,0.03656751541377202,0.03063068975546481,0.172821,0.17913099999999998,0.17715784975263094,0.9647743829934519,0.41217015785587413,1.0477840327710342,False,True
SLV,109,2017-12-18,0.035509230961724585,0.02832602952998041,0.16519050000000002,0.179609,0.22601153647493025,0.9197228423965393,0.411083010629715,1.0474865007227425,False,True
SLV,110,2018-01-22,0.035310512763946554,0.015027889155717018,0.165313,0.174506,0.8542729797779647,0.9473198629273492,0.40999586340355587,1.047188968674451,True,True
SLV,111,2018-02-20,0.045962357553717886,0.047415998834883344,0.1891515,0.194988,-0.031136952475539287,0.9700673887623854,0.411083010629715,1.0468914366261595,False,True
SLV,112,2018-03-19,0.03599835047928275,0.016255259556176453,0.16659649999999998,0.17292849999999999,0.7950565959834119,0.9633837106087197,0.40999586340355587,1.0465939045778678,True,True
SLV,113,2018-04-23,0.04008205774999717,0.03285196387303605,0.17712850000000002,0.18444850000000002,0.1989172703375736,0.9603141256231414,0.411083010629715,1.046357899180653,False,True
SLV,114,2018-05-21,0.039645580735478914,0.023055117565001546,0.16712300000000002,0.17563849999999998,0.5420917200350934,0.9515168940750465,0.40999586340355587,1.0461218937834382,True,True
SLV,115,2018-06-18,0.032898690578156566,0.026855273746351126,0.160392,0.1733625,0.20297064012118465,0.9251827817434567,0.411083010629715,1.0458858883862234,False,True
SLV,116,2018-07-23,0.04217367383276636,0.0216765854788894,0.17451650000000002,0.1753025,0.665563515739221,0.9955163217866261,0.40999586340355587,1.0456498829890086,True,True
SLV,117,2018-08-20,0.04062748101388323,0.04004115121059665,0.17359249999999998,0.178538,0.014537004349003145,0.9723000145627261,0.411083010629715,1.0454138775917938,False,True
SLV,118,2018-09-24,0.039924757908119515,0.01938415040667232,0.172414,0.1798845,0.7225408876114908,0.958470574173984,0.40999586340355587,1.045177872194579,True,True
SLV,119,2018-10-22,0.0397959348353284,0.02079243130710734,0.174895,0.178258,0.649175726236815,0.9811340865487103,0.411083010629715,1.0449418667973642,True,True
SLV,120,2018-11-19,0.04927218047385651,0.030357242532890894,0.193896,0.2033105,0.4843245084454694,0.9536939803896012,0.41217015785587413,1.0447058614001494,True,True
SLV,121,2018-12-24,0.04725836128702564,0.016915257506321946,0.191241,0.1998505,1.0274135710747805,0.9569202979226973,0.414270978006685,1.0444698560029346,True,True
SLV,122,2019-01-22,0.03165709680729541,0.01802177725860118,0.15671600000000002,0.16908050000000002,0.5633814768532979,0.9268721112132978,0.4163717981574958,1.0442338506057198,True,True
SLV,123,2019-02-19,0.03057528122885898,0.02223617052090415,0.158786,0.17242200000000002,0.3184716137833083,0.9209149644476923,0.4164573898160059,1.0440871606393927,False,True
SLV,124,2019-03-18,0.025778310821357526,0.03390324055428378,0.141886,0.1543235,-0.2739771288585876,0.9194063120652396,0.4163717981574958,1.0439404706730655,False,True
SLV,125,2019-04-22,0.026554634303303844,0.012761779854038192,0.1425795,0.15171849999999998,0.732749527303314,0.9397634434825023,0.414270978006685,1.0437937807067383,True,True
SLV,126,2019-05-20,0.025812852322487798,0.016735675941807512,0.139873,0.146541,0.43332979517211234,0.9544973761609379,0.4163717981574958,1.0436470907404112,True,True
SLV,127,2019-06-24,0.0489230159547847,0.02154757206070234,0.191961,0.185905,0.819984814864687,1.032575777951104,0.4164573898160059,1.043500400774084,True,True
SLV,128,2019-07-22,0.06077125883691327,0.03031305525904114,0.22119250000000001,0.2064975,0.6955384743543465,1.0711630891415151,0.41654298147451596,1.043353710807757,True,False
SLV,129,2019-08-19,0.05623066394975053,0.036608392035320785,0.2193885,0.220434,0.42918472527704316,0.9952570837529601,0.4202989949063143,1.0449418667973642,True,True
SLV,130,2019-09-23,0.10901532643441482,0.1454791917047403,0.293721,0.2777235,-0.2885445822111529,1.057602255480721,0.42405500833811266,1.0447058614001494,False,False
SLV,131,2019-10-21,0.06199755990232182,0.07278069938811771,0.22313650000000002,0.2226165,-0.16035577390104247,1.0023358556081872,0.4202989949063143,1.0468914366261595,False,True
SLV,132,2019-11-18,0.04171801092712789,0.03246260380242683,0.1738985,0.18586550000000002,0.2508441776791445,0.9356147321584694,0.41654298147451596,1.0465939045778678,False,True
SLV,133,2019-12-23,0.030221520523759014,0.025078922047668383,0.1589495,0.1801485,0.18652653644083847,0.8823248597684689,0.4164573898160059,1.046357899180653,False,True
SLV,134,2020-01-21,0.03426373793207052,0.023969127260815556,0.1665305,0.17878650000000001,0.35732095365312727,0.9314489628691204,0.4163717981574958,1.0461218937834382,False,True
SLV,135,2020-02-24,0.07088093170869833,0.04402329514904766,0.24021900000000002,0.2197605,0.4762825220623257,1.0930945279065165,0.414270978006685,1.0458858883862234,True,False
SLV,136,2020-03-23,0.6267904562844081,0.4871785171387387,0.7116435,0.621705,0.2519816633914751,1.1446642700316068,0.4163717981574958,1.0483790968676174,False,False
SLV,137,2020-04-20,0.19581344633458822,0.19063896392348226,0.37301300000000004,0.38246349999999996,0.026781003513833654,0.975290452552989,0.414270978006685,1.051153003319253,False,True
SLV,138,2020-05-18,0.16422181926585006,0.0674117258351686,0.3787165,0.4025265,0.8903990938405698,0.9408486149359111,0.41217015785587413,1.0508362476675592,True,True
SLV,139,2020-06-22,0.15208110164651853,0.07181304205484744,0.335842,0.35735249999999996,0.7503478382390462,0.9398059339167909,0.414270978006685,1.0505194920158654,True,True
SLV,140,2020-07-20,0.13320130067501293,0.06776043925022514,0.317962,0.33390600000000004,0.6758829901219104,0.9522500344408306,0.4163717981574958,1.0502027363641715,True,True
SLV,141,2020-08-24,0.2926363075885354,0.6581683396990621,0.5006444999999999,0.4923955,-0.8105301670407258,1.0167527932322695,0.4164573898160059,1.0498859807124776,False,True
SLV,142,2020-09-21,0.2880161528177572,0.14630236853587708,0.4675285,0.466074,0.6773410672587065,1.0031207490655991,0.4163717981574958,1.0495692250607838,True,True
SLV,143,2020-10-19,0.25835527478596865,0.2711015669585577,0.455635,0.4568575,-0.0481578647561167,0.997324110909857,0.4164573898160059,1.0492716930124921,False,True
SLV,144,2020-11-23,0.14896751110037737,0.1272658824244687,0.338159,0.3730435,0.15744977545558578,0.9064867770112601,0.4163717981574958,1.0489741609642005,False,True
SLV,145,2020-12-21,0.23686166185450425,0.10871842170913418,0.45616,0.46839600000000003,0.7787150127442785,0.9738768050965422,0.414270978006685,1.048676628915909,True,True
SLV,146,2021-01-19,0.1629596813491494,0.14609637827227906,0.3708715,0.3919895,0.10923628744943031,0.9461261079697288,0.4163717981574958,1.0483790968676174,False,True
SLV,147,2021-02-22,0.3037667942740826,0.22805157537283055,0.47522549999999997,0.4647205,0.28668847176866036,1.0226049851469863,0.414270978006685,1.0480815648193258,False,True
SLV,148,2021-03-22,0.14039962857195176,0.08362195060714267,0.3236785,0.34562649999999995,0.5181867933922525,0.9364979247829667,0.41217015785587413,1.0477840327710342,True,True
SLV,149,2021-04-19,0.10221143027300744,0.05329641167406667,0.2758025,0.29410899999999995,0.651174508000121,0.937756070028459,0.414270978006685,1.0474865007227427,True,True
SLV,150,2021-05-24,0.12259754395215296,0.06103060487085096,0.318627,0.336151,0.697531532736154,0.9478686661649081,0.4163717981574958,1.047188968674451,True,True
SLV,151,2021-06-21,0.11194166592404041,0.05481587720696877,0.282341,0.2992625,0.7139980136024229,0.9434559959901425,0.4164573898160059,1.0468914366261595,True,True
SLV,152,2021-07-19,0.09778074165786164,0.030754235319151058,0.270138,0.279902,1.1566999233623614,0.9651163621553258,0.41654298147451596,1.0465939045778678,True,True
SLV,153,2021-08-23,0.08570584870426964,0.0637907326004861,0.259507,0.27714150000000004,0.29531314677834103,0.936370049234777,0.4202989949063143,1.046357899180653,False,True
SLV,154,2021-09-20,0.10523030411340205,0.06535304917645787,0.27881500000000004,0.277609,0.47634722258910006,1.0043442395599569,0.41654298147451596,1.0461218937834382,True,True
SLV,155,2021-10-18,0.08298192640611567,0.051185431042841026,0.2474625,0.2560095,0.4831678883326035,0.9666145201642908,0.4202989949063143,1.0458858883862234,True,True
SLV,156,2021-11-22,0.08909214395150818,0.033970045446329304,0.26295749999999996,0.2875885,0.964192039441596,0.9143533208038567,0.42405500833811266,1.0456498829890086,True,True
SLV,157,2021-12-20,0.08469742042049722,0.03953005099812748,0.25709499999999996,0.27209649999999996,0.7620239782903718,0.9448669865286764,0.42574845542273976,1.0454138775917938,True,True
SLV,158,2022-01-24,0.09479108155470185,0.0472284870994578,0.25955399999999995,0.2692675,0.6966780776312196,0.9639262072103019,0.42744190250736686,1.045177872194579,True,True
SLV,159,2022-02-22,0.09736401419847422,0.0434916123108179,0.2672525,0.277812,0.8058885792370272,0.9619904827725224,0.428313313892205,1.0449418667973642,True,True
SLV,160,2022-03-21,0.12311557340393588,0.07154087135757561,0.30433299999999996,0.3209775,0.5428546216130417,0.9481443403353815,0.42918472527704316,1.0447058614001494,True,True
SLV,161,2022-04-18,0.11210558593229321,0.032451468146411144,0.29679599999999995,0.312576,1.2396954732736174,0.9495162776412774,0.4312572602245778,1.0444698560029346,True,True
SLV,162,2022-05-23,0.10659117502713794,0.08616449709054641,0.298581,0.30994299999999997,0.21274249631279532,0.9633416466898753,0.43332979517211234,1.0442338506057198,False,True
SLV,163,2022-06-21,0.09726194820737902,0.06219526435358404,0.2796325,0.3019695,0.4471289746438616,0.9260289532552128,0.4312572602245778,1.0440871606393927,True,True
SLV,164,2022-07-18,0.10673867216741485,0.06451321552480638,0.305376,0.31357,0.5035134362786331,0.9738686736613833,0.43332979517211234,1.0439404706730655,True,True
SLV,165,2022-08-22,0.10269948287453921,0.09890785260825813,0.2910135,0.29622000000000004,0.03761844666684591,0.9824235365606642,0.43429775170806895,1.0437937807067383,False,True
SLV,166,2022-09-19,0.11601073121936238,0.08517509829457932,0.3051395,0.3214045,0.30897357976204176,0.9493939879497643,0.43332979517211234,1.0436470907404112,False,True
SLV,167,2022-10-24,0.15959440879814626,0.1791794576824435,0.35287,0.3423435,-0.11575220869242035,1.0307483565483206,0.4312572602245778,1.043500400774084,False,True
SLV,168,2022-11-21,0.12234177753575025,0.11639155295523805,0.30693000000000004,0.3095795,0.04985861963106164,0.9914416167737206,0.42918472527704316,1.043353710807757,False,True
SLV,169,2022-12-19,0.10388779545838885,0.10275264734317419,0.279744,0.293822,0.010986808956106653,0.9520866374880028,0.428313313892205,1.04320702084143,False,True
SLV,170,2023-01-23,0.10524043771659339,0.05650482764372276,0.29414450000000003,0.29854,0.6219215358622895,0.9852766798418973,0.42744190250736686,1.0430603308751027,True,True
SLV,171,2023-02-21,0.08153162118625225,0.05154986530782467,0.2692695,0.27552699999999997,0.45844133739926607,0.9772889771238391,0.428313313892205,1.0429136409087756,True,True
SLV,172,2023-03-20,0.12474398313543995,0.11125678747315439,0.32028650000000003,0.31236149999999996,0.11442257190931802,1.0253712445355785,0.42918472527704316,1.0427669509424484,False,True
SLV,173,2023-04-24,0.08547274977587296,0.0417877608360734,0.26508149999999997,0.2767355,0.71559411537949,0.9578875857994364,0.428313313892205,1.042438589584098,True,True
SLV,174,2023-05-22,0.09218936980527849,0.05231560205711096,0.2688525,0.2770165,0.5665501838876097,0.9705288313151021,0.42918472527704316,1.0421102282257475,True,True
SLV,175,2023-06-20,0.07170196220878551,0.06840225787362364,0.241141,0.254762,0.04711228022778473,0.9465344125105,0.4312572602245778,1.041781866867397,False,True
SLV,176,2023-07-24,0.06551991754931873,0.053349022184942835,0.2311005,0.23723650000000002,0.20549853186417044,0.9741355145603647,0.42918472527704316,1.0414535055090466,False,True
SLV,177,2023-08-21,0.06477259341634034,0.05321795459659268,0.2306165,0.238624,0.19648674096055524,0.9664430233337803,0.428313313892205,1.0411251441506961,False,True
SLV,178,2023-09-18,0.06000899383946488,0.05372965077415466,0.222436,0.2311765,0.11052944323692827,0.9621912261843223,0.42744190250736686,1.0407967827923457,False,True
SLV,179,2023-10-23,0.10067153857057996,0.07913572190148317,0.2769065,0.26802099999999995,0.24069874678400557,1.0331522529951014,0.42574845542273976,1.0404684214339952,False,True
SLV,180,2023-11-20,0.07094702527935731,0.04384337703980214,0.24437799999999998,0.2484115,0.48130980503678544,0.9837628290155648,0.42405500833811266,1.0401400600756447,True,True
SLV,181,2023-12-18,0.07014544696087087,0.0846795774598218,0.2401625,0.2496375,-0.18830355630131093,0.9620449651995393,0.42574845542273976,1.0398116987172943,False,True
SLV,182,2024-01-22,0.06529906810225838,0.0314276605977788,0.2243045,0.225988,0.7312893492611503,0.9925504894065171,0.42405500833811266,1.0394833373589438,True,True
SLV,183,2024-02-20,0.06059574977876004,0.056938441223331776,0.220908,0.22507149999999998,0.06225404925215197,0.9815014339887548,0.42574845542273976,1.0393699513718864,False,True
SLV,184,2024-03-18,0.07169350231632868,0.05441322039879015,0.2354865,0.2332475,0.27579297392240903,1.0095992454367142,0.42405500833811266,1.039256565384829,False,True
SLV,185,2024-04-22,0.1034205124135112,0.11114615919228454,0.286358,0.2684395,-0.07204276299734416,1.0667506086101337,0.4202989949063143,1.0391431793977715,False,False
SLV,186,2024-05-20,0.1725261165021938,0.1402386223099312,0.3975165,0.35016499999999995,0.20720320826212593,1.1352262504819157,0.41654298147451596,1.0414535055090466,False,False
SLV,187,2024-06-24,0.10146143499628547,0.19783468814280025,0.29758700000000005,0.293007,-0.6677529980879832,1.015631025879928,0.4164573898160059,1.043500400774084,False,True
SLV,188,2024-07-22,0.09129511184244643,0.08014330597758279,0.2794855,0.276522,0.13028088976945174,1.0107170496380036,0.4163717981574958,1.043353710807757,False,True
SLV,189,2024-08-19,0.12892579151078334,0.09267963329660082,0.3327175,0.3249905,0.33008823633532575,1.0237760796084807,0.414270978006685,1.04320702084143,False,True
SLV,190,2024-09-23,0.11162282642974887,0.10703742037768117,0.314333,0.305828,0.04194707045424539,1.027809749270832,0.41217015785587413,1.0430603308751027,False,True
SLV,191,2024-10-21,0.17062957558940497,0.10884758757933764,0.381091,0.351058,0.4495463575848271,1.0855499661024675,0.411083010629715,1.0429136409087756,True,False
SLV,192,2024-11-18,0.10250869902248085,0.10356345805439562,0.2927025,0.28514,-0.010236882632518535,1.0265220593392719,0.41217015785587413,1.0442338506057198,False,True
SLV,193,2024-12-23,0.06659258116585857,0.06642514788374129,0.245695,0.262148,0.002517459465602057,0.9372377435647039,0.411083010629715,1.0440871606393927,False,True
SLV,194,2025-01-21,0.07644538499112759,0.054913569098413495,0.2582425,0.2639945,0.33081608594548106,0.9782116672885229,0.40999586340355587,1.0439404706730655,False,True
SLV,195,2025-02-24,0.07224428047300442,0.03162683296794405,0.2495945,0.2589605,0.8260472560268055,0.9638323219178215,0.4049274007218332,1.0437937807067383,True,True
SLV,196,2025-03-24,0.06841353345235071,0.04403205941480996,0.2417895,0.2496135,0.44065267088259163,0.9686555414671082,0.40999586340355587,1.0436470907404112,True,True
SLV,197,2025-04-21,0.11950869861090788,0.1462723623895187,0.315577,0.313241,-0.20208121920517655,1.007457516736315,0.411083010629715,1.043500400774084,False,True
SLV,198,2025-05-19,0.07004066121469636,0.05385115846065116,0.2432805,0.252016,0.2628520317991209,0.9653375182528093,0.40999586340355587,1.043353710807757,False,True
SLV,199,2025-06-23,0.07667778593975459,0.07546780202949145,0.25351599999999996,0.2589685,0.015905941627322312,0.9789453157430342,0.4049274007218332,1.04320702084143,False,True
SLV,200,2025-07-21,0.08507460759208119,0.05121401415796705,0.269022,0.27661800000000003,0.5075153992670216,0.9725397479556643,0.3998589380401106,1.0430603308751027,True,True
UNG,1,2007-05-21,0.1904047710682629,0.06661815739060428,0.43828,0.5045435,1.0501750062938051,0.8686664281672442,,,True,True
UNG,2,2007-06-18,0.15253007983341027,0.08316772475490135,0.3901905,0.5530714999999999,0.6065024724601571,0.7054973904820625,1.0501750062938051,0.8686664281672442,True,True
UNG,3,2007-07-23,0.3360805203317076,0.21894707233979735,0.6076265,0.670992,0.42852075330381334,0.9055644478622695,0.8283387393769811,0.852349524398726,True,True
UNG,4,2007-08-20,0.4176359492050386,0.4219912685204393,0.659355,0.6548615,-0.010374504987683284,1.0068617562644926,0.6065024724601571,0.8981848439232645,True,True
UNG,5,2007-09-24,0.2593329367256517,0.36839494173651316,0.484731,0.5067235,-0.3510428677563971,0.9565986183786622,0.5175116128819852,0.9764725637438257,True,True
UNG,6,2007-10-22,0.15239266215076788,0.20549957950712866,0.381267,0.4394485,-0.29898349426381937,0.8676033710434784,0.42852075330381334,0.9867565011101604,True,True
UNG,7,2007-11-19,0.21454618930531796,0.14164947213729095,0.46191899999999997,0.52312,0.4151695502021417,0.8830077228934087,0.20907312415806503,0.9817301873215774,True,True
UNG,8,2007-12-24,0.1073652938636468,0.09706649092726624,0.33182199999999995,0.41424300000000003,0.1008407643171802,0.8010322443589872,0.4151695502021417,0.9767038735329944,True,True
UNG,9,2008-01-22,0.12986817834288933,0.10700924316617053,0.3556625,0.36272499999999996,0.19360470778831804,0.9805293266248536,0.25800515725966094,0.9716775597444113,True,True
UNG,10,2008-02-19,0.14289921438001502,0.11555925028247893,0.374853,0.383674,0.212356199343692,0.9770091275405682,0.19360470778831804,0.9857958125527814,True,True
UNG,11,2008-03-24,0.20822130021410815,0.2168460112197411,0.44284100000000004,0.43748149999999997,-0.040586018469677514,1.012250803748273,0.20298045356600503,0.9831625695888175,True,True
UNG,12,2008-04-21,0.16901968895674194,0.13203351482967488,0.40733949999999997,0.431623,0.2469594202558023,0.9437390963873565,0.19360470778831804,1.0068617562644926,True,True
UNG,13,2008-05-19,0.1748315229657805,0.1276754980234801,0.4196635,0.4579175,0.3143309110567621,0.9164609345569891,0.20298045356600503,1.0042285133005286,True,True
UNG,14,2008-06-23,0.13904129275997562,0.10756286336215072,0.3765855,0.4796135,0.256695507114682,0.7851853627973358,0.212356199343692,1.0015952703365647,True,True
UNG,15,2008-07-21,,0.2228862596258014,0.5652405,0.526977,,1.072609430772121,0.22965780979974715,0.9989620273726009,True,True
UNG,16,2008-08-18,0.32173986718019815,0.24195819397621432,0.5713820000000001,0.542115,0.2849783940759804,1.0539867002388792,0.22965780979974715,1.0100951847547608,True,True
UNG,17,2008-09-22,0.349403747300451,0.35977190130370185,0.5708225,0.5398514999999999,-0.0292421005455795,1.0573694803107894,0.2469594202558023,1.033118751993576,True,True
UNG,18,2008-10-20,0.3226383243728365,0.2633033540436749,0.581881,0.5981270000000001,0.2032251521547103,0.9728385443225267,0.22965780979974715,1.0553398122676432,True,True
UNG,19,2008-11-24,0.404362245035621,0.44928241486057896,0.6245815,0.6476085,-0.1053405539978019,0.964443023833072,0.212356199343692,1.0550015342604522,True,True
UNG,20,2008-12-22,0.415256462565789,0.29035067678713955,0.6195505,0.605677,0.3578068886937392,1.0229057732091527,0.20779067574920113,1.0546632562532612,True,True
UNG,21,2009-01-20,0.3828437047139053,0.3383290982959546,0.6052635,0.5838165,0.12360773882814631,1.036735857927962,0.212356199343692,1.0543249782460702,True,True
UNG,22,2009-02-23,0.4505575642066784,0.22312993781307172,0.6447080000000001,0.599931,0.7027315648249143,1.07463691657874,0.20779067574920113,1.0539867002388792,True,True
UNG,23,2009-03-23,0.39315359457958565,0.39317939289555537,0.5719255,0.57875,-6.561677149479893e-05,0.9882082073434125,0.212356199343692,1.0570312023035984,True,True
UNG,24,2009-04-20,0.3392399063049137,0.28310910461344924,0.5689235,0.564078,0.18087519328672225,1.008590124060857,0.20779067574920113,1.0566929242964074,True,True
UNG,25,2009-05-18,0.33797414760127503,0.3997567710595458,0.5664715,0.586032,-0.1678868836348492,0.9666221298495645,0.2032251521547103,1.0563546462892164,True,True
UNG,26,2009-06-22,0.48605704546064166,0.44532517776975966,0.6759835000000001,0.7141204999999999,0.08752124263379643,0.9465958476195546,0.19841492997151416,1.0560163682820254,True,True
UNG,27,2009-07-20,0.37393844311913926,0.22906260484029467,0.6026825,0.6429705,0.4900958435036471,0.9373408266786735,0.19360470778831804,1.0556780902748342,True,True
UNG,28,2009-08-24,0.419248249778497,0.2510477681079578,0.6336085,0.6493245,0.5128199938338295,0.9757963853204369,0.19841492997151416,1.0553398122676432,True,True
UNG,29,2009-09-21,0.4832065692565926,0.5442709697164764,0.6224609999999999,0.5814215,-0.11900298709475873,1.0705847650972657,0.2032251521547103,1.0550015342604522,True,True
UNG,30,2009-10-19,0.19381562275180095,0.21563877292144773,0.399086,0.4187595,-0.10669735120202552,0.9530195732872926,0.19841492997151416,1.0600125372680846,True,True
UNG,31,2009-11-23,0.2726508083740349,0.15208820357000663,0.43864899999999996,0.4953005,0.5837312470559848,0.8856219608096498,0.19360470778831804,1.058691008789437,True,True
UNG,32,2009-12-21,0.33182114897033604,0.31617868684362266,0.5127065,0.5021059999999999,0.04828859737356542,1.021112075936157,0.19841492997151416,1.0573694803107894,True,True
UNG,33,2010-01-19,0.24463903714736546,0.23792044907061052,0.453422,0.469859,0.0278474361832289,0.9650171647238852,0.19360470778831804,1.0570312023035984,True,True
UNG,34,2010-02-22,0.2411802078373778,0.12171373515886623,0.421098,0.438606,0.6838725500060777,0.9600826254086811,0.18723995053752013,1.0566929242964074,True,True
UNG,35,2010-03-22,0.23413292927957918,0.10189033998502862,0.398725,0.42103,0.8319918911435162,0.9470227774742892,0.19360470778831804,1.0563546462892164,True,True
UNG,36,2010-04-19,0.26327129706706137,0.19999044195459376,0.442002,0.45552349999999997,0.27491547310244085,0.9703165698366825,0.19841492997151416,1.0560163682820254,True,True
UNG,37,2010-05-24,0.28491004984610785,0.16927216816006646,0.4404885,0.506525,0.5206656338722498,0.8696283500320814,0.2032251521547103,1.0556780902748342,True,True
UNG,38,2010-06-21,0.3033422273477173,0.22010726574948847,0.488338,0.5145074999999999,0.32074663222293615,0.9491367958678932,0.20779067574920113,1.0553398122676432,True,True
UNG,39,2010-07-19,0.2778099511972963,0.192293562026418,0.4534155,0.49163999999999997,0.36791407789069375,0.9222510373443985,0.212356199343692,1.0550015342604522,True,True
UNG,40,2010-08-23,,0.08478619329749282,0.4640215,0.45408099999999996,,1.0218914687027205,0.22965780979974715,1.0546632562532612,True,True
UNG,41,2010-09-20,0.30169052546458625,0.09937696053022577,0.44516,0.42769250000000003,1.1104814404562922,1.040841258614542,0.22965780979974715,1.0543249782460702,True,True
UNG,43,2010-11-22,0.3475831252727762,0.16768443846526843,0.492652,0.4452765,0.728919975179647,1.1063956889707856,0.2469594202558023,1.0539867002388792,True,False
UNG,44,2010-12-20,,0.16143162340947678,0.415293,0.421962,,0.9841952592887512,0.2518274636852421,1.0570312023035984,True,True
UNG,45,2011-01-24,,0.11776652797272757,0.38400049999999997,0.37750649999999997,,1.0172023528071703,0.2518274636852421,1.0566929242964074,True,True
UNG,46,2011-02-22,0.2783546730942944,0.09506702964391647,0.350593,0.365158,1.074313885045121,0.9601131564966399,0.2518274636852421,1.0563546462892164,True,True
UNG,47,2011-03-21,0.1668559163529888,0.10922666894981617,0.368775,0.3764465,0.42370540903579573,0.9796212742049667,0.256695507114682,1.0560163682820254,True,True
UNG,48,2011-04-18,0.14310894908035576,0.0920897860637366,0.340287,0.3515485,0.44084218524717095,0.9679660132243489,0.2658054901085614,1.0556780902748342,True,True
UNG,49,2011-05-23,0.14729647531917897,0.1431880811028115,0.352036,0.37495049999999996,0.028288376055330064,0.938886599697827,0.27491547310244085,1.0553398122676432,False,True
UNG,50,2011-06-20,0.15520712510744533,0.11723514711535292,0.3424025,0.37030450000000004,0.28057879364516675,0.9246511992157804,0.2658054901085614,1.0550015342604522,True,True
UNG,51,2011-07-18,0.13986786056699085,0.07145957823037252,0.35116,0.356265,0.6715661734065534,0.9856707787742272,0.27491547310244085,1.0546632562532612,True,True
UNG,52,2011-08-22,0.16480840104143923,0.05718723034337302,0.3542705,0.3481025,1.058452965651793,1.0177189189965599,0.2777471333738038,1.0543249782460702,True,True
UNG,53,2011-09-19,0.1397977857736626,0.10659702448992106,0.3300565,0.34656299999999995,0.27114139265574877,0.9523708532070648,0.28057879364516675,1.0539867002388792,False,True
UNG,54,2011-10-24,,0.09828895037921127,0.358765,0.3492675,,1.0271926245642666,0.2777471333738038,1.0526721560764454,True,True
UNG,55,2011-11-21,,0.10862052063625281,0.38909,0.377692,,1.0301780286582718,0.2777471333738038,1.0513576119140118,True,True
UNG,56,2011-12-19,,0.10526650221548255,0.4253765,0.4012755,,1.0600609805482766,0.2777471333738038,1.050043067751578,True,False
UNG,57,2012-01-23,0.5418842594453943,0.3227327927849556,0.5721655,0.48010200000000003,0.5182277212484132,1.1917582097137691,0.2777471333738038,1.0560163682820254,True,False
UNG,58,2012-02-21,0.37675102710741726,0.4656608655789676,0.45042899999999997,0.4499605,-0.21187304918060104,1.0010412025055533,0.28057879364516675,1.058715230429533,False,True
UNG,59,2012-03-19,0.21379681676495574,0.15979244740072285,0.43398000000000003,0.441225,0.29115034024394354,0.9835798062213158,0.2777471333738038,1.0584460804057843,True,True
UNG,60,2012-04-23,0.2490201050602788,0.14167835304972243,0.4672925,0.4961655,0.5639742674494135,0.9418077234309923,0.28057879364516675,1.0581769303820356,True,True
UNG,61,2012-05-21,0.32828265209543633,0.26811851321874186,0.554852,0.5458719999999999,0.20244588522314375,1.0164507430313336,0.2827785938605736,1.0579077803582868,False,True
UNG,62,2012-06-18,0.33945063553238497,0.4900268867208577,0.5569569999999999,0.5488095,-0.36713172747078865,1.014845770709144,0.28057879364516675,1.0576386303345382,False,True
UNG,63,2012-07-23,0.2842935452967257,0.19280155247501907,0.5113464999999999,0.5096355,0.3883458801533736,1.0033573014438748,0.2777471333738038,1.0573694803107894,True,True
UNG,64,2012-08-20,0.2684062020285862,0.19665488394263272,0.4862255,0.46890350000000003,0.3110511779588485,1.036941502889187,0.28057879364516675,1.0570312023035984,True,True
UNG,65,2012-09-24,0.19910741607459378,0.17090266841546087,0.427535,0.41992450000000003,0.15275025446601848,1.0181234960094017,0.2827785938605736,1.0566929242964074,False,True
UNG,66,2012-10-22,0.1381654403635299,0.13268752050901525,0.359381,0.37214250000000004,0.04045491630272583,0.9657080285105839,0.28057879364516675,1.0563546462892164,False,True
UNG,67,2012-11-19,0.14220082999985972,0.11305782299869716,0.3626875,0.366116,0.2293409584130837,0.9906354816506244,0.2777471333738038,1.0560163682820254,False,True
UNG,68,2012-12-24,0.17656875716273804,0.11732781945926009,0.3983675,0.384981,0.4087384669298012,1.0347718458833033,0.27491547310244085,1.0556780902748342,True,True
UNG,69,2013-01-22,0.1275951508667218,0.11869984242483606,0.3411645,0.3329085,0.0722643934696323,1.024799607099248,0.2777471333738038,1.0553398122676432,False,True
UNG,70,2013-02-19,0.11969208770135327,0.11878432617932169,0.3307905,0.3230515,0.007613045597485921,1.0239559327228012,0.27491547310244085,1.0550015342604522,False,True
UNG,71,2013-03-18,0.11087185439401441,0.07443492942736393,0.32308400000000004,0.306284,0.3984497562679354,1.0548510532708206,0.27302843287909484,1.0546632562532612,True,False
UNG,72,2013-04-22,0.11047660303756844,0.11578745509840932,0.3154,0.3126285,-0.046952465465252495,1.0088651546484086,0.27491547310244085,1.0551028959748174,False,True
UNG,73,2013-05-20,0.11021875903792147,0.12127954867847501,0.3205265,0.3363585,-0.095631091132318,0.9529311731381843,0.27302843287909484,1.0548510532708206,False,True
UNG,74,2013-06-24,0.1013790160359334,0.07713180658152671,0.30142199999999997,0.31869749999999997,0.27335039507034065,0.9457934247993787,0.27114139265574877,1.0547646179676264,True,True
UNG,75,2013-07-22,0.11143865224158785,0.09231122053466431,0.31453600000000004,0.324171,0.1883085353280698,0.9702780322730906,0.2722458938630447,1.0546781826644323,False,True
UNG,76,2013-08-19,0.11479584023375189,0.06891167527093942,0.3201845,0.34892449999999997,0.5103296322587499,0.9176326110662909,0.27114139265574877,1.0545917473612383,True,True
UNG,77,2013-09-23,0.0965766910802892,0.04195034788874864,0.291791,0.322843,0.8338506931210667,0.903817025613069,0.2722458938630447,1.054505312058044,True,True
UNG,78,2013-10-21,0.11113999632197899,0.0600631680641468,0.3234405,0.322192,0.6153938252733568,1.0038750186224363,0.27335039507034065,1.05441887675485,True,True
UNG,79,2013-11-18,0.10527871231777515,0.06555886005496923,0.304632,0.314565,0.473662870566736,0.9684230604167661,0.2741329340863907,1.0543324414516557,True,True
UNG,80,2013-12-23,0.23625018082089536,0.07457797823541869,0.424241,0.379398,1.1530460660394164,1.1181951407229347,0.27491547310244085,1.0542460061484615,True,False
UNG,81,2014-01-21,0.18930792812404446,0.14446909521261528,0.4038235,0.3531835,0.2703093278892952,1.1433815566129222,0.2777471333738038,1.0553547386788145,False,False
UNG,82,2014-02-24,0.2828906824778992,0.6678831986783156,0.46202600000000005,0.389475,-0.8590527639495408,1.186278965273766,0.27491547310244085,1.0576386303345382,False,False
UNG,83,2014-03-24,0.1076377150845674,0.11121292167777519,0.2967255,0.294188,-0.03267547895271857,1.0086254367955183,0.2741329340863907,1.0600609805482766,False,True
UNG,84,2014-04-21,0.09572065751766357,0.07082843773622674,0.289697,0.2959105,0.3011735491982449,0.9790020969178179,0.27335039507034065,1.059791830524528,True,True
UNG,85,2014-05-19,0.09366497092856724,0.05766698826792778,0.28828,0.29859800000000003,0.48503939382168276,0.9654451804767612,0.2741329340863907,1.0595226805007791,True,True
UNG,86,2014-06-23,0.08680420849300656,0.06909331749095537,0.2739245,0.2851225,0.2281970871372315,0.9607256530087945,0.27491547310244085,1.0592535304770305,False,True
UNG,87,2014-07-21,0.09335794765132817,0.06630382658722445,0.281546,0.2893565,0.3421933927934898,0.9730073456100001,0.2741329340863907,1.0589843804532817,True,True
UNG,88,2014-08-18,0.09595260667242735,0.0721742702701103,0.29862900000000003,0.319215,0.2847707741371354,0.9355105493162915,0.27491547310244085,1.058715230429533,True,True
UNG,89,2014-09-22,0.11507281270699901,0.07692476081585706,0.3283145,0.3572845,0.4027372700925978,0.918916157851796,0.2777471333738038,1.0584460804057843,True,True
UNG,90,2014-10-20,0.14552655390983735,0.061565001307515306,0.3515725,0.40804450000000003,0.8602650225759866,0.8616033300289552,0.28057879364516675,1.0581769303820354,True,True
UNG,91,2014-11-24,0.38359552888475057,0.21411995016436436,0.6086,0.5254380000000001,0.583052314491873,1.1582717656507522,0.2826747838911511,1.0579077803582868,True,False
UNG,92,2014-12-22,0.35817258906167737,0.31693421425428575,0.570301,0.536584,0.1223207362535102,1.0628363872198947,0.2847707741371354,1.0611133590031756,False,False
UNG,93,2015-01-20,0.4167591794179102,0.5094740010503989,0.6342805,0.5559585,-0.20087027541435773,1.140877421606109,0.2826747838911511,1.0628363872198947,False,False
UNG,94,2015-02-23,0.2348096989557537,0.18338550333672787,0.475376,0.431241,0.24718488167538794,1.1023441648637307,0.28057879364516675,1.0698099273095287,False,False
UNG,95,2015-03-23,0.1983358566509048,0.17064067608718592,0.4201845,0.411337,0.15040180318351834,1.0215091275523476,0.2777471333738038,1.0722044976371499,False,True
UNG,96,2015-04-20,0.17140308030449464,0.09987397443951784,0.39073,0.39222250000000003,0.5401088418469742,0.9961947619017267,0.27491547310244085,1.0720020310696645,True,True
UNG,97,2015-05-18,0.1769487113100028,0.12272076925571865,0.4094105,0.40279750000000003,0.3659483179929008,1.0164176788584833,0.2777471333738038,1.071799564502179,True,True
UNG,98,2015-06-22,0.19444300106467444,0.17249105093554215,0.42645350000000004,0.4231905,0.11979370996669574,1.0077104755423385,0.28057879364516675,1.0715970979346934,False,True
UNG,99,2015-07-20,0.14903470740955843,0.08003335112917434,0.36671750000000003,0.379907,0.6217357775403491,0.9652822927716521,0.2777471333738038,1.0713946313672078,True,True
UNG,100,2015-08-24,0.1354912918568712,0.08242028387964133,0.3608635,0.4162255,0.4970758013055808,0.866990369403124,0.28057879364516675,1.0711921647997222,True,True
UNG,101,2015-09-21,0.13126063076995692,0.07051913668501494,0.3282355,0.409227,0.6213007792091817,0.8020866169632014,0.2826747838911511,1.0709896982322369,True,True
UNG,102,2015-10-19,0.1800972604261018,0.07111066236232308,0.38289799999999996,0.46799500000000005,0.9292597521942509,0.8181668607570592,0.2847707741371354,1.0707872316647513,True,True
UNG,103,2015-11-23,0.27262071780603797,0.1717709735805686,0.484715,0.434519,0.4619194765661216,1.115520840285465,0.2848745841065579,1.0705847650972657,True,False
UNG,104,2015-12-21,0.35399013727309964,0.21461131649190748,0.5813975,0.5040565,0.5004404901750346,1.1534371642861465,0.2849783940759804,1.0724069642046354,True,False
UNG,105,2016-01-19,0.29739731224261945,0.3731689108732363,0.5068360000000001,0.430489,-0.22696216483620807,1.1773494793130603,0.288064367159962,1.074231419417416,False,False
UNG,106,2016-02-22,0.25222727639328923,0.2565666363587332,0.489283,0.4834275,-0.01705785024111181,1.0121124677433535,0.2849783940759804,1.0940319903782336,False,True
UNG,107,2016-03-21,0.2930886406188205,0.16778270751263938,0.48962,0.450751,0.5578053564073143,1.0862316445221418,0.2848745841065579,1.0912612655497347,True,True
UNG,108,2016-04-18,0.2227216233896601,0.22059372032657865,0.4315725,0.4185295,0.009600025966176998,1.0311638725585652,0.2849783940759804,1.0942879046929361,False,True
UNG,109,2016-05-23,0.19156098378442038,0.14186377973283631,0.4195875,0.4163615,0.3003389115828955,1.0077480746899028,0.2848745841065579,1.0926766526587774,True,True
UNG,110,2016-06-20,0.1850276263637867,0.1331623101875724,0.3902305,0.391988,0.3289363841088269,0.9955164443809503,0.2849783940759804,1.0910654006246183,True,True
UNG,111,2016-07-18,0.1857273697103968,0.19022377547910843,0.4111185,0.4004635,-0.023921300618676825,1.0266066695216918,0.288064367159962,1.0894541485904596,False,True
UNG,112,2016-08-22,0.15408325614957216,0.17716673356263993,0.379706,0.4175935,-0.13959820602482276,0.9092718157729945,0.2849783940759804,1.087842896556301,False,True
UNG,113,2016-09-19,0.16572772373731023,0.11660039455256897,0.3876195,0.455756,0.3515935655521722,0.8504978541149212,0.2848745841065579,1.0862316445221418,True,True
UNG,114,2016-10-24,0.17995523020775034,0.08719634539363336,0.414581,0.46150199999999997,0.7245456794727535,0.898329801387643,0.2849783940759804,1.0850721717278018,True,True
UNG,115,2016-11-21,0.3264030401810187,0.2580999690181657,0.5295125,0.5485125,0.23478595064019783,0.9653608623322169,0.288064367159962,1.0839126989334613,False,True
UNG,116,2016-12-19,0.24853841272278915,0.2228483804168601,0.487188,0.439565,0.10910578017902717,1.1083412009600402,0.2849783940759804,1.0827532261391213,False,False
UNG,117,2017-01-23,0.220268588786064,0.3539594951247363,0.6269095,0.425943,-0.4743348262060838,1.4718154776578087,0.2848745841065579,1.0958991567270953,False,False
UNG,118,2017-02-21,0.19475196523001476,0.1902780675597655,0.402042,0.382789,0.02324025999897927,1.0502966386181423,0.2847707741371354,1.1043699269172582,False,True
UNG,119,2017-03-20,0.14609313689567108,0.18500564630750654,0.365089,0.36940700000000004,-0.23614200292939497,0.9883109957309958,0.2826747838911511,1.1039647745065526,False,True
UNG,120,2017-04-24,0.13438632871329495,0.057387484912918243,0.3462235,0.3547225,0.8508924553549981,0.9760404259667769,0.28057879364516675,1.103559622095847,True,True
UNG,121,2017-05-22,0.1129087478985797,0.0766597351041065,0.3291485,0.341206,0.3872033472730192,0.9646621102794206,0.2826747838911511,1.1031544696851416,True,True
UNG,122,2017-06-19,0.13294578594741777,0.10765917338297201,0.346303,0.3560055,0.2109709855944369,0.972746207572636,0.2847707741371354,1.1027493172744363,False,True
UNG,123,2017-07-24,,0.09577003241761023,0.31856399999999996,0.34109900000000004,,0.933934136423736,0.2826747838911511,1.1023441648637307,True,True
UNG,124,2017-08-21,0.0877706076157534,0.06960860022322299,0.2871825,0.38959,0.23183855326597372,0.737140327010447,0.2826747838911511,1.100732912829572,False,True
UNG,125,2017-09-18,0.11237142787180868,0.07539692814635973,0.309493,0.39680249999999995,0.39904317129691375,0.7799673641169097,0.28057879364516675,1.0991216607954128,True,True
UNG,126,2017-10-23,,0.04452482698217169,0.3478195,0.427855,,0.8129377943462155,0.2826747838911511,1.0975104087612542,True,True
UNG,127,2017-11-20,0.1503274161009508,0.07555431722807403,0.393772,0.40223600000000004,0.6879638582411689,0.97895762686582,0.2826747838911511,1.0958991567270953,True,True
UNG,128,2017-12-18,,0.17129535696962817,0.415342,0.3784025,,1.0976195981791876,0.2847707741371354,1.0942879046929361,True,False
UNG,129,2018-01-22,0.19023401462543765,0.24451473201670984,0.429985,0.327948,-0.25102059052891534,1.3111377413492382,0.2847707741371354,1.0995094248530048,False,False
UNG,130,2018-02-20,0.09056625498876629,0.14559960223453436,0.29338549999999997,0.266376,-0.4747787216779057,1.101396146800012,0.2826747838911511,1.103559622095847,False,True
UNG,131,2018-03-19,0.06568754024144731,0.03515835283758109,0.2472385,0.24687550000000003,0.6250470371597854,1.001470376768857,0.28057879364516675,1.1031544696851416,True,True
UNG,132,2018-04-23,0.05412054446842326,0.03679962115768895,0.22257,0.22241149999999998,0.38572631315025613,1.0007126430063193,0.2826747838911511,1.1027493172744363,True,True
UNG,133,2018-05-21,0.045726538660326305,0.025374216942480515,0.2058925,0.216563,0.5889452665424623,0.9507279636872411,0.2847707741371354,1.1023441648637307,True,True
UNG,134,2018-06-18,0.05377323297561762,0.04177123140620702,0.2248245,0.23330800000000002,0.25256795631367773,0.963638195004029,0.2848745841065579,1.1022493630573589,False,True
UNG,135,2018-07-23,0.0429414619870881,0.033796788379104416,0.206482,0.22491699999999998,0.23947205947374653,0.918036431216849,0.2847707741371354,1.1021545612509869,False,True
UNG,136,2018-08-20,0.04717628469846455,0.023597932882025184,0.2183615,0.2600825,0.6927322050450111,0.8395855161343035,0.2826747838911511,1.102059759444615,True,True
UNG,137,2018-09-24,0.07372478695400528,0.06271647784207468,0.276385,0.3360155,0.16171484734772118,0.8225364603716196,0.2847707741371354,1.101964957638243,False,True
UNG,138,2018-10-22,0.17865899532765506,0.12101274401769274,0.425483,0.469276,0.38958307237095385,0.9066796512073918,0.2826747838911511,1.1018701558318713,True,True
UNG,139,2018-11-19,1.1351715411756087,1.2478993395797675,1.152425,0.971137,-0.09467783219336216,1.1866760302614359,0.2847707741371354,1.1017753540254995,False,False
UNG,140,2018-12-24,0.5824183980186953,0.5076966988504235,0.741834,0.570677,0.13730486662174082,1.2999192187524642,0.2826747838911511,1.103559622095847,False,False
UNG,141,2019-01-22,0.3652170487109528,0.5348176309407294,0.5414295,0.416214,-0.3814339811895503,1.3008440369617553,0.28057879364516675,1.1067847913686364,False,False
UNG,142,2019-02-19,0.07269454583753351,0.1752547544207978,0.266445,0.260985,-0.8799742960516892,1.020920742571412,0.2777471333738038,1.1090591648925827,False,True
UNG,143,2019-03-18,0.048689577217584566,0.05216162298168271,0.21384150000000002,0.212605,-0.06888204557053586,1.0058159497659982,0.27491547310244085,1.1083412009600402,False,True
UNG,144,2019-04-22,0.05965675146555291,0.03657705131812834,0.2360265,0.2358545,0.48918629622234727,1.000729263168606,0.2741329340863907,1.1081466497611148,True,True
UNG,145,2019-05-20,0.05603878863468531,0.04086278337260358,0.2358585,0.247115,0.3158243983416613,0.9544483337717257,0.27491547310244085,1.1079520985621893,True,True
UNG,146,2019-06-24,0.12767411743046514,0.1134574351856038,0.355814,0.356072,0.11805331369116581,0.9992754274416411,0.2777471333738038,1.107757547363264,False,True
UNG,147,2019-07-22,0.12462604444901358,0.11983254197738444,0.352654,0.35979300000000003,0.039222324314867926,0.9801580353147504,0.27491547310244085,1.1075629961643383,False,True
UNG,148,2019-08-19,0.142387670221819,0.10090236271400495,0.377405,0.42907700000000004,0.3444000662302782,0.8795740624643128,0.2741329340863907,1.1073684449654129,True,True
UNG,149,2019-09-23,0.19229942099742128,0.10550995951930543,0.4288195,0.511806,0.6002482901693269,0.8378555546437518,0.27491547310244085,1.1071738937664874,True,True
UNG,150,2019-10-21,0.24484022086457824,0.09711185721086042,0.495781,0.5692729999999999,0.9247423568204822,0.8709020101076287,0.2777471333738038,1.106979342567562,True,True
UNG,151,2019-11-18,0.27821389341432406,0.1614454421508287,0.5177309999999999,0.5001,0.5442229525352116,1.0352549490101979,0.28057879364516675,1.1067847913686366,True,True
UNG,152,2019-12-23,0.2600269554233005,0.205647644273326,0.482344,0.4316575,0.23462106076466147,1.117422956858157,0.2826747838911511,1.106590240169711,False,False
UNG,153,2020-01-21,0.1666926138269514,0.10448272690480903,0.406066,0.363943,0.46712971563289385,1.1157406516954578,0.28057879364516675,1.1083412009600402,True,False
UNG,154,2020-02-24,0.13460884812104804,0.12045603133356039,0.3579,0.3229325,0.11108835031679246,1.1082811423439882,0.2826747838911511,1.1148028763529225,False,True
UNG,155,2020-03-23,0.6144486484324237,0.3338641614947946,0.758234,0.575671,0.6099911509506027,1.3171307917195758,0.28057879364516675,1.1140849124203802,True,False
UNG,156,2020-04-20,0.5888426809056216,0.46590919482513476,0.71749,0.6024005,0.23416829849113838,1.1910514682507733,0.2826747838911511,1.11567470827246,False,False
UNG,157,2020-05-18,0.5462538921873495,0.5193372625007586,0.635842,0.614143,0.050530368145283035,1.0353321620534632,0.28057879364516675,1.1167500347930774,False,True
UNG,158,2020-06-22,0.3999497153713029,0.11261069413729122,0.5867815000000001,0.5803315,1.2674021418617882,1.0111143372365623,0.2777471333738038,1.1165818042768074,True,True
UNG,159,2020-07-20,0.3791195937833203,0.3640158697981732,0.5837175,0.5944944999999999,0.040654241153201445,0.9818719937694967,0.28057879364516675,1.1164135737605374,False,True
UNG,160,2020-08-24,0.32000158296880166,0.5275366453081829,0.5200195,0.557017,-0.4998923901568118,0.9335792264868038,0.2777471333738038,1.1162453432442676,False,True
UNG,161,2020-09-21,0.43968683315202006,0.3004536111861271,0.6394759999999999,0.7150099999999999,0.3807693607008983,0.8943595194472804,0.27491547310244085,1.1160771127279976,True,True
UNG,162,2020-10-19,0.4339441188191736,0.46075553407250514,0.6379155,0.678661,-0.0599518401578831,0.9399619250258966,0.2777471333738038,1.1159088822117278,False,True
UNG,163,2020-11-23,0.4029819701604577,0.2486631642609134,0.6223145,0.6370665,0.48279259519510026,0.9768438616690722,0.27491547310244085,1.1157406516954578,True,True
UNG,164,2020-12-21,0.3123885965828159,0.2730401074748393,0.5552524999999999,0.561769,0.13462921646203757,0.9884000363138585,0.2777471333738038,1.1157186705544586,False,True
UNG,165,2021-01-19,0.29319459660455893,0.30233756769765996,0.5274905000000001,0.506157,-0.030707626164576625,1.0421479896553838,0.27491547310244085,1.1156966894134592,False,True
UNG,166,2021-02-22,0.1643874546404377,0.3489916561983825,0.36808300000000005,0.3525795,-0.7528218444382896,1.0439716432747794,0.2741329340863907,1.11567470827246,False,True
UNG,167,2021-03-22,0.1404953598928434,0.08556432111587622,0.4091535,0.32269950000000003,0.49590607569018175,1.2679086890435218,0.27335039507034065,1.1156527271314607,True,False
UNG,168,2021-04-19,0.10329967934118377,0.07887349230235578,0.31132899999999997,0.29057900000000003,0.26978906631651883,1.0714091520722417,0.2741329340863907,1.1165818042768074,False,True
UNG,169,2021-05-24,0.11774782857900179,0.066308594756194,0.33106800000000003,0.313172,0.5742257686620835,1.0571443168610222,0.27335039507034065,1.1164135737605374,True,True
UNG,170,2021-06-21,0.12953772818311066,0.08692441082218569,0.319664,0.3293625,0.3989332761613696,0.9705537212038408,0.2741329340863907,1.1162453432442676,True,True
UNG,171,2021-07-19,0.17701548811970325,0.0824889854159813,0.4102125,0.4232825,0.7635724579287196,0.9691222764938309,0.27491547310244085,1.1160771127279976,True,True
UNG,172,2021-08-23,0.1887272490742336,0.1110973486082838,0.43649550000000004,0.5405955,0.5298960147093197,0.8074345790891712,0.2777471333738038,1.1159088822117278,True,True
UNG,173,2021-09-20,0.5481163156864307,0.28295607837147685,0.73715,0.9118075,0.6611958338297094,0.8084491518220677,0.28057879364516675,1.1157406516954578,True,True
UNG,174,2021-10-18,0.8918387659764285,0.6948202487442943,0.974783,1.1281305000000001,0.2496321833972124,0.8640693607698753,0.2826747838911511,1.1157186705544586,False,True
UNG,175,2021-11-22,0.9281392330690617,0.6116600417124569,0.97787,0.9669955,0.41700511639264853,1.0112456572962336,0.28057879364516675,1.1156966894134592,True,True
UNG,176,2021-12-20,0.49519635423582564,0.48297852132936153,0.6734100000000001,0.5538700000000001,0.024982175771367455,1.2158268185675338,0.2826747838911511,1.11567470827246,False,False
UNG,177,2022-01-24,0.32825344232386056,0.6921010285143006,0.512889,0.46272,-0.7459459398996284,1.108421939834025,0.28057879364516675,1.1167500347930774,False,True
UNG,178,2022-02-22,0.41423246571093647,0.6489976270872214,0.5826145,0.494232,-0.44900173282148376,1.178827959338934,0.2777471333738038,1.1165818042768074,False,False
UNG,179,2022-03-21,0.31657808150603367,0.21601820039626846,0.5248145,0.538959,0.38220724895045444,0.9737558886668559,0.27491547310244085,1.1177318304040682,True,True
UNG,180,2022-04-18,0.7267519423334596,0.2882097182737251,0.8713215000000001,0.8747815,0.9248968084790635,0.9960447265974419,0.2777471333738038,1.1176546120175903,True,True
UNG,181,2022-05-23,0.8912745192242173,0.7353808331991988,0.9564360000000001,0.9555290000000001,0.19226397696957942,1.0009492124257873,0.28057879364516675,1.1175773936311126,False,True
UNG,182,2022-06-21,0.5196833313425127,0.8133344111015914,0.6847945,0.6820124999999999,-0.44792270685770164,1.004079104121992,0.2777471333738038,1.1175001752446347,False,True
UNG,183,2022-07-18,0.8706976018739196,0.7888613558815685,0.9303035,0.9252955,0.09870414749114319,1.0054123250356237,0.27491547310244085,1.117422956858157,False,True
UNG,184,2022-08-22,0.958862769219581,0.39294800166295507,0.8689420000000001,1.0060054999999999,0.8920706750290122,0.8637547210228972,0.2741329340863907,1.117254726341887,True,True
UNG,185,2022-09-19,0.836990394051481,0.46688313183293056,0.8902995,0.9551405,0.5837336204666441,0.9321136523893606,0.27491547310244085,1.1170864958256173,True,True
UNG,186,2022-10-24,0.965220564939396,0.3053589055532469,0.9414675,1.004444,1.1508688156151134,0.9373021293372255,0.2777471333738038,1.1169182653093472,True,True
UNG,187,2022-11-21,1.4997235039132668,0.6317741911197017,1.1601214999999998,1.1015755,0.8645040016042613,1.0531475146279123,0.28057879364516675,1.1167500347930774,True,True
UNG,188,2022-12-19,0.9679994029263956,0.889367825154589,0.9474225000000001,0.8760545,0.08472056894252449,1.0814652513057124,0.2826747838911511,1.1165818042768074,False,True
UNG,189,2023-01-23,0.8714950533028504,0.731910331745106,0.8411150000000001,0.750481,0.17455218002961537,1.1207678808657382,0.28057879364516675,1.1164135737605374,False,False
UNG,190,2023-02-21,1.0468187269396338,0.6952018756679191,0.929763,0.8463514999999999,0.40930878822367744,1.098554205906175,0.2777471333738038,1.1176546120175903,True,True
UNG,191,2023-03-20,0.9329911981653483,0.7702073512244625,0.900539,0.871997,0.19173600099555713,1.0327317639854265,0.28057879364516675,1.1175773936311126,False,True
UNG,192,2023-04-24,0.5376141594350815,0.3751308977826281,0.6478444999999999,0.629138,0.35986610128043917,1.0297335401771948,0.2777471333738038,1.1175001752446347,True,True
UNG,193,2023-05-22,0.46767213965056414,0.32493135720014205,0.6231145,0.658575,0.3641535427040914,0.9461557149906996,0.28057879364516675,1.117422956858157,True,True
UNG,194,2023-06-20,0.5125162838995364,0.3084475122889329,0.6634104999999999,0.717144,0.5077807935475958,0.9250729281706322,0.2826747838911511,1.117254726341887,True,True
UNG,195,2023-07-24,0.29961783808893505,0.19985074141268572,0.5216855,0.6233310000000001,0.40493699455707755,0.8369317425252394,0.2847707741371354,1.1170864958256173,True,True
UNG,196,2023-08-21,0.3735476354179924,0.23619076425730018,0.5955415,0.7471464999999999,0.4584057327410772,0.7970879874295068,0.2848745841065579,1.1169182653093472,True,True
UNG,197,2023-09-18,0.35323891635127125,0.1589440372439847,0.5108235000000001,0.7223325,0.7985924716088466,0.7071860950462565,0.2849783940759804,1.1167500347930774,True,True
UNG,198,2023-10-23,0.30555303572283044,0.16532679518098942,0.5082275,0.6798325000000001,0.6141992745665019,0.7475775282882181,0.288064367159962,1.1165818042768074,True,True
UNG,199,2023-11-20,0.46792104764053627,0.29081117260727374,0.6473599999999999,0.695001,0.47562541489672067,0.9314518971915148,0.29115034024394354,1.1164135737605374,True,True
UNG,200,2023-12-18,0.4788515700499319,0.19780639961724278,0.6745265,0.6590225000000001,0.8841019021098255,1.0235257521556547,0.29574462591341955,1.1162453432442676,True,True
UNG,201,2024-01-22,0.4876224486100168,0.8068510057628647,0.6040595,0.556514,-0.5035975883824869,1.0854345083861323,0.3003389115828955,1.1160771127279976,False,True
UNG,202,2024-02-20,0.5048989346214694,0.288926137082169,0.613556,0.5669145,0.5581872053688723,1.0822725472712376,0.29574462591341955,1.1159088822117278,True,True
UNG,203,2024-03-18,0.4339064289709266,0.43604547215179223,0.6272035,0.5492425,-0.004917622431336611,1.141942766628584,0.3003389115828955,1.1157406516954578,False,False
UNG,204,2024-04-22,0.33434903409214395,0.19527232541647507,0.5279325,0.5062125,0.5377903346782412,1.0429068819912588,0.29574462591341955,1.117254726341887,True,True
UNG,205,2024-05-20,0.3154769591565008,0.3658847948647399,0.5232085,0.5357945,-0.1482328660227734,0.976509650621647,0.3003389115828955,1.1170864958256173,False,True
UNG,206,2024-06-24,0.38307554748873723,0.4156429699219415,0.559828,0.6165345,-0.08159442472002958,0.908023800776761,0.29574462591341955,1.1169182653093472,False,True
UNG,207,2024-07-22,0.44690221895603166,0.279230958375436,0.595127,0.6392575,0.47030057397059494,0.9309660035275299,0.29115034024394354,1.1167500347930774,True,True
UNG,208,2024-08-19,0.3607581067689572,0.1945743778290359,0.56037,0.6265875000000001,0.6173931741366048,0.894320426117661,0.29574462591341955,1.1165818042768074,True,True
UNG,209,2024-09-23,0.35975987876338633,0.24614563358799882,0.549131,0.6550325,0.3795134382484111,0.8383263425860549,0.3003389115828955,1.1164135737605374,True,True
UNG,210,2024-10-21,0.4699925909870449,0.20733567576785955,0.625725,0.7027355,0.8183778287995319,0.8904132493662267,0.3007562303905702,1.1162453432442676,True,True
UNG,211,2024-11-18,0.5486956736231142,0.389251176065422,0.7016555,0.6879725000000001,0.3433191271850875,1.0198888763722385,0.3011735491982449,1.1160771127279976,True,True
UNG,212,2024-12-23,0.645583730530812,0.38806014469943356,0.6645295,0.6597955,0.5089945763752468,1.0071749504202439,0.3061123635785467,1.1159088822117278,True,True
UNG,213,2025-01-21,0.3823559059578165,0.8987499898668718,0.5883155,0.554466,-0.8546530319195957,1.0610488289633628,0.3110511779588485,1.1157406516954578,False,True
UNG,214,2025-02-24,0.37211620058791883,0.42300759319912984,0.6764,0.5453715,-0.12818395704202631,1.2402554955658665,0.3061123635785467,1.1157186705544586,False,False
UNG,215,2025-03-24,0.4121862803319448,0.3258235990461579,0.578632,0.5854090000000001,0.23511925619954863,0.9884234782861213,0.3011735491982449,1.1170864958256173,False,True
UNG,216,2025-04-21,0.4482253598987861,0.38525484981448554,0.597851,0.6316269999999999,0.15139107855619108,0.9465254018590087,0.3007562303905702,1.1169182653093472,False,True
UNG,217,2025-05-19,0.37964942708776894,0.32374071495255496,0.5898235000000001,0.6278714999999999,0.15930533368517077,0.9394016132281846,0.3003389115828955,1.1167500347930774,False,True
UNG,218,2025-06-23,0.49779062153557124,0.22835957876786062,0.5813349999999999,0.596619,0.7792580634344412,0.9743823109890901,0.29574462591341955,1.1165818042768074,True,True
UNG,219,2025-07-21,0.417966978601169,0.30988602375654495,0.561694,0.586598,0.29919786627014316,0.9575450308388369,0.3003389115828955,1.1164135737605374,False,True
USO,1,2007-05-21,0.0606174125457339,0.05398621288187888,0.2390605,0.263942,0.11585349057734774,0.9057311833660425,,,True,True
USO,2,2007-06-18,0.07609279453653296,0.055560839837261164,0.26260649999999996,0.267351,0.3144749426060543,0.9822536665282716,0.11585349057734774,0.9057311833660425,True,True
USO,3,2007-07-23,0.07344064540347318,0.022370912116906776,0.26160300000000003,0.2662,1.1887159856635232,0.9827310293012774,0.21516421659170104,0.9746014182120487,True,True
USO,4,2007-08-20,0.11608711632389629,0.08940193855117337,0.3284945,0.320521,0.26119854607511467,1.024876685146995,0.3144749426060543,0.9826355567466762,True,True
USO,5,2007-09-24,0.08985753838728743,0.04127821340789378,0.284887,0.27777949999999996,0.7778906690125809,1.0255868413615836,0.2878367443405845,1.0122329883932797,True,True
USO,6,2007-10-22,0.10768651830733804,0.0643664005769365,0.316222,0.2932835,0.5146326313320799,1.0782127190926187,0.3144749426060543,1.0253027788757483,True,True
USO,7,2007-11-19,0.101183568925979,0.14134145728983458,0.3098315,0.3206675,-0.3342422644565366,0.9662079880249791,0.4145537869690671,1.0518997802271013,True,True
USO,8,2007-12-24,0.08878822830961035,0.1028279844811286,0.2802035,0.302041,-0.14680346142452802,0.9277002128850056,0.3144749426060543,1.0466371924539977,True,True
USO,9,2008-01-22,0.14519438222837175,0.060623059885677746,0.366811,0.3204,0.8733980648951277,1.1448533083645442,0.2878367443405845,1.041374604680894,True,True
USO,10,2008-02-19,0.11445842253115768,0.08775663703792672,0.344213,0.333894,0.2656441398053301,1.0309050177601273,0.3144749426060543,1.0915408369470039,True,True
USO,11,2008-03-24,0.17693865435126646,0.12090104897969223,0.399721,0.34817149999999997,0.38083065290573825,1.1480577818689928,0.2900595412056922,1.0848767780198112,True,True
USO,12,2008-04-21,0.15442321534097184,0.0834014774238378,0.38573349999999995,0.359962,0.6160309605920479,1.0715950572560435,0.3144749426060543,1.1448533083645442,True,True
USO,13,2008-05-19,0.15444486737258156,0.08387337486099837,0.383896,0.3849215,0.6105289677900582,0.9973358204205273,0.3476527977558963,1.1381892494373518,True,True
USO,14,2008-06-23,0.21206328928821178,0.19983716919962072,0.4459775,0.4678615,0.05938188355507463,0.9532254737780306,0.38083065290573825,1.131525190510159,True,True
USO,15,2008-07-21,0.2580599554441866,0.1516422943523836,0.493399,0.4980635,0.5316675225748148,0.9906347283027164,0.3476527977558963,1.1248611315829666,True,True
USO,16,2008-08-18,0.21629796744829263,0.12665652651254034,0.459154,0.459034,0.5351780290050424,1.00026141854416,0.38083065290573825,1.118197072655774,True,True
USO,17,2008-09-22,0.3398388602503101,0.24384194773215012,0.562527,0.4759795,0.331951304611616,1.1818303099188094,0.4477316421189091,1.1115330137285815,True,True
USO,18,2008-10-20,0.481262187337879,0.46898984980134456,0.6509085,0.608107,0.025831083622322077,1.070384817145667,0.38083065290573825,1.1461350977663236,True,True
USO,19,2008-11-24,0.6454170032982263,0.7163155233083637,0.7633405,0.6311245000000001,-0.10422412026831558,1.2094927387543977,0.3563909787586771,1.1458146504158788,True,True
USO,20,2008-12-22,0.8022213703662744,0.6692964290049589,0.864943,0.7534445,0.18115753800509243,1.147985020794498,0.331951304611616,1.1548122874789561,True,True
USO,21,2009-01-20,0.7505941378722274,0.6313300863833782,0.792397,0.722688,0.17303623468746152,1.0964579458908963,0.32321312360883514,1.1514350346739746,True,True
USO,22,2009-02-23,0.6209418254265685,0.3981274470239504,0.769007,0.641776,0.44446522600460253,1.1982482984717409,0.3144749426060543,1.1480577818689928,True,True
USO,23,2009-03-23,0.38274822628384,0.5617393502746322,0.5872200000000001,0.5385675000000001,-0.3836605523736638,1.0903368658524697,0.32321312360883514,1.1784530571138279,True,True
USO,24,2009-04-20,0.3301213155923412,0.3286354839566144,0.5696129999999999,0.5465409999999999,0.004511024877117216,1.0422145822545792,0.3144749426060543,1.175075804308846,True,True
USO,25,2009-05-18,0.1820366292980579,0.21550900526605685,0.409993,0.4212675,-0.1687947697420618,0.9732367201362554,0.2900595412056922,1.1716985515038645,True,True
USO,26,2009-06-22,0.23429664991788185,0.11816032161900618,0.45270350000000004,0.452997,0.6845456870388675,0.999352092839467,0.2656441398053301,1.168321298698883,True,True
USO,27,2009-07-20,0.19243470238874702,0.16460520346022608,0.42104699999999995,0.427947,0.15620698731064903,0.9838765080722611,0.2900595412056922,1.164944045893901,True,True
USO,28,2009-08-24,0.19643745854743877,0.20152677689342496,0.4258095,0.43416699999999997,-0.025578156830360382,0.9807504946253401,0.2656441398053301,1.1615667930889195,True,True
USO,29,2009-09-21,0.1853851211380815,0.1311656304391578,0.418696,0.422122,0.3459745180746901,0.9918838629590498,0.26342134294022235,1.1581895402839377,True,True
USO,30,2009-10-19,0.1497403434787659,0.14347684326062887,0.378222,0.4085975,0.042729099462423786,0.9256591144096574,0.2656441398053301,1.1548122874789561,True,True
USO,31,2009-11-23,0.1187973665652477,0.10266544177869161,0.3333825,0.38140799999999997,0.1459436762163961,0.8740836584445005,0.26342134294022235,1.1514350346739746,True,True
USO,32,2009-12-21,0.1549965730953656,0.06151857011995816,0.344368,0.37751650000000003,0.9240639252088402,0.9121932418847918,0.26119854607511467,1.1480577818689928,True,True
USO,33,2010-01-19,0.08109235986141944,0.04926331745715356,0.26171049999999996,0.29028149999999997,0.4984090140027439,0.9015748506191403,0.26342134294022235,1.1480505057615433,True,True
USO,34,2010-02-22,0.10912366759047641,0.10512613822660159,0.302485,0.313234,0.03732085854873739,0.9656838018861298,0.2656441398053301,1.1480432296540939,True,True
USO,35,2010-03-22,0.09213792712252442,0.04999301933713993,0.273305,0.301813,0.6114032797883231,0.9055441614509647,0.26342134294022235,1.1480359535466442,True,True
USO,36,2010-04-19,0.08230718714181633,0.05023360260980694,0.2712855,0.289192,0.49377425498253213,0.9380809289330272,0.2656441398053301,1.1480286774391948,True,True
USO,37,2010-05-24,0.2022943536164465,0.1383716238528708,0.4118305,0.3935125,0.37978084064500073,1.0465499825291447,0.2900595412056922,1.1480214013317454,True,True
USO,38,2010-06-21,0.1193057786284441,0.11180331473230165,0.312094,0.34168699999999996,0.06494855667177872,0.9133914957256203,0.3144749426060543,1.148014125224296,False,True
USO,39,2010-07-19,0.11794064672490845,0.08134166579483154,0.308131,0.3267315,0.37152312439037827,0.9430709925428065,0.2900595412056922,1.1480068491168465,True,True
USO,40,2010-08-23,0.1067592070970348,0.05929872924264215,0.3028265,0.3482065,0.587988021065743,0.8696750347853932,0.3144749426060543,1.1479995730093968,True,True
USO,41,2010-09-20,0.0975642649531354,0.07806049632922551,0.286584,0.3164525,0.22302716856254334,0.9056145867073256,0.32321312360883514,1.1479922969019474,False,True
USO,42,2010-10-18,0.10481171774629694,0.06138820332187899,0.290787,0.30002850000000003,0.5349478878069466,0.9691979261970113,0.3144749426060543,1.147985020794498,True,True
USO,43,2010-11-22,0.09217920531222902,0.06345299589270711,0.291456,0.31033299999999997,0.37343515657504806,0.939171792880551,0.32321312360883514,1.1476718495515026,True,True
USO,44,2010-12-20,0.0744075357872644,0.04537915270553329,0.24715749999999997,0.287431,0.49450441609452994,0.8598846331815287,0.331951304611616,1.1473586783085072,True,True
USO,45,2011-01-24,0.07372951419127216,0.04621782486180767,0.2501895,0.274571,0.4670376397578827,0.9112014742999078,0.33896291134315304,1.147045507065512,True,True
USO,46,2011-02-22,0.1574330557793571,0.10880305489466166,0.355821,0.321577,0.369460913135104,1.10648771522839,0.3459745180746901,1.1467323358225165,True,True
USO,47,2011-03-21,0.15666129248707608,0.12573516654094719,0.3668225,0.362714,0.21990826006455533,1.0113271062048887,0.35771771560489707,1.146419164579521,False,True
USO,48,2011-04-18,0.09423678987877068,0.0639568365656302,0.28469350000000004,0.30851300000000004,0.3876022288989554,0.9227925565535327,0.3459745180746901,1.1461059933365256,True,True
USO,49,2011-05-23,0.15320563406774926,0.20002839260994768,0.3528515,0.341291,-0.2666782869925542,1.033872853371463,0.35771771560489707,1.1457928220935303,False,True
USO,50,2011-06-20,0.1275883947401128,0.08383642418129578,0.33087500000000003,0.336393,0.41994184730804407,0.9835965671104929,0.3459745180746901,1.145479650850535,True,True
USO,51,2011-07-18,0.1083033389348443,0.06224941434929859,0.29843200000000003,0.31423999999999996,0.5537868566978407,0.9496945010183302,0.35771771560489707,1.1451664796075396,True,True
USO,52,2011-08-22,0.2792413168928209,0.23291770480052643,0.4659155,0.436073,0.18139115018477434,1.068434642823564,0.369460913135104,1.1448533083645442,False,True
USO,53,2011-09-19,0.21304512687100954,0.06477675148344969,0.4078295,0.4195415,1.190557240933654,0.9720838105407927,0.35771771560489707,1.1410167490509289,True,True
USO,54,2011-10-24,0.20785320036262922,0.16944533280962093,0.40225500000000003,0.403375,0.20430170854041368,0.9972234273318873,0.369460913135104,1.1371801897373135,False,True
USO,55,2011-11-21,0.2026340512602116,0.08744810406372427,0.391825,0.40884,0.8403561280676421,0.9583822522258096,0.35771771560489707,1.1333436304236981,True,True
USO,56,2011-12-19,0.17292385957499026,0.07194325137735438,0.3665795,0.39244500000000004,0.8769737466256939,0.9340914013428633,0.369460913135104,1.1295070711100825,True,True
USO,57,2012-01-23,0.10529466664803036,0.05474880949472673,0.2921285,0.319563,0.6540071446690545,0.9141499485234524,0.3704920187627411,1.1256705117964672,True,True
USO,58,2012-02-21,0.11969846977554165,0.026361151256125384,0.302195,0.313386,1.5130844456117027,0.9642900448647993,0.37152312439037827,1.1218339524828518,True,True
USO,59,2012-03-19,0.07520706316351498,0.04675294713019169,0.2419,0.276801,0.47536785762610595,0.8739130277708533,0.37247914048271313,1.1179973931692364,True,True
USO,60,2012-04-23,0.07142188719960882,0.0363184990138776,0.237346,0.25843150000000004,0.6762771396138929,0.9184097139861045,0.37343515657504806,1.114160833855621,True,True
USO,61,2012-05-21,0.0867867774774161,0.04971892300659257,0.265974,0.301756,0.5570686716157314,0.8814207505401714,0.37660799861002436,1.1103242745420054,True,True
USO,62,2012-06-18,0.12422300869662724,0.08282396563575897,0.3295035,0.32860500000000004,0.405360947991167,1.002734285844707,0.37978084064500073,1.10648771522839,True,True
USO,63,2012-07-23,0.14200420812557646,0.1766244308137716,0.34614049999999996,0.339974,-0.21816892658129902,1.0181381517410153,0.3803057467753695,1.1054847382946407,False,True
USO,64,2012-08-20,0.09598134538440266,0.06176042572543604,0.27964999999999995,0.3131525,0.44089105475750157,0.8930153838784616,0.37978084064500073,1.1044817613608913,True,True
USO,65,2012-09-24,0.11475529614479459,0.05118735504285492,0.309162,0.32431,0.807309471919215,0.9532916037124973,0.3803057467753695,1.1034787844271419,True,True
USO,66,2012-10-22,0.11260472227848671,0.07868095991847969,0.30466,0.3184725,0.358482459624126,0.9566289083044847,0.38083065290573825,1.1024758074933925,False,True
USO,67,2012-11-19,0.0975650109934901,0.07317250961917598,0.283474,0.3068205,0.2876991364460985,0.923908278618932,0.3803057467753695,1.101472830559643,False,True
USO,68,2012-12-24,0.0820646578874415,0.01718870832022943,0.252894,0.277529,1.5632547721517784,0.9112345016196505,0.37978084064500073,1.100469853625894,True,True
USO,69,2013-01-22,0.04568243518329317,0.020458889683527128,0.1907595,0.2235575,0.8032963821599568,0.8532905404649811,0.3803057467753695,1.0994668766921445,True,True
USO,70,2013-02-19,0.050324008550297894,0.015508451967701837,0.191667,0.20662350000000002,1.177097106845423,0.9276147195260945,0.38083065290573825,1.098463899758395,True,True
USO,71,2013-03-18,0.04420032001454269,0.02606689751315535,0.17835,0.1919015,0.5280658143581236,0.9293830428631356,0.38421644090234686,1.0974609228246457,True,True
USO,72,2013-04-22,0.06344242690591848,0.0582803315691682,0.23527700000000001,0.229728,0.0848681611770132,1.0241546524585599,0.3876022288989554,1.0964579458908963,False,True
USO,73,2013-05-20,0.05625904307718761,0.047965455036589916,0.2090545,0.2147915,0.15948572890839924,0.9732903769469463,0.38421644090234686,1.0958458378870537,False,True
USO,74,2013-06-24,0.06045908333516117,0.04167464290984746,0.22432950000000002,0.2269235,0.37207396757712036,0.9885688348716639,0.38083065290573825,1.0952337298832109,False,True
USO,75,2013-07-22,0.062230246052711165,0.0360237556309836,0.220079,0.2236305,0.5466625530272751,0.9841188925481988,0.3803057467753695,1.0946216218793683,True,True
USO,76,2013-08-19,0.05754126916584263,0.03163233243500974,0.220628,0.2329925,0.5983226391597127,0.9469317681899632,0.38083065290573825,1.0940095138755257,True,True
USO,77,2013-09-23,0.0489772565271749,0.04154848871235686,0.210152,0.2186305,0.164494889959048,0.9612199578741301,0.38421644090234686,1.0933974058716829,False,True
USO,78,2013-10-21,0.04408306815192194,0.027448486889402213,0.194129,0.1983915,0.4737647225847649,0.97851470451103,0.38083065290573825,1.0927852978678403,True,True
USO,79,2013-11-18,0.039329114758569976,0.026281923396161262,0.1844345,0.1984255,0.40308369861602866,0.9294899093110512,0.38421644090234686,1.0921731898639977,True,True
USO,80,2013-12-23,0.02341922771890722,0.019763683633923036,0.14087349999999998,0.1699115,0.1697112886776599,0.8290992663827933,0.3876022288989554,1.091561081860155,False,True
USO,81,2014-01-21,0.03407782104140158,0.028921552249582844,0.175677,0.188953,0.16405969357466876,0.9297391414796271,0.38421644090234686,1.0909489738563125,False,True
USO,82,2014-02-24,0.033674889873524,0.01756348477101484,0.16693049999999998,0.1735155,0.6509304341241889,0.9620494999005852,0.38083065290573825,1.0903368658524697,True,True
USO,83,2014-03-24,0.04014324380310848,0.02599714307267121,0.17447000000000001,0.182613,0.4344675021742547,0.9554084320393401,0.38421644090234686,1.0891244511764846,True,True
USO,84,2014-04-21,0.033975110308993556,0.01566352617501935,0.165283,0.16928300000000002,0.7742933707673126,0.9763709291541384,0.3876022288989554,1.0879120365004995,True,True
USO,85,2014-05-19,0.028615120209342884,0.012406328494480139,0.1453545,0.1523315,0.8357285518943969,0.954198573505808,0.395342963757492,1.0866996218245144,True,True
USO,86,2014-06-23,0.032851508639049266,0.012608204324714645,0.15563100000000002,0.1655595,0.9576499300194034,0.9400306234314553,0.40308369861602866,1.0854872071485293,True,True
USO,87,2014-07-21,0.03145295353880369,0.017823183883266983,0.1496,0.14731149999999998,0.56799281576268,1.0155351075781593,0.40422232330359786,1.0842747924725442,True,True
USO,88,2014-08-18,0.039705192823577484,0.02216826721937733,0.1664185,0.1765065,0.5828201189683503,0.9428462974451365,0.405360947991167,1.0830623777965591,True,True
USO,89,2014-09-22,0.042964412737384404,0.03319909396129053,0.1853245,0.183249,0.2578495770487237,1.0113261191056977,0.41265139764960557,1.081849963120574,False,True
USO,90,2014-10-20,0.08964631035261093,0.05989791747445826,0.270052,0.2516295,0.40323030525698017,1.0732127989762728,0.405360947991167,1.080637548444589,False,True
USO,91,2014-11-24,0.14210621172755933,0.05629319503012709,0.327031,0.312642,0.9260010898856226,1.0460238867458629,0.4042956266240736,1.0794251337686038,True,True
USO,92,2014-12-22,0.30326618453338516,0.28724772820327704,0.5157425,0.477457,0.05426590874799866,1.0801862785549274,0.405360947991167,1.0782127190926187,False,False
USO,93,2015-01-20,0.3344530595628399,0.3032584278759622,0.5577515,0.5017395,0.09791120028558753,1.1116356196791362,0.4042956266240736,1.0799889226086965,False,False
USO,94,2015-02-23,0.3559663261703742,0.30517329542929705,0.543802,0.48166,0.1539563399804233,1.1290163185649629,0.40323030525698017,1.0883067483929612,False,False
USO,95,2015-03-23,0.2446851620701508,0.1657747760206102,0.469641,0.45462199999999997,0.3893422352322015,1.0330362366977401,0.4031570019365044,1.0946216218793683,False,True
USO,96,2015-04-20,0.17927946895127256,0.23699323107066106,0.379156,0.371025,-0.27908571247487496,1.0219149652988344,0.40308369861602866,1.0940095138755257,False,True
USO,97,2015-05-18,0.10086883505526627,0.04953651208531348,0.29211750000000003,0.301914,0.7111109944753733,0.9675520181243666,0.3962129669241151,1.0933974058716829,True,True
USO,98,2015-06-22,0.09280499211418551,0.0714105650177816,0.282183,0.3119685,0.2620546048433286,0.9045240144437661,0.40308369861602866,1.0927852978678403,False,True
USO,99,2015-07-20,0.14277523560816605,0.1203701039080853,0.35196150000000004,0.358833,0.17070041912526784,0.9808504234560367,0.3962129669241151,1.0921731898639977,False,True
USO,100,2015-08-24,0.271141449453803,0.14171292521550627,0.463115,0.4439485,0.6488372805236476,1.0431728004487006,0.3893422352322015,1.091561081860155,True,True
USO,101,2015-09-21,0.23534093548275536,0.4101725315581152,0.45096749999999997,0.427825,-0.5555426278070799,1.0540933793022846,0.3962129669241151,1.0909489738563125,False,True
USO,102,2015-10-19,0.1718152335214683,0.1160685557018449,0.390568,0.380868,0.39223866174337346,1.0254681411932745,0.3893422352322015,1.0903368658524697,True,True
USO,103,2015-11-23,0.2196992028489301,0.13283546071714117,0.42230449999999997,0.4062025,0.5031481261519023,1.0396403271767158,0.3907904484877875,1.0893218071227155,True,True
USO,104,2015-12-21,0.24359308583235562,0.13445581669667328,0.44844700000000004,0.44896400000000003,0.5942635074729785,0.9988484600101567,0.39223866174337346,1.0883067483929612,True,True
USO,105,2016-01-19,0.44896233483102194,0.20571680715236862,0.6045055,0.5530379999999999,0.7804384970026662,1.0930632253118233,0.3976611801797011,1.087291689663207,True,False
USO,106,2016-02-22,0.4166841507921764,0.5553354259271017,0.5940415,0.554404,-0.2872437995785478,1.0714956962792477,0.40308369861602866,1.091972681528082,False,True
USO,107,2016-03-21,0.20694282670865008,0.24185250254970206,0.417589,0.41445750000000003,-0.15588549110353653,1.0075556601099025,0.3976611801797011,1.0917000455821464,False,True
USO,108,2016-04-18,0.2203958870545684,0.15239505568634706,0.440512,0.43357,0.36894921610443443,1.0160112553912863,0.39223866174337346,1.091427409636211,False,True
USO,109,2016-05-23,0.15733232502009978,0.09434447397936421,0.3843765,0.396857,0.5114075874031588,0.9685516445470282,0.3907904484877875,1.0911547736902758,True,True
USO,110,2016-06-20,0.1494538503342631,0.08171452612941547,0.3742625,0.3733115,0.6037558672954676,1.0025474704100998,0.39223866174337346,1.0908821377443405,True,True
USO,111,2016-07-18,0.14637331663888506,0.2137864877735437,0.3639225,0.3636865,-0.37881747476326094,1.0006489105314604,0.3976611801797011,1.090609501798405,False,True
USO,112,2016-08-22,0.12850695936593506,0.14201676763073434,0.346406,0.36331,-0.09996207117819753,0.9534722413365995,0.39223866174337346,1.0903368658524697,False,True
USO,113,2016-09-19,0.15919250922588846,0.11378318527976156,0.384436,0.395366,0.3358194656952992,0.9723547295417411,0.3907904484877875,1.0893218071227155,False,True
USO,114,2016-10-24,0.11109487937636059,0.08719568106188572,0.3098995,0.32654249999999996,0.24222980478010844,0.9490326680294296,0.3893422352322015,1.0883067483929612,False,True
USO,115,2016-11-21,0.22646878057728098,0.12953582268308694,0.4639035,0.3981755,0.5586496354052918,1.1650729389427525,0.38847223206557846,1.087291689663207,True,False
USO,116,2016-12-19,0.08937241039850606,0.19357158361386675,0.284516,0.29967699999999997,-0.7728353591831814,0.9494088635430814,0.3893422352322015,1.091972681528082,False,True
USO,117,2017-01-23,0.0953825136669548,0.059284109627309484,0.2836085,0.29462849999999996,0.4755539624762564,0.9625969653309168,0.38847223206557846,1.0917000455821464,True,True
USO,118,2017-02-21,0.0643348821344976,0.026042264210708585,0.2558145,0.2713435,0.9043812097600658,0.9427699576367224,0.3893422352322015,1.091427409636211,True,True
USO,119,2017-03-20,0.08400923862488181,0.0647032012765875,0.271887,0.30405550000000003,0.26111609736967795,0.8942018809066107,0.3907904484877875,1.0911547736902758,False,True
USO,120,2017-04-24,0.0812234510124127,0.04974898337252133,0.2962125,0.3009665,0.49021398237029545,0.9842042220645818,0.3893422352322015,1.0908821377443405,True,True
USO,121,2017-05-22,0.09822018083561695,0.06987462902876139,0.30219450000000003,0.2857645,0.3405090793460905,1.0574948952721561,0.3907904484877875,1.090609501798405,False,True
USO,122,2017-06-19,0.08786143426689376,0.11919528163834801,0.27941,0.288902,-0.3050022074043442,0.9671445680542191,0.3893422352322015,1.0903368658524697,False,True
USO,123,2017-07-24,0.08936207568918393,0.07467614103120042,0.2784405,0.2930815,0.17953573893606162,0.9500446121641932,0.38847223206557846,1.0893218071227155,False,True
USO,124,2017-08-21,0.08162978415988502,0.07641727978702978,0.268379,0.29254800000000003,0.06598535151080821,0.9173844975867207,0.3876022288989554,1.0883067483929612,False,True
USO,125,2017-09-18,0.07336293704377257,0.07364131941366736,0.2512795,0.28542500000000004,-0.0037874100978301994,0.8803696242445475,0.38421644090234686,1.087291689663207,False,True
USO,126,2017-10-23,0.0642429897439945,0.04904580537505941,0.23269299999999998,0.260058,0.2699179437531051,0.8947734736097331,0.38083065290573825,1.0862766309334528,False,True
USO,127,2017-11-20,0.07614963480103697,0.040733465199181564,0.235049,0.24861,0.6256502881855925,0.9454527171071156,0.3803057467753695,1.0852615722036987,True,True
USO,128,2017-12-18,0.04393922412325837,0.0476741053633343,0.1721135,0.19748349999999998,-0.08158097683002903,0.8715335711591096,0.38083065290573825,1.0842465134739443,False,True
USO,129,2018-01-22,0.04869842050575136,0.022760126797043766,0.1911175,0.2071925,0.7606364161255599,0.9224151453358591,0.3803057467753695,1.0832314547441901,True,True
USO,130,2018-02-20,0.08104987755793416,0.058277072095057586,0.2488705,0.261997,0.3298559960062068,0.94989828127803,0.38083065290573825,1.082216396014436,False,True
USO,131,2018-03-19,0.06315271349469113,0.045066529465010746,0.2255405,0.23577900000000002,0.3374159863897523,0.9565758612938386,0.3803057467753695,1.0812013372846818,False,True
USO,132,2018-04-23,0.08985739914196203,0.06954193402434904,0.25903849999999995,0.262945,0.25629402190263256,0.9851432809142595,0.37978084064500073,1.0801862785549274,False,True
USO,133,2018-05-21,0.06831609764707368,0.026717436153403745,0.24609350000000002,0.249006,0.9388290373780048,0.988303494694907,0.37660799861002436,1.0799889226086965,True,True
USO,134,2018-06-18,0.08002261238084155,0.074580295514649,0.2558275,0.255881,0.07043291236757124,0.999790918434741,0.37978084064500073,1.0797915666624658,False,True
USO,135,2018-07-23,0.07180390158265863,0.11947202355660225,0.245444,0.24961850000000002,-0.5091434172967223,0.98327647990834,0.37660799861002436,1.0795942107162348,False,True
USO,136,2018-08-20,0.06537869655667213,0.050467011703837716,0.23922549999999998,0.253626,0.2588765754305295,0.9432215151443463,0.37343515657504806,1.079396854770004,False,True
USO,137,2018-09-24,0.0731710927211019,0.03779454713597109,0.2564045,0.2560425,0.6606355982312738,1.0014138277824969,0.3727545620760842,1.079199498823773,True,True
USO,138,2018-10-22,0.07950689660212118,0.06170272115816591,0.254606,0.2679055,0.2535157346214417,0.9503574954601529,0.37343515657504806,1.0790021428775423,False,True
USO,139,2018-11-19,0.18924965865232457,0.11504060848987607,0.390069,0.3686315,0.497781905294125,1.058154281443664,0.3727545620760842,1.0788047869313113,True,True
USO,140,2018-12-24,0.3304337792675953,0.24599784102957967,0.5347120000000001,0.46812849999999995,0.2950835143223195,1.1422333825007454,0.37343515657504806,1.0786074309850804,False,False
USO,141,2019-01-22,0.16323788614593518,0.16584242467917795,0.358247,0.36270800000000003,-0.01582952752339154,0.9877008502707411,0.3727545620760842,1.0812013372846818,False,True
USO,142,2019-02-19,0.09833594155339101,0.06374128399705242,0.287531,0.303176,0.4335571385153012,0.9483963110536453,0.37207396757712036,1.0801862785549274,True,True
USO,143,2019-03-18,0.07587543739674521,0.04705043989416726,0.2517665,0.2748795,0.4778727985730269,0.9159158831415221,0.3727545620760842,1.0799889226086965,True,True
USO,144,2019-04-22,0.07139126209080326,0.04128447561524649,0.2425425,0.24411299999999997,0.5476889459677441,0.9935665040370649,0.37343515657504806,1.0797915666624658,True,True
USO,145,2019-05-20,0.08527809208931683,0.059263897811477714,0.2627575,0.2755425,0.36391727312740035,0.9536006242231233,0.37660799861002436,1.0795942107162348,False,True
USO,146,2019-06-24,0.17227263406404306,0.16837579297396207,0.37734999999999996,0.337621,0.022879959374850534,1.1176733674741794,0.37343515657504806,1.079396854770004,False,False
USO,147,2019-07-22,0.12230125202176864,0.09045314459084472,0.312301,0.3158395,0.3016553026356378,0.9887965248171935,0.3727545620760842,1.0852615722036987,False,True
USO,148,2019-08-19,0.11415256509635066,0.13752447714822685,0.30432499999999996,0.311087,-0.18626607288615335,0.9782633154069439,0.37207396757712036,1.0842465134739443,False,True
USO,149,2019-09-23,0.14728883202572055,0.2633544261069273,0.3572865,0.356458,-0.5811052500149301,1.002324256995214,0.3717985459837493,1.0832314547441901,False,True
USO,150,2019-10-21,0.1449496392934454,0.049464732231411984,0.33145749999999996,0.33946750000000003,1.0751264314085296,0.9764042213172098,0.37152312439037827,1.082216396014436,True,True
USO,151,2019-11-18,0.1183943298459335,0.04463064576999111,0.293737,0.302094,0.9756000835369107,0.9723364250862316,0.3717985459837493,1.0812013372846816,True,True
USO,152,2019-12-23,0.06568753370232068,0.048784644780411716,0.22577,0.2560205,0.2974935545022046,0.8818434461302904,0.37207396757712036,1.0801862785549274,False,True
USO,153,2020-01-21,0.07930260953963413,0.039096840871688174,0.25091199999999997,0.264329,0.7072293676760224,0.9492412864271419,0.3717985459837493,1.0799889226086965,True,True
USO,154,2020-02-24,0.17439653175194894,0.08783767331496359,0.37397250000000004,0.31585149999999995,0.685841134885564,1.1840136899777272,0.37207396757712036,1.0797915666624658,True,False
USO,155,2020-03-23,4.157775908061204,2.4932000899709017,1.6108275,1.1662955,0.51141323177923,1.381148688304122,0.3727545620760842,1.0872916896632072,True,False
USO,156,2020-04-20,7.911845981431141,1.2682897753356426,1.2818960000000001,1.1921944999999998,1.8306917683281856,1.0752406591374146,0.37343515657504806,1.091972681528082,True,True
USO,157,2020-05-18,0.6415333885711261,2.0410337251762103,0.6382105,0.591283,-1.1573504561655739,1.0793655491532819,0.37660799861002436,1.0917000455821464,False,True
USO,158,2020-06-22,0.3350390859291315,0.18780506234161198,0.48797749999999995,0.4636865,0.5788426769979759,1.052386687988544,0.37343515657504806,1.091427409636211,True,True
USO,159,2020-07-20,0.1886166853156083,0.10029110781567033,0.355148,0.3715725,0.6316398004539636,0.9557973208458647,0.37660799861002436,1.0911547736902758,True,True
USO,160,2020-08-24,0.10244082350742013,0.032987929794227516,0.29138850000000005,0.35161200000000004,1.133143569476163,0.8287217159823898,0.37978084064500073,1.0908821377443405,True,True
USO,161,2020-09-21,0.20114885861373175,0.13637122074602345,0.3719825,0.387661,0.38866449252617097,0.9595561586024903,0.3803057467753695,1.090609501798405,True,True
USO,162,2020-10-19,0.20938750029398956,0.1341825292343411,0.39045399999999997,0.395556,0.444985572173925,0.9871016998857304,0.38083065290573825,1.0903368658524697,True,True
USO,163,2020-11-23,0.17939378145760213,0.16402868396231574,0.362552,0.369328,0.08954197128298454,0.9816531646666378,0.38421644090234686,1.0893218071227155,False,True
USO,164,2020-12-21,0.1755326552764505,0.05449424447930702,0.339161,0.35160749999999996,1.1697300053401096,0.9646011532746032,0.38083065290573825,1.0883067483929614,True,True
USO,165,2021-01-19,0.12496660852206255,0.07778285496414516,0.3087035,0.3223995,0.47412553610564057,0.9575185445386858,0.38421644090234686,1.0872916896632072,True,True
USO,166,2021-02-22,0.16004356846814596,0.06380516591007396,0.342021,0.3577975,0.9196119236418715,0.9559066231597483,0.3876022288989554,1.0862766309334528,True,True
USO,167,2021-03-22,0.16625047085666045,0.1878976228743185,0.3586515,0.3520605,-0.12240174357212502,1.0187212141095068,0.3881333607125632,1.0852615722036987,False,True
USO,168,2021-04-19,0.13688341961334932,0.18095475177535772,0.3239925,0.32366399999999995,-0.27911739798587676,1.0010149414207328,0.3876022288989554,1.0842465134739443,False,True
USO,169,2021-05-24,0.11905440010937726,0.08488429859482248,0.317703,0.32669800000000004,0.3382913962059461,0.9724669266417302,0.38421644090234686,1.0832314547441901,False,True
USO,170,2021-06-21,0.1280313223352762,0.042593936660235435,0.304537,0.307044,1.1005630285025756,0.9918350464428551,0.38083065290573825,1.082216396014436,True,True
USO,171,2021-07-19,0.21130654697968862,0.1065078610749358,0.397698,0.371289,0.6850911130926405,1.0711278815154772,0.38421644090234686,1.0812013372846816,True,True
USO,172,2021-08-23,0.15353058852831686,0.1102954878145199,0.34618400000000005,0.339841,0.33073680385219606,1.0186646108032875,0.3876022288989554,1.0801862785549274,False,True
USO,173,2021-09-20,0.12666042335865715,0.09749468732884922,0.31787699999999997,0.3252075,0.26171178597946054,0.9774590069417217,0.38421644090234686,1.080104205614763,False,True
USO,174,2021-10-18,0.12541068587144238,0.049638344057944914,0.3200735,0.3366735,0.9268302381002216,0.9506940700708549,0.38083065290573825,1.0800221326745982,True,True
USO,175,2021-11-22,0.1333154191760584,0.07633788319645907,0.3391155,0.367729,0.5575485749301125,0.9221886225997951,0.38421644090234686,1.0799400597344337,True,True
USO,176,2021-12-20,0.352097913985971,0.30266967754843294,0.446916,0.45119750000000003,0.1512672639193834,0.9905108073515477,0.3876022288989554,1.0798579867942693,False,True
USO,177,2022-01-24,0.24108487938231365,0.05864934303197475,0.3647005,0.382598,1.4135726945552087,0.9532211354999242,0.38421644090234686,1.0797759138541045,True,True
USO,178,2022-02-22,0.26774822118653846,0.04736600640606163,0.4516955,0.41456800000000005,1.7321422587582513,1.0895570811061153,0.3876022288989554,1.07969384091394,True,False
USO,179,2022-03-21,0.5375049761568271,0.5607970748197377,0.6875055,0.602849,-0.042421101696990204,1.1404273707014527,0.3881333607125632,1.0829975193202839,False,False
USO,180,2022-04-18,0.2605333556350454,0.2888291410692048,0.4848905,0.47196,-0.10310440824676297,1.0273974489363507,0.3876022288989554,1.089713038055386,False,True
USO,181,2022-05-23,0.2316842966457414,0.18806320768236556,0.442905,0.4550225,0.2085975372301931,0.9733694487635227,0.38421644090234686,1.0896350595807507,False,True
USO,182,2022-06-21,0.21872271512294575,0.07928112826595807,0.420346,0.442408,1.0148046652640415,0.9501320048462053,0.38083065290573825,1.0895570811061153,True,True
USO,183,2022-07-18,0.2794332074317701,0.30357702263933045,0.48912100000000003,0.49154050000000005,-0.08287206723590165,0.9950777199437278,0.38421644090234686,1.0886200008509965,False,True
USO,184,2022-08-22,0.2579056590382205,0.1177906283112909,0.4380235,0.452071,0.7836851432867464,0.9689263412163134,0.38083065290573825,1.0876829205958778,True,True
USO,185,2022-09-19,0.2609166304309588,0.16484491755542324,0.4478805,0.45551149999999996,0.4591957943397946,0.983247404291659,0.38421644090234686,1.086745840340759,True,True
USO,186,2022-10-24,0.23767883329558967,0.13959480988924214,0.441378,0.4564045,0.532176311229662,0.9670763544180656,0.3876022288989554,1.08580876008564,True,True
USO,187,2022-11-21,0.22399966018582387,0.1258391106668783,0.44590050000000003,0.46462899999999996,0.5766403432748346,0.9596914957955703,0.3881333607125632,1.0848716798305214,True,True
USO,188,2022-12-19,0.1902584759826175,0.1077643268165478,0.415609,0.4466525,0.5684368639237753,0.9304974224928776,0.38866449252617097,1.0839345995754026,True,True
USO,189,2023-01-23,0.13993442568744632,0.10408804441043948,0.3525125,0.368262,0.2959368030710749,0.9572328939722263,0.3890033638791862,1.0829975193202839,False,True
USO,190,2023-02-21,0.13756016737755405,0.08072540777774112,0.357788,0.36548,0.5330080342490359,0.9789537047170843,0.38866449252617097,1.0820604390651651,True,True
USO,191,2023-03-20,0.275293916326271,0.12176759715444015,0.471313,0.455739,0.8157250268938422,1.0341730683571078,0.3890033638791862,1.0811233588100462,True,True
USO,192,2023-04-24,0.11834534639269025,0.10724806716831295,0.3142465,0.3352175,0.09846247856102605,0.9374406169128998,0.3893422352322015,1.0801862785549274,False,True
USO,193,2023-05-22,0.12327622534352077,0.1414368414460324,0.3282255,0.345176,-0.1374256952548317,0.950893167543514,0.3890033638791862,1.080104205614763,False,True
USO,194,2023-06-20,0.12506600307149307,0.11335679694028283,0.319898,0.327349,0.09830128317833349,0.9772383602821454,0.38866449252617097,1.0800221326745982,False,True
USO,195,2023-07-24,0.10331792629899451,0.059126880631618695,0.284559,0.301537,0.5581252433330316,0.9436951352570332,0.3881333607125632,1.0799400597344337,True,True
USO,196,2023-08-21,0.0816794117005818,0.03961106567641672,0.269464,0.293417,0.7236934558415027,0.9183653298888612,0.38866449252617097,1.0798579867942693,True,True
USO,197,2023-09-18,0.08493726874479893,0.030654536636137035,0.2578425,0.2747615,1.0191323035974937,0.9384229595485538,0.3890033638791862,1.0797759138541045,True,True
USO,198,2023-10-23,0.17474881266731868,0.12359057766122525,0.3840295,0.38401450000000004,0.34637527702289445,1.0000390610250394,0.3893422352322015,1.07969384091394,False,True
USO,199,2023-11-20,0.163252511345581,0.14001911246590776,0.35304650000000004,0.3453755,0.15351922056684741,1.0222106084536977,0.3890033638791862,1.0796117679737756,False,True
USO,200,2023-12-18,0.14460408602179323,0.11674439345989317,0.3425705,0.342656,0.21401269309843426,0.9997504786141203,0.38866449252617097,1.079529695033611,False,True
USO,201,2024-01-22,0.1284913656472099,0.07815672024715743,0.3361965,0.33888450000000003,0.49714566385406517,0.9920680939966271,0.3881333607125632,1.0794476220934464,True,True
USO,202,2024-02-20,0.09920707365488254,0.06352858446764996,0.30836399999999997,0.283553,0.44571936504468185,1.0875003967512245,0.38866449252617097,1.0793655491532819,True,False
USO,203,2024-03-18,0.09207235522669263,0.042713736459167755,0.272902,0.282404,0.7680541723618086,0.9663531678021557,0.3890033638791862,1.080104205614763,True,True
USO,204,2024-04-22,0.08724435548336523,0.02754700538070249,0.2601145,0.27438799999999997,1.1528190333136619,0.9479805968191031,0.3893422352322015,1.0800221326745982,True,True
USO,205,2024-05-20,0.07791843610352624,0.03201501376847402,0.2369,0.257979,0.8894576155590086,0.9182917989448753,0.3907904484877875,1.0799400597344337,True,True
USO,206,2024-06-24,0.06564174514682776,0.07143292587000291,0.226532,0.237365,-0.08454705718370889,0.9543614264950604,0.39223866174337346,1.0798579867942693,False,True
USO,207,2024-07-22,0.07260811716607866,0.03411608625999443,0.236147,0.24797049999999998,0.7553077113902358,0.9523189250334214,0.3907904484877875,1.0797759138541045,True,True
USO,208,2024-08-19,0.10365710926054686,0.0969756189491644,0.2851555,0.2958725,0.06662882976299157,0.9637783166735673,0.39223866174337346,1.07969384091394,False,True
USO,209,2024-09-23,0.11900349833968998,0.11732097408659278,0.2978555,0.30956399999999995,0.014239343599288594,0.96217744957424,0.3907904484877875,1.0796117679737756,False,True
USO,210,2024-10-21,0.22690834376626287,0.14813422284684127,0.4465665,0.4025615,0.42642739009277203,1.1093124901412579,0.3893422352322015,1.079529695033611,True,False
USO,211,2024-11-18,0.13915911721817148,0.11113876772168592,0.33201650000000005,0.3235255,0.22483842644899055,1.0262452264195558,0.3907904484877875,1.0809176903745572,False,True
USO,212,2024-12-23,0.10997385171138797,0.04549949433099293,0.30554950000000003,0.31693099999999996,0.8825414135292565,0.9640883977900555,0.3893422352322015,1.0801862785549274,True,True
USO,213,2025-01-21,0.12057063701276548,0.06271721392042916,0.29919450000000003,0.3013685,0.6535998263151022,0.9927862401014043,0.3907904484877875,1.080104205614763,True,True
USO,214,2025-02-24,0.11653260773115434,0.04609762925048453,0.2813905,0.2755415,0.9274096060871142,1.0212272924405217,0.39223866174337346,1.0800221326745982,True,True
USO,215,2025-03-24,0.10895483259077762,0.051091667526315936,0.26309400000000005,0.2878215,0.757311994642677,0.9140873770722481,0.3976611801797011,1.0799400597344337,True,True
USO,216,2025-04-21,0.1977127665372932,0.2411648918472757,0.37558349999999996,0.365313,-0.19866559467583916,1.0281142472345632,0.40308369861602866,1.0798579867942693,False,True
USO,217,2025-05-19,0.14837452599646875,0.10218688269735848,0.33215799999999995,0.332326,0.3729363381014661,0.9994944722952761,0.3976611801797011,1.0797759138541045,False,True
USO,218,2025-06-23,0.3018521684765981,0.2227627909139699,0.46555650000000004,0.4061685,0.30382990173473823,1.1462151791682518,0.39223866174337346,1.07969384091394,False,False
USO,219,2025-07-21,0.11843298577144909,0.14433163337936641,0.280169,0.29971000000000003,-0.19776638160108367,0.9348003069633979,0.3907904484877875,1.0823805140138165,False,True
