ticker,cycle,arm,entry,window,iv30,iv91,o2,cycle_return
GLD,1,straddle,2008-06-23,estimation,0.264273,0.26110750000000005,1.0121233591528391,0.05479668912815545
GLD,1,strip,2008-06-23,estimation,0.264273,0.26110750000000005,1.0121233591528391,0.3919073691233338
GLD,2,straddle,2008-07-21,estimation,0.25710750000000004,0.273353,0.9405695199979515,-0.10283596333872692
GLD,2,strip,2008-07-21,estimation,0.25710750000000004,0.273353,0.9405695199979515,-0.38496905377510854
GLD,3,straddle,2008-08-18,estimation,0.3009985,0.28547049999999996,1.0543944120320665,-1.3412152599349378
GLD,3,strip,2008-08-18,estimation,0.3009985,0.28547049999999996,1.0543944120320665,-1.4814780226380395
GLD,4,straddle,2008-09-22,estimation,0.5170570000000001,0.4263635,1.2127140339170686,-0.1336255356149599
GLD,4,strip,2008-09-22,estimation,0.5170570000000001,0.4263635,1.2127140339170686,0.09255669843463965
GLD,5,straddle,2008-10-20,estimation,0.4570615,0.4065775,1.1241682090130418,0.08049523151892224
GLD,5,strip,2008-10-20,estimation,0.4570615,0.4065775,1.1241682090130418,0.06789610048042315
GLD,6,straddle,2008-11-24,estimation,0.520267,0.484019,1.0748896221016118,0.3591193606766485
GLD,6,strip,2008-11-24,estimation,0.520267,0.484019,1.0748896221016118,0.5277245118081509
GLD,7,straddle,2008-12-22,estimation,0.385941,0.4215995,0.9154209148730015,0.37868500470231403
GLD,7,strip,2008-12-22,estimation,0.385941,0.4215995,0.9154209148730015,0.5012041525213357
GLD,8,straddle,2009-01-20,estimation,0.363393,0.376812,0.9643880768128404,0.10433989342438538
GLD,8,strip,2009-01-20,estimation,0.363393,0.376812,0.9643880768128404,0.3845732940621915
GLD,9,straddle,2009-02-23,estimation,0.39768950000000003,0.428695,0.9276746871318771,0.1638932890584316
GLD,9,strip,2009-02-23,estimation,0.39768950000000003,0.428695,0.9276746871318771,0.40915899992236643
GLD,10,straddle,2009-03-23,estimation,0.33360650000000003,0.3716655,0.8975987817002117,0.2201288437566358
GLD,10,strip,2009-03-23,estimation,0.33360650000000003,0.3716655,0.8975987817002117,0.5604190892034931
GLD,11,straddle,2009-04-20,estimation,0.27149,0.2963325,0.916166805868408,0.3175269748773744
GLD,11,strip,2009-04-20,estimation,0.27149,0.2963325,0.916166805868408,0.649446198832709
GLD,12,straddle,2009-05-18,estimation,0.212793,0.24612699999999998,0.8645658542134752,0.14966374599087698
GLD,12,strip,2009-05-18,estimation,0.212793,0.24612699999999998,0.8645658542134752,0.3240496434479449
GLD,13,straddle,2009-06-22,estimation,0.20273449999999998,0.23018149999999998,0.880759313845813,0.3799302353445059
GLD,13,strip,2009-06-22,estimation,0.20273449999999998,0.23018149999999998,0.880759313845813,0.5487805073444104
GLD,14,straddle,2009-07-20,estimation,0.1787965,0.226128,0.7906871329512488,0.15797459709527448
GLD,14,strip,2009-07-20,estimation,0.1787965,0.226128,0.7906871329512488,0.4186992554785838
GLD,15,straddle,2009-08-24,estimation,0.1722515,0.215995,0.7974791083126924,-0.09892529088083618
GLD,15,strip,2009-08-24,estimation,0.1722515,0.215995,0.7974791083126924,0.4205328842766486
GLD,16,straddle,2009-09-21,estimation,0.2103605,0.242918,0.8659732913987437,0.0009568304323491326
GLD,16,strip,2009-09-21,estimation,0.2103605,0.242918,0.8659732913987437,0.4342051983062975
GLD,17,straddle,2009-10-19,estimation,0.196865,0.224744,0.8759521944968498,-0.023117711855798844
GLD,17,strip,2009-10-19,estimation,0.196865,0.224744,0.8759521944968498,0.2583874754111403
GLD,18,straddle,2009-11-23,estimation,0.2319775,0.24105100000000002,0.9623585880166438,-0.17032394063682987
GLD,18,strip,2009-11-23,estimation,0.2319775,0.24105100000000002,0.9623585880166438,-0.12618176016167965
GLD,19,straddle,2009-12-21,estimation,0.237583,0.252556,0.9407141386464783,0.2400926109889453
GLD,19,strip,2009-12-21,estimation,0.237583,0.252556,0.9407141386464783,0.5295133992344512
GLD,20,straddle,2010-01-19,estimation,0.1953245,0.213281,0.9158082529620548,-0.06612601743577438
GLD,20,strip,2010-01-19,estimation,0.1953245,0.213281,0.9158082529620548,-0.19254636094700833
GLD,21,straddle,2010-02-22,estimation,0.2115755,0.2313045,0.9147055072426175,0.14751446002706262
GLD,21,strip,2010-02-22,estimation,0.2115755,0.2313045,0.9147055072426175,0.4978809118467468
GLD,22,straddle,2010-03-22,estimation,0.1652145,0.1826555,0.9045142358155106,-0.009388248960338547
GLD,22,strip,2010-03-22,estimation,0.1652145,0.1826555,0.9045142358155106,0.21920355134699024
GLD,23,straddle,2010-04-19,estimation,0.17278100000000002,0.183173,0.9432667478285556,-0.05118920305683339
GLD,23,strip,2010-04-19,estimation,0.17278100000000002,0.183173,0.9432667478285556,-0.12640730733969402
GLD,24,straddle,2010-05-24,estimation,0.2300235,0.23558849999999998,0.97637830369479,0.28684577493155566
GLD,24,strip,2010-05-24,estimation,0.2300235,0.23558849999999998,0.97637830369479,0.5726514433373863
GLD,25,straddle,2010-06-21,estimation,0.2020695,0.2211185,0.9138516225462818,-0.013002062815331412
GLD,25,strip,2010-06-21,estimation,0.2020695,0.2211185,0.9138516225462818,0.11342084827853637
GLD,26,straddle,2010-07-19,estimation,0.1849855,0.198762,0.9306884615771627,0.32799341795463005
GLD,26,strip,2010-07-19,estimation,0.1849855,0.198762,0.9306884615771627,0.6187632917412478
GLD,27,straddle,2010-08-23,estimation,0.16055049999999998,0.1915285,0.8382590580514127,0.2311903482482739
GLD,27,strip,2010-08-23,estimation,0.16055049999999998,0.1915285,0.8382590580514127,0.5112193819153276
GLD,28,straddle,2010-09-20,estimation,0.160413,0.1915195,0.8375805074679079,0.046810322426440704
GLD,28,strip,2010-09-20,estimation,0.160413,0.1915195,0.8375805074679079,0.267868634957201
GLD,29,straddle,2010-10-18,estimation,0.19124049999999998,0.211343,0.9048821110706291,-0.3136276228410618
GLD,29,strip,2010-10-18,estimation,0.19124049999999998,0.211343,0.9048821110706291,-0.2410280710089745
GLD,30,straddle,2010-11-22,estimation,0.1837295,0.2091715,0.878367750864721,0.3404152438290564
GLD,30,strip,2010-11-22,estimation,0.1837295,0.2091715,0.878367750864721,0.34012935159784186
GLD,31,straddle,2010-12-20,estimation,0.15596300000000002,0.193257,0.8070238076757893,0.04966845050727882
GLD,31,strip,2010-12-20,estimation,0.15596300000000002,0.193257,0.8070238076757893,0.2936283147478685
GLD,32,straddle,2011-01-24,estimation,0.1692785,0.19074249999999998,0.8874713291479351,0.0650294861413284
GLD,32,strip,2011-01-24,estimation,0.1692785,0.19074249999999998,0.8874713291479351,0.29474650631890614
GLD,33,straddle,2011-02-22,estimation,0.155246,0.169432,0.9162731951461353,0.08353798587901522
GLD,33,strip,2011-02-22,estimation,0.155246,0.169432,0.9162731951461353,0.09509666189060964
GLD,34,straddle,2011-03-21,estimation,0.1504255,0.16718650000000002,0.8997466900736601,0.15136204945926296
GLD,34,strip,2011-03-21,estimation,0.1504255,0.16718650000000002,0.8997466900736601,0.3651912560261255
GLD,35,straddle,2011-04-18,estimation,0.147945,0.16139199999999998,0.9166811242192923,-0.07675470642963157
GLD,35,strip,2011-04-18,estimation,0.147945,0.16139199999999998,0.9166811242192923,-0.13334673100669175
GLD,36,straddle,2011-05-23,estimation,0.1663005,0.18153799999999998,0.916064405248488,0.4810876962298444
GLD,36,strip,2011-05-23,estimation,0.1663005,0.18153799999999998,0.916064405248488,0.7496410875839032
GLD,37,straddle,2011-06-20,estimation,0.1481765,0.1664095,0.8904329380233701,-0.07716364946573026
GLD,37,strip,2011-06-20,estimation,0.1481765,0.1664095,0.8904329380233701,0.1560423273723336
GLD,38,straddle,2011-07-18,estimation,0.17879,0.18886999999999998,0.9466299571133585,-0.3653887470477842
GLD,38,strip,2011-07-18,estimation,0.17879,0.18886999999999998,0.9466299571133585,-0.7499407827899849
GLD,39,straddle,2011-08-22,estimation,0.302334,0.289381,1.0447610589499656,-0.1553296452008069
GLD,39,strip,2011-08-22,estimation,0.302334,0.289381,1.0447610589499656,-0.09668276479793515
GLD,40,straddle,2011-09-19,estimation,0.28839499999999996,0.2840335,1.015355583056224,-0.15187599924088452
GLD,40,strip,2011-09-19,estimation,0.28839499999999996,0.2840335,1.015355583056224,0.02754025658491462
GLD,41,straddle,2011-10-24,estimation,0.240188,0.25538649999999996,0.9404882403729251,-0.04688359602556069
GLD,41,strip,2011-10-24,estimation,0.240188,0.25538649999999996,0.9404882403729251,0.08056788175727678
GLD,42,straddle,2011-11-21,estimation,0.266174,0.284247,0.9364179745080863,0.022339423492104722
GLD,42,strip,2011-11-21,estimation,0.266174,0.284247,0.9364179745080863,0.2723968200381442
GLD,43,straddle,2011-12-19,estimation,0.21144400000000002,0.2376225,0.889831560563499,0.16667817300897275
GLD,43,strip,2011-12-19,estimation,0.21144400000000002,0.2376225,0.889831560563499,0.4586317087507772
GLD,44,straddle,2012-01-23,estimation,0.1763135,0.19984200000000002,0.8822644889462675,0.009436952236074093
GLD,44,strip,2012-01-23,estimation,0.1763135,0.19984200000000002,0.8822644889462675,0.24004197859467946
GLD,45,straddle,2012-02-21,estimation,0.17982949999999998,0.19443850000000001,0.9248657030372069,-0.708855974965747
GLD,45,strip,2012-02-21,estimation,0.17982949999999998,0.19443850000000001,0.9248657030372069,-0.8108949065575801
GLD,46,straddle,2012-03-19,estimation,0.1605595,0.169791,0.9456302159714001,0.10534971669720153
GLD,46,strip,2012-03-19,estimation,0.1605595,0.169791,0.9456302159714001,0.23395029706337306
GLD,47,straddle,2012-04-23,estimation,0.1510185,0.16812549999999998,0.8982486297438521,-0.009032517577655164
GLD,47,strip,2012-04-23,estimation,0.1510185,0.16812549999999998,0.8982486297438521,0.07251123818969163
GLD,48,straddle,2012-05-21,estimation,0.180124,0.1997035,0.9019571514770648,0.008959779517422627
GLD,48,strip,2012-05-21,estimation,0.180124,0.1997035,0.9019571514770648,0.051656477145144465
GLD,49,straddle,2012-06-18,estimation,0.186435,0.206549,0.9026187490619658,0.0540368272709482
GLD,49,strip,2012-06-18,estimation,0.186435,0.206549,0.9026187490619658,0.28981963628157564
GLD,50,straddle,2012-07-23,estimation,0.1632405,0.177038,0.9220647544594947,0.3295827235395483
GLD,50,strip,2012-07-23,estimation,0.1632405,0.177038,0.9220647544594947,0.6150207658835375
GLD,51,straddle,2012-08-20,estimation,0.139073,0.1700225,0.8179682100898411,-0.22517851082783955
GLD,51,strip,2012-08-20,estimation,0.139073,0.1700225,0.8179682100898411,0.016894483911972985
GLD,52,straddle,2012-09-24,estimation,0.1583145,0.17362,0.9118448335445225,0.3559769226845441
GLD,52,strip,2012-09-24,estimation,0.1583145,0.17362,0.9118448335445225,0.5881768375738069
GLD,53,straddle,2012-10-22,estimation,0.134511,0.14894849999999998,0.9030705243758749,0.19504990584076612
GLD,53,strip,2012-10-22,estimation,0.134511,0.14894849999999998,0.9030705243758749,0.09173370222782169
GLD,54,straddle,2012-11-19,estimation,0.124801,0.14354050000000002,0.8694479955134612,0.17102516564121323
GLD,54,strip,2012-11-19,estimation,0.124801,0.14354050000000002,0.8694479955134612,0.47015170789550986
GLD,55,straddle,2012-12-24,estimation,0.1185975,0.12700250000000002,0.9338202003897559,0.20482747230998066
GLD,55,strip,2012-12-24,estimation,0.1185975,0.12700250000000002,0.9338202003897559,0.3760133592602378
GLD,56,straddle,2013-01-22,estimation,0.111045,0.1286935,0.8628640918150491,0.07063673650913824
GLD,56,strip,2013-01-22,estimation,0.111045,0.1286935,0.8628640918150491,0.33177979416997616
GLD,57,straddle,2013-02-19,estimation,0.13734849999999998,0.138848,0.9892004206038256,0.13155416280798063
GLD,57,strip,2013-02-19,estimation,0.13734849999999998,0.138848,0.9892004206038256,0.243577636050306
GLD,58,straddle,2013-03-18,estimation,0.122434,0.129404,0.9461376773515503,-0.5569549372815881
GLD,58,strip,2013-03-18,estimation,0.122434,0.129404,0.9461376773515503,-5.289863954964151
GLD,59,straddle,2013-04-22,estimation,0.21471200000000001,0.186864,1.149028170220053,0.03701816369519654
GLD,59,strip,2013-04-22,estimation,0.21471200000000001,0.186864,1.149028170220053,0.3437346484299701
GLD,60,straddle,2013-05-20,estimation,0.238546,0.2027025,1.1768281101614435,0.13148050826269964
GLD,60,strip,2013-05-20,estimation,0.238546,0.2027025,1.1768281101614435,0.06792650282089732
GLD,61,straddle,2013-06-24,estimation,0.246343,0.2156755,1.1421927849941231,0.11370335826019519
GLD,61,strip,2013-06-24,estimation,0.246343,0.2156755,1.1421927849941231,0.12707230289900975
GLD,62,straddle,2013-07-22,estimation,0.192858,0.191093,1.0092363404206328,-0.133558012690703
GLD,62,strip,2013-07-22,estimation,0.192858,0.191093,1.0092363404206328,0.3120070757158385
GLD,63,straddle,2013-08-19,estimation,0.21478799999999998,0.2047175,1.0491921794668262,-0.3884011929833856
GLD,63,strip,2013-08-19,estimation,0.21478799999999998,0.2047175,1.0491921794668262,-0.10647404460048913
GLD,64,straddle,2013-09-23,estimation,0.202831,0.199403,1.0171913160784944,-0.0031398133067421473
GLD,64,strip,2013-09-23,estimation,0.202831,0.199403,1.0171913160784944,0.10594334741247721
GLD,65,straddle,2013-10-21,estimation,0.1961525,0.191044,1.0267399133183979,0.28246986079393166
GLD,65,strip,2013-10-21,estimation,0.1961525,0.191044,1.0267399133183979,0.5477525594319261
GLD,66,straddle,2013-11-18,estimation,0.174296,0.180676,0.9646881710907924,-0.21877385335276026
GLD,66,strip,2013-11-18,estimation,0.174296,0.180676,0.9646881710907924,-0.019881010900057443
GLD,67,straddle,2013-12-23,estimation,0.182721,0.1911985,0.9556612630329213,0.15326319598867305
GLD,67,strip,2013-12-23,estimation,0.182721,0.1911985,0.9556612630329213,0.4359738836279819
GLD,68,straddle,2014-01-21,estimation,0.147317,0.15931,0.9247191011235955,-0.18789909398555202
GLD,68,strip,2014-01-21,estimation,0.147317,0.15931,0.9247191011235955,-0.1475287565189752
GLD,69,straddle,2014-02-24,estimation,0.14279150000000002,0.15050049999999998,0.9487775788120307,-0.03670064613821926
GLD,69,strip,2014-02-24,estimation,0.14279150000000002,0.15050049999999998,0.9487775788120307,-0.09378972913123355
GLD,70,straddle,2014-03-24,estimation,0.15638649999999998,0.161644,0.9674748212120461,0.15902151384290067
GLD,70,strip,2014-03-24,estimation,0.15638649999999998,0.161644,0.9674748212120461,0.4641915432868644
GLD,71,straddle,2014-04-21,estimation,0.146517,0.1501565,0.975761955026922,0.39157337819127996
GLD,71,strip,2014-04-21,estimation,0.146517,0.1501565,0.975761955026922,0.5178789897986936
GLD,72,straddle,2014-05-19,estimation,0.128683,0.1371465,0.938288618375241,-0.7017933369428699
GLD,72,strip,2014-05-19,estimation,0.128683,0.1371465,0.938288618375241,-0.06491565019030233
GLD,73,straddle,2014-06-23,estimation,0.1154725,0.126256,0.914590197693575,-0.3928749175066782
GLD,73,strip,2014-06-23,estimation,0.1154725,0.126256,0.914590197693575,-0.18420777869517813
GLD,74,straddle,2014-07-21,estimation,0.13361,0.133824,0.9984008847441416,0.37997782367231503
GLD,74,strip,2014-07-21,estimation,0.13361,0.133824,0.9984008847441416,0.4542029973318807
GLD,75,straddle,2014-08-18,estimation,0.1236395,0.134497,0.9192732923410931,-0.06660932814677165
GLD,75,strip,2014-08-18,estimation,0.1236395,0.134497,0.9192732923410931,0.3693339122707331
GLD,76,straddle,2014-09-22,estimation,0.14248,0.1448125,0.9838929650410012,0.22130039669280976
GLD,76,strip,2014-09-22,estimation,0.14248,0.1448125,0.9838929650410012,0.4543766939944569
GLD,77,straddle,2014-10-20,estimation,0.154914,0.15753650000000002,0.9833530642105162,-0.06211478412211931
GLD,77,strip,2014-10-20,estimation,0.154914,0.15753650000000002,0.9833530642105162,-0.4017223487613423
GLD,78,straddle,2014-11-24,estimation,0.1839885,0.172238,1.0682224596198284,-0.001721718793936205
GLD,78,strip,2014-11-24,estimation,0.1839885,0.172238,1.0682224596198284,-0.4754719669272948
GLD,79,straddle,2014-12-22,estimation,0.18131999999999998,0.1790325,1.0127770097607975,-0.05847378456507591
GLD,79,strip,2014-12-22,estimation,0.18131999999999998,0.1790325,1.0127770097607975,0.029180699404425525
GLD,80,straddle,2015-01-20,estimation,0.2158765,0.200337,1.0775667999420977,0.02832601277391569
GLD,80,strip,2015-01-20,estimation,0.2158765,0.200337,1.0775667999420977,0.323443955314956
GLD,81,straddle,2015-02-23,estimation,0.17763600000000002,0.175327,1.0131696772316872,0.16184489611797023
GLD,81,strip,2015-02-23,estimation,0.17763600000000002,0.175327,1.0131696772316872,0.40533867611987706
GLD,82,straddle,2015-03-23,estimation,0.15485900000000002,0.16758699999999999,0.9240513882341711,0.1790777524293366
GLD,82,strip,2015-03-23,estimation,0.15485900000000002,0.16758699999999999,0.9240513882341711,0.3685177876648111
GLD,83,straddle,2015-04-20,estimation,0.1361255,0.1534625,0.8870277755151911,-0.44726626751734405
GLD,83,strip,2015-04-20,estimation,0.1361255,0.1534625,0.8870277755151911,-0.38301629688192934
GLD,84,straddle,2015-05-18,estimation,0.14206649999999998,0.15253450000000002,0.9313729025236912,0.17139870115693345
GLD,84,strip,2015-05-18,estimation,0.14206649999999998,0.15253450000000002,0.9313729025236912,0.5988585920801623
GLD,85,straddle,2015-06-22,estimation,0.1240115,0.139033,0.8919573051002281,0.1863252510684649
GLD,85,strip,2015-06-22,estimation,0.1240115,0.139033,0.8919573051002281,0.6092305999753059
GLD,86,straddle,2015-07-20,estimation,0.177244,0.1699255,1.0430688743007965,0.36826786302375675
GLD,86,strip,2015-07-20,estimation,0.177244,0.1699255,1.0430688743007965,0.5707744556067147
GLD,87,straddle,2015-08-24,estimation,0.18665700000000002,0.17842750000000002,1.046122374633955,0.348562820144049
GLD,87,strip,2015-08-24,estimation,0.18665700000000002,0.17842750000000002,1.046122374633955,0.616896379729904
GLD,88,straddle,2015-09-21,estimation,0.15061950000000002,0.1645915,0.9151110476543444,-0.22755571921362802
GLD,88,strip,2015-09-21,estimation,0.15061950000000002,0.1645915,0.9151110476543444,-0.19684234559046268
GLD,89,straddle,2015-10-19,estimation,0.1592225,0.169325,0.9403366307397016,0.09618506656594174
GLD,89,strip,2015-10-19,estimation,0.1592225,0.169325,0.9403366307397016,0.5258317806720642
GLD,90,straddle,2015-11-23,estimation,0.158487,0.15437450000000003,1.0266397623959913,-0.20436466593538818
GLD,90,strip,2015-11-23,estimation,0.158487,0.15437450000000003,1.0266397623959913,-0.08546175657593527
GLD,91,straddle,2015-12-21,estimation,0.138486,0.151651,0.913188834890637,-0.0915842449588001
GLD,91,strip,2015-12-21,estimation,0.138486,0.151651,0.913188834890637,0.08138339134072178
GLD,92,straddle,2016-01-19,estimation,0.148499,0.16054000000000002,0.9249968855113989,-0.043838132847128904
GLD,92,strip,2016-01-19,estimation,0.148499,0.16054000000000002,0.9249968855113989,-0.9015841727791885
GLD,93,straddle,2016-02-22,estimation,0.216775,0.206708,1.048701550012578,0.14314372604667105
GLD,93,strip,2016-02-22,estimation,0.216775,0.206708,1.048701550012578,0.488859655535264
GLD,94,straddle,2016-03-21,estimation,0.162341,0.166386,0.975689060377676,-0.11278776416370231
GLD,94,strip,2016-03-21,estimation,0.162341,0.166386,0.975689060377676,-0.07840911399457162
GLD,95,straddle,2016-04-18,estimation,0.1649885,0.1683825,0.9798435110537023,0.053008095751239256
GLD,95,strip,2016-04-18,estimation,0.1649885,0.1683825,0.9798435110537023,0.15627575095261864
GLD,96,straddle,2016-05-23,estimation,0.1605525,0.1667865,0.9626228741534836,-0.12852900108826748
GLD,96,strip,2016-05-23,estimation,0.1605525,0.1667865,0.9626228741534836,0.054858170137102986
GLD,97,straddle,2016-06-20,estimation,0.199737,0.1813415,1.1014412034752112,-0.18760852640481718
GLD,97,strip,2016-06-20,estimation,0.199737,0.1813415,1.1014412034752112,-0.08947281991261564
GLD,98,straddle,2016-07-18,estimation,0.162434,0.160568,1.011621244581735,0.30623648351729926
GLD,98,strip,2016-07-18,estimation,0.162434,0.160568,1.011621244581735,0.33652874394338306
GLD,99,straddle,2016-08-22,estimation,0.15412399999999998,0.167894,0.9179839660738323,0.15560786070310248
GLD,99,strip,2016-08-22,estimation,0.15412399999999998,0.167894,0.9179839660738323,0.4239255243169965
GLD,100,straddle,2016-09-19,estimation,0.15037,0.1560765,0.9634378013346019,-0.16136528898291136
GLD,100,strip,2016-09-19,estimation,0.15037,0.1560765,0.9634378013346019,0.11895766975180258
GLD,101,straddle,2016-10-24,estimation,0.13651000000000002,0.1443445,0.945723598751598,-0.25265214527445296
GLD,101,strip,2016-10-24,estimation,0.13651000000000002,0.1443445,0.945723598751598,-0.03997131801002689
GLD,102,straddle,2016-11-21,estimation,0.140153,0.149513,0.9373967481088601,-0.1385695391807488
GLD,102,strip,2016-11-21,estimation,0.140153,0.149513,0.9373967481088601,0.2591339697856631
GLD,103,straddle,2016-12-19,estimation,0.14801,0.1585915,0.9332782652285905,0.09891046119608037
GLD,103,strip,2016-12-19,estimation,0.14801,0.1585915,0.9332782652285905,0.48092491790029873
GLD,104,straddle,2017-01-23,estimation,0.136998,0.144893,0.9455115153941185,0.20589931859701432
GLD,104,strip,2017-01-23,estimation,0.136998,0.144893,0.9455115153941185,0.42884910010849386
GLD,105,straddle,2017-02-21,estimation,0.124136,0.1432795,0.8663905164381506,0.1754366131423542
GLD,105,strip,2017-02-21,estimation,0.124136,0.1432795,0.8663905164381506,0.22901484676650447
GLD,106,straddle,2017-03-20,estimation,0.11068349999999999,0.12957950000000001,0.8541744643249896,0.0658390359331483
GLD,106,strip,2017-03-20,estimation,0.11068349999999999,0.12957950000000001,0.8541744643249896,0.46867208415967515
GLD,107,straddle,2017-04-24,estimation,0.1173485,0.122835,0.9553343916636138,-0.13444951008460826
GLD,107,strip,2017-04-24,estimation,0.1173485,0.122835,0.9553343916636138,-0.19662083318843973
GLD,108,straddle,2017-05-22,estimation,0.1126355,0.125017,0.9009614692401834,0.3566354460300981
GLD,108,strip,2017-05-22,estimation,0.1126355,0.125017,0.9009614692401834,0.4135755530768776
GLD,109,straddle,2017-06-19,estimation,0.0968695,0.113372,0.8544393677451222,-0.08999658444044888
GLD,109,strip,2017-06-19,estimation,0.0968695,0.113372,0.8544393677451222,0.1135961079305731
GLD,110,straddle,2017-07-24,estimation,0.105824,0.1162435,0.9103648806169807,-0.006720513362813975
GLD,110,strip,2017-07-24,estimation,0.105824,0.1162435,0.9103648806169807,0.3168219559913081
GLD,111,straddle,2017-08-21,estimation,0.1164225,0.1217855,0.9559635588801622,-0.031887407478134226
GLD,111,strip,2017-08-21,estimation,0.1164225,0.1217855,0.9559635588801622,0.11490098834031419
GLD,112,straddle,2017-09-18,estimation,0.11654300000000001,0.117362,0.9930215913157582,0.03590661657635585
GLD,112,strip,2017-09-18,estimation,0.11654300000000001,0.117362,0.9930215913157582,0.22958447515847902
GLD,113,straddle,2017-10-23,estimation,0.1037975,0.110375,0.9404077010192525,-0.025077612645841966
GLD,113,strip,2017-10-23,estimation,0.1037975,0.110375,0.9404077010192525,0.3609595249943011
GLD,114,straddle,2017-11-20,estimation,0.10069800000000001,0.10884150000000001,0.9251801932167418,0.0020331202909149924
GLD,114,strip,2017-11-20,estimation,0.10069800000000001,0.10884150000000001,0.9251801932167418,0.3808561206086199
GLD,115,straddle,2017-12-18,estimation,0.0885325,0.099328,0.8913146343427835,-0.10312766464796572
GLD,115,strip,2017-12-18,estimation,0.0885325,0.099328,0.8913146343427835,0.07444359885794945
GLD,116,straddle,2018-01-22,estimation,0.1002605,0.1063095,0.9431000992385441,-0.40197586315781675
GLD,116,strip,2018-01-22,estimation,0.1002605,0.1063095,0.9431000992385441,-0.190432320285394
GLD,117,straddle,2018-02-20,estimation,0.126507,0.127977,0.9885135610304977,0.3561230730713998
GLD,117,strip,2018-02-20,estimation,0.126507,0.127977,0.9885135610304977,0.620552280235294
GLD,118,straddle,2018-03-19,estimation,0.09814200000000001,0.104403,0.9400304588948595,-0.2719917471688288
GLD,118,strip,2018-03-19,estimation,0.09814200000000001,0.104403,0.9400304588948595,-0.3902591741554865
GLD,119,straddle,2018-04-23,estimation,0.109122,0.11182,0.9758719370416741,0.1356765424752664
GLD,119,strip,2018-04-23,estimation,0.109122,0.11182,0.9758719370416741,0.290999764541583
GLD,120,straddle,2018-05-21,estimation,0.1003175,0.10195299999999999,0.983958294508254,-0.16155435258040712
GLD,120,strip,2018-05-21,estimation,0.1003175,0.10195299999999999,0.983958294508254,0.478896953140568
GLD,121,straddle,2018-06-18,estimation,0.0882545,0.0950255,0.9287454420129334,-0.06283430052870655
GLD,121,strip,2018-06-18,estimation,0.0882545,0.0950255,0.9287454420129334,0.009909477368726268
GLD,122,straddle,2018-07-23,estimation,0.106493,0.10770450000000001,0.988751630618962,0.007385987821507581
GLD,122,strip,2018-07-23,estimation,0.106493,0.10770450000000001,0.988751630618962,0.04376833420980124
GLD,123,straddle,2018-08-20,estimation,0.110071,0.108809,1.0115983052872464,0.21479093970557625
GLD,123,strip,2018-08-20,estimation,0.110071,0.108809,1.0115983052872464,0.34648187040102496
GLD,124,straddle,2018-09-24,estimation,0.0968325,0.098301,0.9850611896114994,-0.7728745838409646
GLD,124,strip,2018-09-24,estimation,0.0968325,0.098301,0.9850611896114994,-0.5594085034975351
GLD,125,straddle,2018-10-22,estimation,0.103889,0.10282350000000001,1.010362417151721,0.21541975435445612
GLD,125,strip,2018-10-22,estimation,0.103889,0.10282350000000001,1.010362417151721,0.2525544244450551
GLD,126,straddle,2018-11-19,estimation,0.107806,0.111159,0.9698360006837053,0.2499314496662024
GLD,126,strip,2018-11-19,estimation,0.107806,0.111159,0.9698360006837053,0.47236460330914193
GLD,127,straddle,2018-12-24,estimation,0.124115,0.1270955,0.9765491303783376,0.40500316206685033
GLD,127,strip,2018-12-24,estimation,0.124115,0.1270955,0.9765491303783376,0.7393926801902205
GLD,128,straddle,2019-01-22,estimation,0.092994,0.10066900000000001,0.9237600452969632,-0.05340416057586401
GLD,128,strip,2019-01-22,estimation,0.092994,0.10066900000000001,0.9237600452969632,0.23865723154923935
GLD,129,straddle,2019-02-19,estimation,0.10090350000000001,0.1058885,0.9529221775735799,-0.06021340125217243
GLD,129,strip,2019-02-19,estimation,0.10090350000000001,0.1058885,0.9529221775735799,-0.17714552378498333
GLD,130,straddle,2019-03-18,estimation,0.09090000000000001,0.095033,0.9565098439489441,-0.18089896456782467
GLD,130,strip,2019-03-18,estimation,0.09090000000000001,0.095033,0.9565098439489441,0.03458110375843379
GLD,131,straddle,2019-04-22,estimation,0.0856745,0.0889795,0.9628566130400822,0.17463691689054017
GLD,131,strip,2019-04-22,estimation,0.0856745,0.0889795,0.9628566130400822,0.23554912427740907
GLD,132,straddle,2019-05-20,estimation,0.0845745,0.08864849999999999,0.9540432156212457,-0.2881390063439897
GLD,132,strip,2019-05-20,estimation,0.0845745,0.08864849999999999,0.9540432156212457,-0.7823623118175199
GLD,133,straddle,2019-06-24,estimation,0.16230250000000002,0.14819349999999998,1.095206604878082,-0.21933624941882715
GLD,133,strip,2019-06-24,estimation,0.16230250000000002,0.14819349999999998,1.095206604878082,-0.17492315399041342
GLD,134,straddle,2019-07-22,estimation,0.14184950000000002,0.13055,1.0865530448104177,-0.2845130916030001
GLD,134,strip,2019-07-22,estimation,0.14184950000000002,0.13055,1.0865530448104177,0.120920992437415
GLD,135,straddle,2019-08-19,estimation,0.139155,0.13461050000000002,1.0337603678762057,-0.01805051460071922
GLD,135,strip,2019-08-19,estimation,0.139155,0.13461050000000002,1.0337603678762057,-0.07765163208675824
GLD,136,straddle,2019-09-23,estimation,0.1545145,0.1562325,0.9890035683996607,0.0788774998169968
GLD,136,strip,2019-09-23,estimation,0.1545145,0.1562325,0.9890035683996607,0.19703318105715975
GLD,137,straddle,2019-10-21,estimation,0.1276675,0.1287655,0.9914728712271531,-0.046700717338964505
GLD,137,strip,2019-10-21,estimation,0.1276675,0.1287655,0.9914728712271531,0.3436416562911983
GLD,138,straddle,2019-11-18,estimation,0.10289999999999999,0.110875,0.9280721533258173,0.49832669528385115
GLD,138,strip,2019-11-18,estimation,0.10289999999999999,0.110875,0.9280721533258173,0.5534212869495054
GLD,139,straddle,2019-12-23,estimation,0.09309049999999999,0.108263,0.8598551675087518,-0.1703968681026318
GLD,139,strip,2019-12-23,estimation,0.09309049999999999,0.108263,0.8598551675087518,0.33368919742060416
GLD,140,straddle,2020-01-21,estimation,0.10325300000000001,0.108932,0.94786655895421,0.030111702778319642
GLD,140,strip,2020-01-21,estimation,0.10325300000000001,0.108932,0.94786655895421,0.09982190498636422
GLD,141,straddle,2020-02-24,estimation,0.158498,0.1413855,1.121034335204105,-1.3260390372377902
GLD,141,strip,2020-02-24,estimation,0.158498,0.1413855,1.121034335204105,-2.4639914766701305
GLD,142,straddle,2020-03-23,estimation,0.37106700000000004,0.341464,1.086694351381112,0.09698903869731078
GLD,142,strip,2020-03-23,estimation,0.37106700000000004,0.341464,1.086694351381112,0.4664220957788949
GLD,143,straddle,2020-04-20,estimation,0.242695,0.24001099999999997,1.0111828207873808,0.3978932739892427
GLD,143,strip,2020-04-20,estimation,0.242695,0.24001099999999997,1.0111828207873808,0.6496923527618663
GLD,144,straddle,2020-05-18,estimation,0.20704299999999998,0.224165,0.9236187629647803,0.29226108464473427
GLD,144,strip,2020-05-18,estimation,0.20704299999999998,0.224165,0.9236187629647803,0.48632459571153036
GLD,145,straddle,2020-06-22,estimation,0.17434100000000002,0.195314,0.8926190646855834,0.4123648661159973
GLD,145,strip,2020-06-22,estimation,0.17434100000000002,0.195314,0.8926190646855834,0.7610961707483466
GLD,146,straddle,2020-07-20,estimation,0.134429,0.15193,0.884808793523333,-0.7351236262308618
GLD,146,strip,2020-07-20,estimation,0.134429,0.15193,0.884808793523333,-2.460697900634746
GLD,147,straddle,2020-08-24,estimation,0.21167999999999998,0.22256399999999998,0.9510972124871947,0.5177566055657025
GLD,147,strip,2020-08-24,estimation,0.21167999999999998,0.22256399999999998,0.9510972124871947,0.7145428120212615
GLD,148,straddle,2020-09-21,estimation,0.1809855,0.2016655,0.8974539522129467,0.2071250363501204
GLD,148,strip,2020-09-21,estimation,0.1809855,0.2016655,0.8974539522129467,0.41345201033017503
GLD,149,straddle,2020-10-19,estimation,0.19363550000000002,0.19111050000000002,1.0132122515508044,-0.028147942496928348
GLD,149,strip,2020-10-19,estimation,0.19363550000000002,0.19111050000000002,1.0132122515508044,0.11097584396930844
GLD,150,straddle,2020-11-23,estimation,0.1654215,0.17679250000000002,0.9356816607039324,0.009496051710870331
GLD,150,strip,2020-11-23,estimation,0.1654215,0.17679250000000002,0.9356816607039324,0.24467915536637466
GLD,151,straddle,2020-12-21,estimation,0.176059,0.18899349999999998,0.9315611383460278,-0.17185425212640074
GLD,151,strip,2020-12-21,estimation,0.176059,0.18899349999999998,0.9315611383460278,-0.006967502574457799
GLD,152,straddle,2021-01-19,estimation,0.164604,0.173607,0.9481414919905303,0.07823281036008793
GLD,152,strip,2021-01-19,estimation,0.164604,0.173607,0.9481414919905303,0.4051562862732994
GLD,153,straddle,2021-02-22,estimation,0.16901850000000002,0.178616,0.9462674116540513,-0.10290612310436774
GLD,153,strip,2021-02-22,estimation,0.16901850000000002,0.178616,0.9462674116540513,0.3504321548369993
GLD,154,straddle,2021-03-22,estimation,0.1445785,0.1591755,0.9082961887978992,-0.21501378976045787
GLD,154,strip,2021-03-22,estimation,0.1445785,0.1591755,0.9082961887978992,-0.00305699291939009
GLD,155,straddle,2021-04-19,estimation,0.13675199999999998,0.144613,0.945641124933443,-0.04702755160552392
GLD,155,strip,2021-04-19,estimation,0.13675199999999998,0.144613,0.945641124933443,0.3158439864071428
GLD,156,straddle,2021-05-24,estimation,0.142991,0.151641,0.9429573796005039,-0.08397765975181183
GLD,156,strip,2021-05-24,estimation,0.142991,0.151641,0.9429573796005039,-0.06246044096740589
GLD,157,straddle,2021-06-21,estimation,0.1466025,0.1505235,0.973950911319495,0.4092616696103555
GLD,157,strip,2021-06-21,estimation,0.1466025,0.1505235,0.973950911319495,0.6912467048381606
GLD,158,straddle,2021-07-19,estimation,0.142735,0.1500895,0.9509992371218507,0.06832259864470058
GLD,158,strip,2021-07-19,estimation,0.142735,0.1500895,0.9509992371218507,0.255611687332568
GLD,159,straddle,2021-08-23,estimation,0.139648,0.14854,0.9401373367443112,-0.23782168458582872
GLD,159,strip,2021-08-23,estimation,0.139648,0.14854,0.9401373367443112,0.11363880709614192
GLD,160,straddle,2021-09-20,estimation,0.1464485,0.1474165,0.9934335708689326,0.12537274327381473
GLD,160,strip,2021-09-20,estimation,0.1464485,0.1474165,0.9934335708689326,0.27355066083592505
GLD,161,straddle,2021-10-18,estimation,0.1373405,0.14150449999999998,0.97057337399164,0.028758933477853833
GLD,161,strip,2021-10-18,estimation,0.1373405,0.14150449999999998,0.97057337399164,0.360584376575716
GLD,162,straddle,2021-11-22,estimation,0.143449,0.144918,0.9898632330007314,0.41577518149598014
GLD,162,strip,2021-11-22,estimation,0.143449,0.144918,0.9898632330007314,0.6810656521781918
GLD,163,straddle,2021-12-20,estimation,0.1353,0.147119,0.9196636736247528,0.10292940614006933
GLD,163,strip,2021-12-20,estimation,0.1353,0.147119,0.9196636736247528,0.3819576888135393
GLD,164,straddle,2022-01-24,holdout,0.134658,0.14103300000000002,0.9547978132777434,-0.2451286070355063
GLD,164,strip,2022-01-24,holdout,0.134658,0.14103300000000002,0.9547978132777434,0.12942319853145715
GLD,165,straddle,2022-02-22,holdout,0.15744950000000002,0.155623,1.011736697017793,-0.19559541853996706
GLD,165,strip,2022-02-22,holdout,0.15744950000000002,0.155623,1.011736697017793,-0.5456520428382339
GLD,166,straddle,2022-03-21,holdout,0.1923375,0.19103,1.0068444746898393,0.43384505924962036
GLD,166,strip,2022-03-21,holdout,0.1923375,0.19103,1.0068444746898393,0.6419309412610605
GLD,167,straddle,2022-04-18,holdout,0.171452,0.1772745,0.9671554566505617,-0.07374394830026386
GLD,167,strip,2022-04-18,holdout,0.171452,0.1772745,0.9671554566505617,0.16163560104048788
GLD,168,straddle,2022-05-23,holdout,0.16832750000000002,0.178631,0.942319642167373,-0.08452705683466878
GLD,168,strip,2022-05-23,holdout,0.16832750000000002,0.178631,0.942319642167373,0.177103300553541
GLD,169,straddle,2022-06-21,holdout,0.1548955,0.1675775,0.9243215825513569,-0.03013479893913464
GLD,169,strip,2022-06-21,holdout,0.1548955,0.1675775,0.9243215825513569,0.6714703052282714
GLD,170,straddle,2022-07-18,holdout,0.1739275,0.1743425,0.9976196280310309,0.17250236434869226
GLD,170,strip,2022-07-18,holdout,0.1739275,0.1743425,0.9976196280310309,0.46723554745576656
GLD,171,straddle,2022-08-22,holdout,0.1516045,0.157921,0.9600021529752217,0.08551604745384739
GLD,171,strip,2022-08-22,holdout,0.1516045,0.157921,0.9600021529752217,0.27968715204535693
GLD,172,straddle,2022-09-19,holdout,0.1699985,0.17009849999999999,0.9994121053389654,-0.06266888474306365
GLD,172,strip,2022-09-19,holdout,0.1699985,0.17009849999999999,0.9994121053389654,-0.021637985880332847
GLD,173,straddle,2022-10-24,holdout,0.177413,0.177236,1.000998668442077,-0.3541046603524659
GLD,173,strip,2022-10-24,holdout,0.177413,0.177236,1.000998668442077,-0.18864441431459997
GLD,174,straddle,2022-11-21,holdout,0.152331,0.158141,0.9632606344970627,-0.07208267549630903
GLD,174,strip,2022-11-21,holdout,0.152331,0.158141,0.9632606344970627,-0.005943416686128091
GLD,175,straddle,2022-12-19,holdout,0.133085,0.1489365,0.8935687356692282,-0.1934173903250882
GLD,175,strip,2022-12-19,holdout,0.133085,0.1489365,0.8935687356692282,-0.07834926635210226
GLD,176,straddle,2023-01-23,holdout,0.14696350000000002,0.1521135,0.9661437019068,-0.2556143766834346
GLD,176,strip,2023-01-23,holdout,0.14696350000000002,0.1521135,0.9661437019068,0.009293120190540781
GLD,177,straddle,2023-02-21,holdout,0.1454145,0.145104,1.002139844525306,-0.4870719954269645
GLD,177,strip,2023-02-21,holdout,0.1454145,0.145104,1.002139844525306,-0.7045084554648486
GLD,178,straddle,2023-03-20,holdout,0.1972595,0.1848885,1.0669105974682038,0.3208113604970359
GLD,178,strip,2023-03-20,holdout,0.1972595,0.1848885,1.0669105974682038,0.34023420073295857
GLD,179,straddle,2023-04-24,holdout,0.15374500000000002,0.15633249999999999,0.9834487390657735,0.08132873638135872
GLD,179,strip,2023-04-24,holdout,0.15374500000000002,0.15633249999999999,0.9834487390657735,0.1818365398068669
GLD,180,straddle,2023-05-22,holdout,0.156393,0.1562435,1.0009568398045359,0.21637616430974022
GLD,180,strip,2023-05-22,holdout,0.156393,0.1562435,1.0009568398045359,0.4501303204487787
GLD,181,straddle,2023-06-20,holdout,0.119297,0.128367,0.9293432112614612,0.2172918633256411
GLD,181,strip,2023-06-20,holdout,0.119297,0.128367,0.9293432112614612,0.4549280196411529
GLD,182,straddle,2023-07-24,holdout,0.11452799999999999,0.12249,0.9349987754102375,-0.025106809213860416
GLD,182,strip,2023-07-24,holdout,0.11452799999999999,0.12249,0.9349987754102375,0.24115403591177834
GLD,183,straddle,2023-08-21,holdout,0.1149955,0.12125050000000001,0.9484125838656334,0.3637273847534453
GLD,183,strip,2023-08-21,holdout,0.1149955,0.12125050000000001,0.9484125838656334,0.6047717543583259
GLD,184,straddle,2023-09-18,holdout,0.1007845,0.10812150000000001,0.9321411560142986,-0.5746988206977832
GLD,184,strip,2023-09-18,holdout,0.1007845,0.10812150000000001,0.9321411560142986,-1.346305550055778
GLD,185,straddle,2023-10-23,holdout,0.1532925,0.1458335,1.0511473701172913,0.39404616676928345
GLD,185,strip,2023-10-23,holdout,0.1532925,0.1458335,1.0511473701172913,0.570634864606508
GLD,186,straddle,2023-11-20,holdout,0.112744,0.117945,0.9559031752087838,-0.6356863314916894
GLD,186,strip,2023-11-20,holdout,0.112744,0.117945,0.9559031752087838,-1.1582664646207694
GLD,187,straddle,2023-12-18,holdout,0.12061,0.13030750000000002,0.9255798783646373,0.2588314893592004
GLD,187,strip,2023-12-18,holdout,0.12061,0.13030750000000002,0.9255798783646373,0.41414329205501277
GLD,188,straddle,2024-01-22,holdout,0.1118415,0.1158985,0.964995232897751,0.1157717999304448
GLD,188,strip,2024-01-22,holdout,0.1118415,0.1158985,0.964995232897751,0.31299085938775745
GLD,189,straddle,2024-02-20,holdout,0.105601,0.109417,0.9651242494310757,-0.261173917787818
GLD,189,strip,2024-02-20,holdout,0.105601,0.109417,0.9651242494310757,-0.07295244422909314
GLD,190,straddle,2024-03-18,holdout,0.123664,0.11997,1.0307910310911061,-0.13360889848565735
GLD,190,strip,2024-03-18,holdout,0.123664,0.11997,1.0307910310911061,-0.10827352790791868
GLD,191,straddle,2024-04-22,holdout,0.161823,0.147977,1.0935685951195118,-0.007429860446016505
GLD,191,strip,2024-04-22,holdout,0.161823,0.147977,1.0935685951195118,0.18420557871597415
GLD,192,straddle,2024-05-20,holdout,0.16142299999999998,0.152866,1.0559771302971228,-0.31822154061839164
GLD,192,strip,2024-05-20,holdout,0.16142299999999998,0.152866,1.0559771302971228,-0.5704317010775245
GLD,193,straddle,2024-06-24,holdout,0.141749,0.1403105,1.010252261947609,-0.051054520733925864
GLD,193,strip,2024-06-24,holdout,0.141749,0.1403105,1.010252261947609,-0.12416878479941311
GLD,194,straddle,2024-07-22,holdout,0.1489765,0.1437215,1.0365637709041446,-0.13656209212419504
GLD,194,strip,2024-07-22,holdout,0.1489765,0.1437215,1.0365637709041446,-0.33522956933389464
GLD,195,straddle,2024-08-19,holdout,0.1710035,0.1658945,1.0307966810231803,0.19284186060919306
GLD,195,strip,2024-08-19,holdout,0.1710035,0.1658945,1.0307966810231803,0.4584545077343508
GLD,196,straddle,2024-09-23,holdout,0.1622515,0.1573265,1.0313043257175363,0.3166418598214189
GLD,196,strip,2024-09-23,holdout,0.1622515,0.1573265,1.0313043257175363,0.4967777052874865
GLD,197,straddle,2024-10-21,holdout,0.167402,0.15757100000000002,1.0623909221874581,-0.2593835712399318
GLD,197,strip,2024-10-21,holdout,0.167402,0.15757100000000002,1.0623909221874581,-0.11202116481066522
GLD,198,straddle,2024-11-18,holdout,0.1515595,0.1489935,1.0172222278153074,-0.05438711545531577
GLD,198,strip,2024-11-18,holdout,0.1515595,0.1489935,1.0172222278153074,-0.1413985019871819
GLD,199,straddle,2024-12-23,holdout,0.1383145,0.143409,0.9644757302540287,0.15093028612291218
GLD,199,strip,2024-12-23,holdout,0.1383145,0.143409,0.9644757302540287,0.43608118414870994
GLD,200,straddle,2025-01-21,holdout,0.139172,0.1439725,0.9666568268245671,-0.07006827707150505
GLD,200,strip,2025-01-21,holdout,0.139172,0.1439725,0.9666568268245671,0.1410466190512894
GLD,201,straddle,2025-02-24,holdout,0.1544065,0.1514245,1.019692982311317,-0.009149905259908052
GLD,201,strip,2025-02-24,holdout,0.1544065,0.1514245,1.019692982311317,0.10508479562800883
GLD,202,straddle,2025-03-24,holdout,0.14380300000000001,0.146432,0.9820462740384616,-1.2024828314360205
GLD,202,strip,2025-03-24,holdout,0.14380300000000001,0.146432,0.9820462740384616,-2.541089474394644
GLD,203,straddle,2025-04-21,holdout,0.260268,0.22663149999999999,1.148419350355092,-0.17702183900782856
GLD,203,strip,2025-04-21,holdout,0.260268,0.22663149999999999,1.148419350355092,-0.09600394909296533
GLD,204,straddle,2025-05-19,holdout,0.196482,0.18476949999999998,1.0633897910640016,0.046602775681713386
GLD,204,strip,2025-05-19,holdout,0.196482,0.18476949999999998,1.0633897910640016,0.19910843673730616
GLD,205,straddle,2025-06-23,holdout,0.176621,0.171999,1.026872249257263,0.27053197511066834
GLD,205,strip,2025-06-23,holdout,0.176621,0.171999,1.026872249257263,0.4181588335267506
GLD,206,straddle,2025-07-21,holdout,0.1675635,0.164779,1.0168983911784875,0.08443428667716436
GLD,206,strip,2025-07-21,holdout,0.1675635,0.164779,1.0168983911784875,0.18889806665616427
SLV,1,straddle,2008-12-22,estimation,0.612675,0.6071694999999999,1.0090674844503884,0.28976229298730016
SLV,2,straddle,2009-01-20,estimation,0.525992,0.5231825,1.0053700190660046,0.12864193701969784
SLV,3,straddle,2009-02-23,estimation,0.545779,0.5287855,1.0321368494408414,0.26213672030654106
SLV,4,straddle,2009-03-23,estimation,0.468417,0.5087215,0.9207729573057163,0.08604273931319127
SLV,5,straddle,2009-04-20,estimation,0.429581,0.4290645,1.0012037817158026,-0.013511541680663708
SLV,6,straddle,2009-05-18,estimation,0.345149,0.375011,0.920370335803483,0.1902656264640361
SLV,7,straddle,2009-06-22,estimation,0.379613,0.3964695,0.9574834886416231,0.4273718202904827
SLV,8,straddle,2009-07-20,estimation,0.32690549999999996,0.3521865,0.9282170100216787,0.019168504266785256
SLV,9,straddle,2009-08-24,estimation,0.3605835,0.3814375,0.9453278715385877,-0.1402809473983556
SLV,10,straddle,2009-09-21,estimation,0.4098585,0.4198695,0.9761568773154516,0.2542906588705607
SLV,11,straddle,2009-10-19,estimation,0.350484,0.387855,0.9036469814750359,-0.1347878328128801
SLV,12,straddle,2009-11-23,estimation,0.361116,0.3793215,0.952005093304756,0.1115795752063927
SLV,13,straddle,2009-12-21,estimation,0.3131045,0.3527495,0.8876114636590555,0.025296732030306458
SLV,14,straddle,2010-01-19,estimation,0.2864395,0.3209095,0.8925865391956299,-0.305737564332836
SLV,15,straddle,2010-02-22,estimation,0.3319605,0.346636,0.9576630817341534,0.24460906248731695
SLV,16,straddle,2010-03-22,estimation,0.25942600000000005,0.2777765,0.9339378961143223,0.06933668426144755
SLV,17,straddle,2010-04-19,estimation,0.26493500000000003,0.2758735,0.9603495805142576,-0.15113095617778555
SLV,18,straddle,2010-05-24,estimation,0.35969850000000003,0.358579,1.0031220456301124,0.327761139642846
SLV,19,straddle,2010-06-21,estimation,0.309879,0.3261755,0.9500376331146883,0.2139875357063082
SLV,20,straddle,2010-07-19,estimation,0.2785605,0.292723,0.9516180826241873,0.19560213790276199
SLV,21,straddle,2010-08-23,estimation,0.24509,0.296134,0.8276320854748188,-0.19198134842226972
SLV,22,straddle,2010-09-20,estimation,0.277497,0.3064345,0.9055670950888363,-0.07837967764064696
SLV,23,straddle,2010-10-18,estimation,0.34279550000000003,0.355479,0.9643199738943793,-0.3712837556508973
SLV,24,straddle,2010-11-22,estimation,0.4376685,0.4097995,1.0680064275334646,0.20123782631826007
SLV,24,strip,2010-11-22,estimation,0.4376685,0.4097995,1.0680064275334646,0.41396601046359904
SLV,25,straddle,2010-12-20,estimation,0.3639195,0.3801515,0.9573012338501887,0.19797908163577427
SLV,25,strip,2010-12-20,estimation,0.3639195,0.3801515,0.9573012338501887,0.48071041518508295
SLV,26,straddle,2011-01-24,estimation,0.366958,0.35530399999999995,1.0328000810573483,0.02483220948410758
SLV,26,strip,2011-01-24,estimation,0.366958,0.35530399999999995,1.0328000810573483,0.2578141999454217
SLV,27,straddle,2011-02-22,estimation,0.38447,0.36521000000000003,1.0527367815777222,-0.03293746671993009
SLV,27,strip,2011-02-22,estimation,0.38447,0.36521000000000003,1.0527367815777222,0.022976508879753412
SLV,28,straddle,2011-03-21,estimation,0.37198600000000004,0.3710375,1.0025563453828792,0.20066686990539906
SLV,28,strip,2011-03-21,estimation,0.37198600000000004,0.3710375,1.0025563453828792,0.4259210325794808
SLV,29,straddle,2011-04-18,estimation,0.3986225,0.380876,1.0465939045778678,-0.9510903580003839
SLV,29,strip,2011-04-18,estimation,0.3986225,0.380876,1.0465939045778678,-2.2840229753070123
SLV,30,straddle,2011-05-23,estimation,0.4423935,0.41169,1.0745791736500765,0.2285306311692836
SLV,30,strip,2011-05-23,estimation,0.4423935,0.41169,1.0745791736500765,0.29015293695960537
SLV,31,straddle,2011-06-20,estimation,0.3911255,0.3998095,0.9782796556860205,-0.22718322681938877
SLV,31,strip,2011-06-20,estimation,0.3911255,0.3998095,0.9782796556860205,0.09821246087175567
SLV,32,straddle,2011-07-18,estimation,0.4239365,0.41565450000000004,1.0199252023014305,-0.1621754950334131
SLV,32,strip,2011-07-18,estimation,0.4239365,0.41565450000000004,1.0199252023014305,-0.21108594530072955
SLV,33,straddle,2011-08-22,estimation,0.497178,0.481628,1.032286328867923,0.13333742499126514
SLV,33,strip,2011-08-22,estimation,0.497178,0.481628,1.032286328867923,0.43029994222836737
SLV,34,straddle,2011-09-19,estimation,0.41689750000000003,0.4281295,0.9737649472881453,-0.7564468737571479
SLV,34,strip,2011-09-19,estimation,0.41689750000000003,0.4281295,0.9737649472881453,-1.5960104198332974
SLV,35,straddle,2011-10-24,estimation,0.513868,0.4921005,1.0442338506057198,0.04262393830533905
SLV,35,strip,2011-10-24,estimation,0.513868,0.4921005,1.0442338506057198,0.16941874675793267
SLV,36,straddle,2011-11-21,estimation,0.467236,0.46960999999999997,0.9949447413811461,0.05219834505544438
SLV,36,strip,2011-11-21,estimation,0.467236,0.46960999999999997,0.9949447413811461,0.35001363802956337
SLV,37,straddle,2011-12-19,estimation,0.421517,0.4392625,0.9596016049628638,0.057473518384077556
SLV,37,strip,2011-12-19,estimation,0.421517,0.4392625,0.9596016049628638,0.09492000018997825
SLV,38,straddle,2012-01-23,estimation,0.3737775,0.39381,0.949131560905005,0.2706675574056555
SLV,38,strip,2012-01-23,estimation,0.3737775,0.39381,0.949131560905005,0.5629399266748942
SLV,39,straddle,2012-02-21,estimation,0.3242115,0.35057950000000004,0.9247873877394427,-0.3229134810725234
SLV,39,strip,2012-02-21,estimation,0.3242115,0.35057950000000004,0.9247873877394427,-0.3203172096869278
SLV,40,straddle,2012-03-19,estimation,0.2942985,0.3229615,0.9112494832975447,0.02546242355048695
SLV,40,strip,2012-03-19,estimation,0.2942985,0.3229615,0.9112494832975447,0.22787445185797003
SLV,41,straddle,2012-04-23,estimation,0.2938145,0.3093405,0.9498093524772863,0.22687577264066916
SLV,41,strip,2012-04-23,estimation,0.2938145,0.3093405,0.9498093524772863,0.4706170170976261
SLV,42,straddle,2012-05-21,estimation,0.330514,0.342951,0.9637353441162148,0.5111700623714922
SLV,42,strip,2012-05-21,estimation,0.330514,0.342951,0.9637353441162148,0.6101680867708754
SLV,43,straddle,2012-06-18,estimation,0.303466,0.3320555,0.9139014411747434,0.026413382596789887
SLV,43,strip,2012-06-18,estimation,0.303466,0.3320555,0.9139014411747434,0.2704281128174314
SLV,44,straddle,2012-07-23,estimation,0.30041850000000003,0.31772049999999996,0.9455433313242302,0.3203688753291935
SLV,44,strip,2012-07-23,estimation,0.30041850000000003,0.31772049999999996,0.9455433313242302,0.6098241237105078
SLV,45,straddle,2012-08-20,estimation,0.24930449999999998,0.285366,0.8736307058304071,-0.3643222970817853
SLV,45,strip,2012-08-20,estimation,0.24930449999999998,0.285366,0.8736307058304071,-0.4414187239420466
SLV,46,straddle,2012-09-24,estimation,0.3041185,0.3057515,0.9946590613619231,0.35632438516611803
SLV,46,strip,2012-09-24,estimation,0.3041185,0.3057515,0.9946590613619231,0.6559397675007309
SLV,47,straddle,2012-10-22,estimation,0.2614305,0.267453,0.9774820248791377,0.3100223592690402
SLV,47,strip,2012-10-22,estimation,0.2614305,0.267453,0.9774820248791377,0.31287318721966706
SLV,48,straddle,2012-11-19,estimation,0.2152875,0.2386305,0.9021793106916342,-0.07145032631321642
SLV,48,strip,2012-11-19,estimation,0.2152875,0.2386305,0.9021793106916342,0.024319846086833827
SLV,49,straddle,2012-12-24,estimation,0.240325,0.24930449999999998,0.9639817973602564,0.17997347759790402
SLV,49,strip,2012-12-24,estimation,0.240325,0.24930449999999998,0.9639817973602564,0.47519595744021137
SLV,50,straddle,2013-01-22,estimation,0.217271,0.2316765,0.9378206248799511,0.10261053425379915
SLV,50,strip,2013-01-22,estimation,0.217271,0.2316765,0.9378206248799511,0.2654555193750449
SLV,51,straddle,2013-02-19,estimation,0.2363275,0.2376415,0.9944706627419874,0.4844387044075632
SLV,52,straddle,2013-03-18,estimation,0.19877050000000002,0.2111875,0.9412039064812076,-0.3252719649654862
SLV,52,strip,2013-03-18,estimation,0.19877050000000002,0.2111875,0.9412039064812076,-3.4377697072236413
SLV,53,straddle,2013-04-22,estimation,0.3158995,0.2753605,1.1472215513844577,0.02451394709410189
SLV,53,strip,2013-04-22,estimation,0.3158995,0.2753605,1.1472215513844577,0.25702022330670177
SLV,54,straddle,2013-05-20,estimation,0.3672645,0.3062675,1.1991624968369152,0.08558737770897475
SLV,54,strip,2013-05-20,estimation,0.3672645,0.3062675,1.1991624968369152,0.11698774649456525
SLV,55,straddle,2013-06-24,estimation,0.36991949999999996,0.33207149999999996,1.1139754540814253,-0.13075449140865503
SLV,55,strip,2013-06-24,estimation,0.36991949999999996,0.33207149999999996,1.1139754540814253,-0.10829545904427242
SLV,56,straddle,2013-07-22,estimation,0.3194965,0.3076965,1.0383494774883693,-0.13851752962821026
SLV,56,strip,2013-07-22,estimation,0.3194965,0.3076965,1.0383494774883693,0.05661295148406734
SLV,57,straddle,2013-08-19,estimation,0.35015450000000004,0.32742499999999997,1.0694189509047876,-0.803735929692039
SLV,58,straddle,2013-09-23,estimation,0.355627,0.335592,1.0597004696178693,0.5680624282163559
SLV,58,strip,2013-09-23,estimation,0.355627,0.335592,1.0597004696178693,0.6250802178816101
SLV,59,straddle,2013-10-21,estimation,0.3224665,0.307237,1.0495692250607838,0.2514609703291292
SLV,59,strip,2013-10-21,estimation,0.3224665,0.307237,1.0495692250607838,0.574547586099618
SLV,60,straddle,2013-11-18,estimation,0.2798655,0.2793855,1.0017180562341281,-0.14258745327621425
SLV,60,strip,2013-11-18,estimation,0.2798655,0.2793855,1.0017180562341281,0.05983278557192531
SLV,61,straddle,2013-12-23,estimation,0.27011949999999996,0.278301,0.9706019741215445,0.18191980609491595
SLV,62,straddle,2014-01-21,estimation,0.2634225,0.2699555,0.9757997151382357,0.08797296516154988
SLV,62,strip,2014-01-21,estimation,0.2634225,0.2699555,0.9757997151382357,0.2482215563799621
SLV,63,straddle,2014-02-24,estimation,0.273387,0.26837849999999996,1.018662076135011,0.006288435125349126
SLV,63,strip,2014-02-24,estimation,0.273387,0.26837849999999996,1.018662076135011,0.3711405964930452
SLV,64,straddle,2014-03-24,estimation,0.266146,0.26632049999999996,0.999344774435314,0.7000280026291748
SLV,64,strip,2014-03-24,estimation,0.266146,0.26632049999999996,0.999344774435314,0.7970769182828291
SLV,65,straddle,2014-04-21,estimation,0.23114200000000001,0.2396375,0.9645485368525377,0.3927161174141319
SLV,66,straddle,2014-05-19,estimation,0.211923,0.2207345,0.9600810022900815,0.2560408892115676
SLV,66,strip,2014-05-19,estimation,0.211923,0.2207345,0.9600810022900815,0.29736101637095536
SLV,67,straddle,2014-06-23,estimation,0.19033699999999998,0.201675,0.9437808355026651,0.3272583492951696
SLV,67,strip,2014-06-23,estimation,0.19033699999999998,0.201675,0.9437808355026651,0.49880775161434143
SLV,68,straddle,2014-07-21,estimation,0.194882,0.2017455,0.9659794146585674,0.09619135650307
SLV,69,straddle,2014-08-18,estimation,0.1748615,0.188834,0.9260064395183071,0.12433127267265597
SLV,70,straddle,2014-09-22,estimation,0.230244,0.2214985,1.0394833373589438,0.2893079916129849
SLV,70,strip,2014-09-22,estimation,0.230244,0.2214985,1.0394833373589438,0.6005099576830023
SLV,71,straddle,2014-10-20,estimation,0.252771,0.248203,1.0184042900367845,-0.054827767142009015
SLV,71,strip,2014-10-20,estimation,0.252771,0.248203,1.0184042900367845,0.1941904115217668
SLV,72,straddle,2014-11-24,estimation,0.272448,0.265389,1.0265986909781493,-0.8554699890380237
SLV,72,strip,2014-11-24,estimation,0.272448,0.265389,1.0265986909781493,-1.0201005177351807
SLV,73,straddle,2014-12-22,estimation,0.306209,0.2958105,1.0351525723393864,-0.02647346918593993
SLV,73,strip,2014-12-22,estimation,0.306209,0.2958105,1.0351525723393864,-0.05572558768861405
SLV,74,straddle,2015-01-20,estimation,0.3516785,0.323369,1.0875454975585166,-0.05689637639532169
SLV,74,strip,2015-01-20,estimation,0.3516785,0.323369,1.0875454975585166,0.18687436348222883
SLV,75,straddle,2015-02-23,estimation,0.3196795,0.3065685,1.0427669509424484,0.07831568153477621
SLV,75,strip,2015-02-23,estimation,0.3196795,0.3065685,1.0427669509424484,0.49546846474851963
SLV,76,straddle,2015-03-23,estimation,0.2734625,0.27586299999999997,0.9912982168685182,0.16558460754730214
SLV,77,straddle,2015-04-20,estimation,0.256525,0.2626345,0.9767376334792268,-0.10217600802715798
SLV,78,straddle,2015-05-18,estimation,0.244699,0.2537775,0.9642265370255441,0.004965048381062504
SLV,78,strip,2015-05-18,estimation,0.244699,0.2537775,0.9642265370255441,0.6246940487252891
SLV,79,straddle,2015-06-22,estimation,0.2257965,0.2376275,0.9502119914572178,-0.0006163994272915077
SLV,80,straddle,2015-07-20,estimation,0.300407,0.2902475,1.0350028854684363,0.24275731573337112
SLV,80,strip,2015-07-20,estimation,0.300407,0.2902475,1.0350028854684363,0.520448089986211
SLV,81,straddle,2015-08-24,estimation,0.3309035,0.30298,1.0921628490329394,0.33286639435525933
SLV,82,straddle,2015-09-21,estimation,0.2608475,0.266798,0.9776966094198608,-0.2586536979604074
SLV,83,straddle,2015-10-19,estimation,0.2492965,0.2600305,0.9587202270502884,0.13333258546580246
SLV,84,straddle,2015-11-23,estimation,0.2582135,0.2636415,0.9794114356047892,0.024430646495601862
SLV,85,straddle,2015-12-21,estimation,0.222355,0.2417715,0.919690699689583,-0.10051676084956637
SLV,86,straddle,2016-01-19,estimation,0.246571,0.253236,0.9736806773128623,0.0376462158660903
SLV,87,straddle,2016-02-22,estimation,0.25601700000000005,0.2644685,0.9680434531900777,0.0266676382841996
SLV,88,straddle,2016-03-21,estimation,0.2558855,0.2647485,0.9665229453613523,-0.17131312367878693
SLV,89,straddle,2016-04-18,estimation,0.260671,0.257997,1.0103644616022667,0.06969846424003215
SLV,90,straddle,2016-05-23,estimation,0.2785085,0.279478,0.9965310328541065,-0.02385227189368512
SLV,91,straddle,2016-06-20,estimation,0.28213049999999995,0.279854,1.008134598755065,-0.06713667634639053
SLV,91,strip,2016-06-20,estimation,0.28213049999999995,0.279854,1.008134598755065,0.11007784996911105
SLV,92,straddle,2016-07-18,estimation,0.272479,0.2763185,0.9861048029719328,0.10561518720370441
SLV,92,strip,2016-07-18,estimation,0.272479,0.2763185,0.9861048029719328,0.14459149604142554
SLV,93,straddle,2016-08-22,estimation,0.247821,0.261235,0.9486515972208931,0.10582458726822354
SLV,94,straddle,2016-09-19,estimation,0.2487645,0.26083049999999997,0.9537400725758683,-0.2778334005800858
SLV,95,straddle,2016-10-24,estimation,0.237371,0.2472595,0.9600076033478997,-0.3330454558347312
SLV,96,straddle,2016-11-21,estimation,0.22575699999999999,0.243738,0.9262281630275131,-0.2708767590612134
SLV,97,straddle,2016-12-19,estimation,0.24618849999999998,0.260479,0.9451376118612248,0.18540102507529738
SLV,98,straddle,2017-01-23,estimation,0.21633249999999998,0.2393935,0.9036690636963827,0.1861842355931935
SLV,99,straddle,2017-02-21,estimation,0.198013,0.223414,0.8863052449712193,-0.20794058224817177
SLV,100,straddle,2017-03-20,estimation,0.176615,0.20243,0.8724744356073705,0.11259925651027965
SLV,101,straddle,2017-04-24,estimation,0.178469,0.1901755,0.938443700686997,-0.20884060845621774
SLV,102,straddle,2017-05-22,estimation,0.190164,0.20309100000000002,0.9363487303720991,0.34457622618934663
SLV,103,straddle,2017-06-19,estimation,0.1666045,0.1867315,0.8922142220246717,-0.01645416189867364
SLV,104,straddle,2017-07-24,estimation,0.188438,0.200264,0.9409479487077058,-0.35788655734610664
SLV,105,straddle,2017-08-21,estimation,0.2036125,0.21844550000000001,0.9320974796917308,0.12505452627938113
SLV,106,straddle,2017-09-18,estimation,0.18775,0.197353,0.9513409981099856,0.21616582484760985
SLV,107,straddle,2017-10-23,estimation,0.1717815,0.1835455,0.9359069004688211,-0.02707601300888558
SLV,108,straddle,2017-11-20,estimation,0.172821,0.17913099999999998,0.9647743829934519,-0.022291006004970627
SLV,109,straddle,2017-12-18,estimation,0.16519050000000002,0.179609,0.9197228423965393,0.009312828489581948
SLV,110,straddle,2018-01-22,estimation,0.165313,0.174506,0.9473198629273492,-0.5256234144745879
SLV,111,straddle,2018-02-20,estimation,0.1891515,0.194988,0.9700673887623854,0.43067673333863876
SLV,112,straddle,2018-03-19,estimation,0.16659649999999998,0.17292849999999999,0.9633837106087197,-0.07290443769628378
SLV,113,straddle,2018-04-23,estimation,0.17712850000000002,0.18444850000000002,0.9603141256231414,0.4788799358431869
SLV,114,straddle,2018-05-21,estimation,0.16712300000000002,0.17563849999999998,0.9515168940750465,0.3163910212000086
SLV,115,straddle,2018-06-18,estimation,0.160392,0.1733625,0.9251827817434567,0.008901651736783518
SLV,116,straddle,2018-07-23,estimation,0.17451650000000002,0.1753025,0.9955163217866261,0.008923774653890921
SLV,117,straddle,2018-08-20,estimation,0.17359249999999998,0.178538,0.9723000145627261,-0.00869193684388185
SLV,118,straddle,2018-09-24,estimation,0.172414,0.1798845,0.958470574173984,0.08818292137203433
SLV,119,straddle,2018-10-22,estimation,0.174895,0.178258,0.9811340865487103,-0.015904728822882623
SLV,120,straddle,2018-11-19,estimation,0.193896,0.2033105,0.9536939803896012,0.3797024757205094
SLV,121,straddle,2018-12-24,estimation,0.191241,0.1998505,0.9569202979226973,0.1500467442461837
SLV,122,straddle,2019-01-22,estimation,0.15671600000000002,0.16908050000000002,0.9268721112132978,-0.02327822903780359
SLV,123,straddle,2019-02-19,estimation,0.158786,0.17242200000000002,0.9209149644476923,-0.1226578251776558
SLV,124,straddle,2019-03-18,estimation,0.141886,0.1543235,0.9194063120652396,0.03297632388532224
SLV,125,straddle,2019-04-22,estimation,0.1425795,0.15171849999999998,0.9397634434825023,-0.02099179114016863
SLV,126,straddle,2019-05-20,estimation,0.139873,0.146541,0.9544973761609379,-0.02257013086258196
SLV,127,straddle,2019-06-24,estimation,0.191961,0.185905,1.032575777951104,-0.10963650922539227
SLV,128,straddle,2019-07-22,estimation,0.22119250000000001,0.2064975,1.0711630891415151,-0.016396972390237574
SLV,129,straddle,2019-08-19,estimation,0.2193885,0.220434,0.9952570837529601,-0.2607998719173614
SLV,130,straddle,2019-09-23,estimation,0.293721,0.2777235,1.057602255480721,-0.02042924003788345
SLV,130,strip,2019-09-23,estimation,0.293721,0.2777235,1.057602255480721,0.15217521532389106
SLV,131,straddle,2019-10-21,estimation,0.22313650000000002,0.2226165,1.0023358556081872,-0.05778961028876082
SLV,132,straddle,2019-11-18,estimation,0.1738985,0.18586550000000002,0.9356147321584694,0.32705147677765684
SLV,133,straddle,2019-12-23,estimation,0.1589495,0.1801485,0.8823248597684689,0.019789360214076852
SLV,134,straddle,2020-01-21,estimation,0.1665305,0.17878650000000001,0.9314489628691204,-0.46769175163048254
SLV,135,straddle,2020-02-24,estimation,0.24021900000000002,0.2197605,1.0930945279065165,-0.794638225193613
SLV,136,straddle,2020-03-23,estimation,0.7116435,0.621705,1.1446642700316068,0.3394050828912623
SLV,136,strip,2020-03-23,estimation,0.7116435,0.621705,1.1446642700316068,0.6247523778461734
SLV,137,straddle,2020-04-20,estimation,0.37301300000000004,0.38246349999999996,0.975290452552989,0.32089610033926447
SLV,137,strip,2020-04-20,estimation,0.37301300000000004,0.38246349999999996,0.975290452552989,0.5517525765299632
SLV,138,straddle,2020-05-18,estimation,0.3787165,0.4025265,0.9408486149359111,0.3330424778919589
SLV,138,strip,2020-05-18,estimation,0.3787165,0.4025265,0.9408486149359111,0.4928902782709096
SLV,139,straddle,2020-06-22,estimation,0.335842,0.35735249999999996,0.9398059339167909,0.17113222105212497
SLV,139,strip,2020-06-22,estimation,0.335842,0.35735249999999996,0.9398059339167909,0.5157355500095075
SLV,140,straddle,2020-07-20,estimation,0.317962,0.33390600000000004,0.9522500344408306,-1.0567307239416535
SLV,140,strip,2020-07-20,estimation,0.317962,0.33390600000000004,0.9522500344408306,-4.11085909119296
SLV,141,straddle,2020-08-24,estimation,0.5006444999999999,0.4923955,1.0167527932322695,0.6184381854165801
SLV,141,strip,2020-08-24,estimation,0.5006444999999999,0.4923955,1.0167527932322695,0.72869616053997
SLV,142,straddle,2020-09-21,estimation,0.4675285,0.466074,1.0031207490655991,-0.004213899684086059
SLV,142,strip,2020-09-21,estimation,0.4675285,0.466074,1.0031207490655991,0.10006560030339484
SLV,143,straddle,2020-10-19,estimation,0.455635,0.4568575,0.997324110909857,0.533048487913605
SLV,143,strip,2020-10-19,estimation,0.455635,0.4568575,0.997324110909857,0.49789867354364026
SLV,144,straddle,2020-11-23,estimation,0.338159,0.3730435,0.9064867770112601,-0.08596947670794101
SLV,144,strip,2020-11-23,estimation,0.338159,0.3730435,0.9064867770112601,0.18352342835784868
SLV,145,straddle,2020-12-21,estimation,0.45616,0.46839600000000003,0.9738768050965422,0.0408359156279701
SLV,145,strip,2020-12-21,estimation,0.45616,0.46839600000000003,0.9738768050965422,0.2505767648064274
SLV,146,straddle,2021-01-19,estimation,0.3708715,0.3919895,0.9461261079697288,-0.1339906451800981
SLV,146,strip,2021-01-19,estimation,0.3708715,0.3919895,0.9461261079697288,-0.15061472128475892
SLV,147,straddle,2021-02-22,estimation,0.47522549999999997,0.4647205,1.0226049851469863,0.2209223733538658
SLV,147,strip,2021-02-22,estimation,0.47522549999999997,0.4647205,1.0226049851469863,0.6083162335578575
SLV,148,straddle,2021-03-22,estimation,0.3236785,0.34562649999999995,0.9364979247829667,0.450433876205489
SLV,148,strip,2021-03-22,estimation,0.3236785,0.34562649999999995,0.9364979247829667,0.5146722723841177
SLV,149,straddle,2021-04-19,estimation,0.2758025,0.29410899999999995,0.937756070028459,-0.06931353041003536
SLV,149,strip,2021-04-19,estimation,0.2758025,0.29410899999999995,0.937756070028459,0.313413750141322
SLV,150,straddle,2021-05-24,estimation,0.318627,0.336151,0.9478686661649081,0.3200505030854867
SLV,150,strip,2021-05-24,estimation,0.318627,0.336151,0.9478686661649081,0.4166161982916723
SLV,151,straddle,2021-06-21,estimation,0.282341,0.2992625,0.9434559959901425,0.3289422745809574
SLV,151,strip,2021-06-21,estimation,0.282341,0.2992625,0.9434559959901425,0.6859423267148456
SLV,152,straddle,2021-07-19,estimation,0.270138,0.279902,0.9651163621553258,0.058591122183857626
SLV,152,strip,2021-07-19,estimation,0.270138,0.279902,0.9651163621553258,0.35532813593679236
SLV,153,straddle,2021-08-23,estimation,0.259507,0.27714150000000004,0.936370049234777,-0.24133171521474522
SLV,153,strip,2021-08-23,estimation,0.259507,0.27714150000000004,0.936370049234777,0.142705907090124
SLV,154,straddle,2021-09-20,estimation,0.27881500000000004,0.277609,1.0043442395599569,0.13906839293531778
SLV,154,strip,2021-09-20,estimation,0.27881500000000004,0.277609,1.0043442395599569,0.34726648604639687
SLV,155,straddle,2021-10-18,estimation,0.2474625,0.2560095,0.9666145201642908,0.06537487604934435
SLV,155,strip,2021-10-18,estimation,0.2474625,0.2560095,0.9666145201642908,0.42378451910399534
SLV,156,straddle,2021-11-22,estimation,0.26295749999999996,0.2875885,0.9143533208038567,-0.002908642941373513
SLV,156,strip,2021-11-22,estimation,0.26295749999999996,0.2875885,0.9143533208038567,0.4578127021310174
SLV,157,straddle,2021-12-20,estimation,0.25709499999999996,0.27209649999999996,0.9448669865286764,0.09477185875511053
SLV,157,strip,2021-12-20,estimation,0.25709499999999996,0.27209649999999996,0.9448669865286764,0.3461453335600503
SLV,158,straddle,2022-01-24,holdout,0.25955399999999995,0.2692675,0.9639262072103019,0.3093467151317298
SLV,158,strip,2022-01-24,holdout,0.25955399999999995,0.2692675,0.9639262072103019,0.3741370120451747
SLV,159,straddle,2022-02-22,holdout,0.2672525,0.277812,0.9619904827725224,0.030184839275267016
SLV,159,strip,2022-02-22,holdout,0.2672525,0.277812,0.9619904827725224,0.05761815317099202
SLV,160,straddle,2022-03-21,holdout,0.30433299999999996,0.3209775,0.9481443403353815,0.5204223975764135
SLV,160,strip,2022-03-21,holdout,0.30433299999999996,0.3209775,0.9481443403353815,0.6374486317532913
SLV,161,straddle,2022-04-18,holdout,0.29679599999999995,0.312576,0.9495162776412774,-0.06591813035134465
SLV,161,strip,2022-04-18,holdout,0.29679599999999995,0.312576,0.9495162776412774,-0.06393363410595922
SLV,162,straddle,2022-05-23,holdout,0.298581,0.30994299999999997,0.9633416466898753,0.23646704188842493
SLV,162,strip,2022-05-23,holdout,0.298581,0.30994299999999997,0.9633416466898753,0.2531918969830359
SLV,163,straddle,2022-06-21,holdout,0.2796325,0.3019695,0.9260289532552128,-0.07094794323442029
SLV,163,strip,2022-06-21,holdout,0.2796325,0.3019695,0.9260289532552128,0.1618115236099548
SLV,164,straddle,2022-07-18,holdout,0.305376,0.31357,0.9738686736613833,0.01934749613068384
SLV,164,strip,2022-07-18,holdout,0.305376,0.31357,0.9738686736613833,0.014983421733473085
SLV,165,straddle,2022-08-22,holdout,0.2910135,0.29622000000000004,0.9824235365606642,-0.24445185323295937
SLV,165,strip,2022-08-22,holdout,0.2910135,0.29622000000000004,0.9824235365606642,0.02629696838579382
SLV,166,straddle,2022-09-19,holdout,0.3051395,0.3214045,0.9493939879497643,-0.5601487945130881
SLV,166,strip,2022-09-19,holdout,0.3051395,0.3214045,0.9493939879497643,-0.7909307040994862
SLV,167,straddle,2022-10-24,holdout,0.35287,0.3423435,1.0307483565483206,-0.1510825921809954
SLV,167,strip,2022-10-24,holdout,0.35287,0.3423435,1.0307483565483206,0.07254010083909117
SLV,168,straddle,2022-11-21,holdout,0.30693000000000004,0.3095795,0.9914416167737206,-0.12631890204824817
SLV,168,strip,2022-11-21,holdout,0.30693000000000004,0.3095795,0.9914416167737206,-0.029014714164643143
SLV,169,straddle,2022-12-19,holdout,0.279744,0.293822,0.9520866374880028,-0.03436969777597189
SLV,169,strip,2022-12-19,holdout,0.279744,0.293822,0.9520866374880028,0.14080728524833994
SLV,170,straddle,2023-01-23,holdout,0.29414450000000003,0.29854,0.9852766798418973,0.012792685881893088
SLV,170,strip,2023-01-23,holdout,0.29414450000000003,0.29854,0.9852766798418973,0.4299168562838251
SLV,171,straddle,2023-02-21,holdout,0.2692695,0.27552699999999997,0.9772889771238391,-0.5388806091029816
SLV,171,strip,2023-02-21,holdout,0.2692695,0.27552699999999997,0.9772889771238391,-0.7622803034120793
SLV,172,straddle,2023-03-20,holdout,0.32028650000000003,0.31236149999999996,1.0253712445355785,0.16080373088344366
SLV,172,strip,2023-03-20,holdout,0.32028650000000003,0.31236149999999996,1.0253712445355785,0.6549740393529723
SLV,173,straddle,2023-04-24,holdout,0.26508149999999997,0.2767355,0.9578875857994364,-0.10965884003811963
SLV,173,strip,2023-04-24,holdout,0.26508149999999997,0.2767355,0.9578875857994364,0.20558419007869136
SLV,174,straddle,2023-05-22,holdout,0.2688525,0.2770165,0.9705288313151021,0.2865653302956144
SLV,174,strip,2023-05-22,holdout,0.2688525,0.2770165,0.9705288313151021,0.3766178659812935
SLV,175,straddle,2023-06-20,holdout,0.241141,0.254762,0.9465344125105,-0.228849952888733
SLV,175,strip,2023-06-20,holdout,0.241141,0.254762,0.9465344125105,0.12570239015742019
SLV,176,straddle,2023-07-24,holdout,0.2311005,0.23723650000000002,0.9741355145603647,-0.2727574066136284
SLV,176,strip,2023-07-24,holdout,0.2311005,0.23723650000000002,0.9741355145603647,0.008287591575277423
SLV,177,straddle,2023-08-21,holdout,0.2306165,0.238624,0.9664430233337803,-0.02589643639998742
SLV,177,strip,2023-08-21,holdout,0.2306165,0.238624,0.9664430233337803,0.03579110796374993
SLV,178,straddle,2023-09-18,holdout,0.222436,0.2311765,0.9621912261843223,0.15099953916572242
SLV,178,strip,2023-09-18,holdout,0.222436,0.2311765,0.9621912261843223,-0.3029825772757209
SLV,179,straddle,2023-10-23,holdout,0.2769065,0.26802099999999995,1.0331522529951014,0.1083933794313236
SLV,179,strip,2023-10-23,holdout,0.2769065,0.26802099999999995,1.0331522529951014,0.45751803429060006
SLV,180,straddle,2023-11-20,holdout,0.24437799999999998,0.2484115,0.9837628290155648,-0.49673264324833083
SLV,180,strip,2023-11-20,holdout,0.24437799999999998,0.2484115,0.9837628290155648,-0.5066226347473616
SLV,181,straddle,2023-12-18,holdout,0.2401625,0.2496375,0.9620449651995393,0.1973574765428483
SLV,181,strip,2023-12-18,holdout,0.2401625,0.2496375,0.9620449651995393,0.48347898978569026
SLV,182,straddle,2024-01-22,holdout,0.2243045,0.225988,0.9925504894065171,-0.27847264393552495
SLV,182,strip,2024-01-22,holdout,0.2243045,0.225988,0.9925504894065171,0.05290312124816741
SLV,183,straddle,2024-02-20,holdout,0.220908,0.22507149999999998,0.9815014339887548,-0.15620958341464874
SLV,184,straddle,2024-03-18,holdout,0.2354865,0.2332475,1.0095992454367142,-0.4339997824061252
SLV,184,strip,2024-03-18,holdout,0.2354865,0.2332475,1.0095992454367142,0.03014284893214951
SLV,185,straddle,2024-04-22,holdout,0.286358,0.2684395,1.0667506086101337,-0.10916310698198728
SLV,185,strip,2024-04-22,holdout,0.286358,0.2684395,1.0667506086101337,-0.19762006580183492
SLV,186,straddle,2024-05-20,holdout,0.3975165,0.35016499999999995,1.1352262504819157,-0.2292259113840706
SLV,186,strip,2024-05-20,holdout,0.3975165,0.35016499999999995,1.1352262504819157,-0.3558231816591919
SLV,187,straddle,2024-06-24,holdout,0.29758700000000005,0.293007,1.015631025879928,0.11986863690567873
SLV,187,strip,2024-06-24,holdout,0.29758700000000005,0.293007,1.015631025879928,0.22320045167215943
SLV,188,straddle,2024-07-22,holdout,0.2794855,0.276522,1.0107170496380036,-0.040697190867533414
SLV,188,strip,2024-07-22,holdout,0.2794855,0.276522,1.0107170496380036,-0.38913108219007225
SLV,189,straddle,2024-08-19,holdout,0.3327175,0.3249905,1.0237760796084807,-0.16257780888042417
SLV,189,strip,2024-08-19,holdout,0.3327175,0.3249905,1.0237760796084807,0.11437228933156816
SLV,190,straddle,2024-09-23,holdout,0.314333,0.305828,1.027809749270832,0.06404602700081523
SLV,190,strip,2024-09-23,holdout,0.314333,0.305828,1.027809749270832,-0.16365299718487158
SLV,191,straddle,2024-10-21,holdout,0.381091,0.351058,1.0855499661024675,0.04086915393259112
SLV,191,strip,2024-10-21,holdout,0.381091,0.351058,1.0855499661024675,0.25599491997573404
SLV,192,straddle,2024-11-18,holdout,0.2927025,0.28514,1.0265220593392719,0.11165435076453033
SLV,192,strip,2024-11-18,holdout,0.2927025,0.28514,1.0265220593392719,0.2863991954849966
SLV,193,straddle,2024-12-23,holdout,0.245695,0.262148,0.9372377435647039,0.10610472549139849
SLV,193,strip,2024-12-23,holdout,0.245695,0.262148,0.9372377435647039,0.3353462069244211
SLV,194,straddle,2025-01-21,holdout,0.2582425,0.2639945,0.9782116672885229,0.16871273991162558
SLV,194,strip,2025-01-21,holdout,0.2582425,0.2639945,0.9782116672885229,0.5798300572302698
SLV,195,straddle,2025-02-24,holdout,0.2495945,0.2589605,0.9638323219178215,0.06160243794605174
SLV,195,strip,2025-02-24,holdout,0.2495945,0.2589605,0.9638323219178215,0.2161170654819385
SLV,196,straddle,2025-03-24,holdout,0.2417895,0.2496135,0.9686555414671082,-0.5613676992922528
SLV,196,strip,2025-03-24,holdout,0.2417895,0.2496135,0.9686555414671082,-1.744850927833086
SLV,197,straddle,2025-04-21,holdout,0.315577,0.313241,1.007457516736315,0.22510279295694363
SLV,197,strip,2025-04-21,holdout,0.315577,0.313241,1.007457516736315,0.4240653607930648
SLV,198,straddle,2025-05-19,holdout,0.2432805,0.252016,0.9653375182528093,-0.26610524901251237
SLV,198,strip,2025-05-19,holdout,0.2432805,0.252016,0.9653375182528093,-0.021849877242264563
SLV,199,straddle,2025-06-23,holdout,0.25351599999999996,0.2589685,0.9789453157430342,-0.013863549653062003
SLV,199,strip,2025-06-23,holdout,0.25351599999999996,0.2589685,0.9789453157430342,0.3747383996609516
SLV,200,straddle,2025-07-21,holdout,0.269022,0.27661800000000003,0.9725397479556643,0.11509025677639464
SLV,200,strip,2025-07-21,holdout,0.269022,0.27661800000000003,0.9725397479556643,0.3670460840736355
UNG,1,straddle,2007-05-21,estimation,0.43828,0.5045435,0.8686664281672442,0.2912564677133766
UNG,2,straddle,2007-06-18,estimation,0.3901905,0.5530714999999999,0.7054973904820625,-0.20202983325163273
UNG,2,strip,2007-06-18,estimation,0.3901905,0.5530714999999999,0.7054973904820625,-0.4990397638141278
UNG,3,straddle,2007-07-23,estimation,0.6076265,0.670992,0.9055644478622695,0.12263835661754063
UNG,4,straddle,2007-08-20,estimation,0.659355,0.6548615,1.0068617562644926,0.19953518095438147
UNG,5,straddle,2007-09-24,estimation,0.484731,0.5067235,0.9565986183786622,-0.05851376702255239
UNG,5,strip,2007-09-24,estimation,0.484731,0.5067235,0.9565986183786622,0.09728378472048609
UNG,6,straddle,2007-10-22,estimation,0.381267,0.4394485,0.8676033710434784,0.0818505287985232
UNG,7,straddle,2007-11-19,estimation,0.46191899999999997,0.52312,0.8830077228934087,0.07309715720818888
UNG,7,strip,2007-11-19,estimation,0.46191899999999997,0.52312,0.8830077228934087,0.30497128025545905
UNG,8,straddle,2007-12-24,estimation,0.33182199999999995,0.41424300000000003,0.8010322443589872,-0.1874782974606009
UNG,9,straddle,2008-01-22,estimation,0.3556625,0.36272499999999996,0.9805293266248536,-0.0778424330065287
UNG,10,straddle,2008-02-19,estimation,0.374853,0.383674,0.9770091275405682,-0.14842625753372138
UNG,11,straddle,2008-03-24,estimation,0.44284100000000004,0.43748149999999997,1.012250803748273,0.049419863468473164
UNG,11,strip,2008-03-24,estimation,0.44284100000000004,0.43748149999999997,1.012250803748273,0.17150731350806447
UNG,12,straddle,2008-04-21,estimation,0.40733949999999997,0.431623,0.9437390963873565,0.1067099859141737
UNG,12,strip,2008-04-21,estimation,0.40733949999999997,0.431623,0.9437390963873565,0.11551440059332427
UNG,13,straddle,2008-05-19,estimation,0.4196635,0.4579175,0.9164609345569891,-0.012383143074317345
UNG,13,strip,2008-05-19,estimation,0.4196635,0.4579175,0.9164609345569891,0.15781508197763436
UNG,14,straddle,2008-06-23,estimation,0.3765855,0.4796135,0.7851853627973358,-0.4094211355655947
UNG,14,strip,2008-06-23,estimation,0.3765855,0.4796135,0.7851853627973358,-1.0135487075026983
UNG,15,straddle,2008-07-21,estimation,0.5652405,0.526977,1.072609430772121,-0.13975488495295918
UNG,16,straddle,2008-08-18,estimation,0.5713820000000001,0.542115,1.0539867002388792,-0.0731074970444678
UNG,17,straddle,2008-09-22,estimation,0.5708225,0.5398514999999999,1.0573694803107894,-0.15965898193029718
UNG,17,strip,2008-09-22,estimation,0.5708225,0.5398514999999999,1.0573694803107894,-0.05029365557444537
UNG,18,straddle,2008-10-20,estimation,0.581881,0.5981270000000001,0.9728385443225267,-0.3284553425168887
UNG,19,straddle,2008-11-24,estimation,0.6245815,0.6476085,0.964443023833072,-0.13359953789824858
UNG,19,strip,2008-11-24,estimation,0.6245815,0.6476085,0.964443023833072,0.06545821233417211
UNG,20,straddle,2008-12-22,estimation,0.6195505,0.605677,1.0229057732091527,-0.156165830181164
UNG,21,straddle,2009-01-20,estimation,0.6052635,0.5838165,1.036735857927962,0.09981282541591552
UNG,22,straddle,2009-02-23,estimation,0.6447080000000001,0.599931,1.07463691657874,0.010532085148971488
UNG,23,straddle,2009-03-23,estimation,0.5719255,0.57875,0.9882082073434125,-0.16878039852915394
UNG,24,straddle,2009-04-20,estimation,0.5689235,0.564078,1.008590124060857,-0.28372541486366837
UNG,25,straddle,2009-05-18,estimation,0.5664715,0.586032,0.9666221298495645,-0.31571284836280583
UNG,26,straddle,2009-06-22,estimation,0.6759835000000001,0.7141204999999999,0.9465958476195546,0.181495797945839
UNG,27,straddle,2009-07-20,estimation,0.6026825,0.6429705,0.9373408266786735,0.05949207863793658
UNG,28,straddle,2009-08-24,estimation,0.6336085,0.6493245,0.9757963853204369,-0.0029712812599126046
UNG,29,straddle,2009-09-21,estimation,0.6224609999999999,0.5814215,1.0705847650972657,0.24736251819518218
UNG,30,straddle,2009-10-19,estimation,0.399086,0.4187595,0.9530195732872926,-0.21595339584233442
UNG,31,straddle,2009-11-23,estimation,0.43864899999999996,0.4953005,0.8856219608096498,-0.6904651446449115
UNG,32,straddle,2009-12-21,estimation,0.5127065,0.5021059999999999,1.021112075936157,0.09579378597826416
UNG,33,straddle,2010-01-19,estimation,0.453422,0.469859,0.9650171647238852,0.2836610214549462
UNG,34,straddle,2010-02-22,estimation,0.421098,0.438606,0.9600826254086811,0.05839843125472533
UNG,36,straddle,2010-04-19,estimation,0.442002,0.45552349999999997,0.9703165698366825,0.27811275889404713
UNG,37,straddle,2010-05-24,estimation,0.4404885,0.506525,0.8696283500320814,-0.1407346578829417
UNG,38,straddle,2010-06-21,estimation,0.488338,0.5145074999999999,0.9491367958678932,0.11597485939764669
UNG,40,straddle,2010-08-23,estimation,0.4640215,0.45408099999999996,1.0218914687027205,0.28025426906295325
UNG,43,straddle,2010-11-22,estimation,0.492652,0.4452765,1.1063956889707856,0.19178686810850457
UNG,44,straddle,2010-12-20,estimation,0.415293,0.421962,0.9841952592887512,0.155270535710886
UNG,45,straddle,2011-01-24,estimation,0.38400049999999997,0.37750649999999997,1.0172023528071703,-0.019490828647270586
UNG,47,straddle,2011-03-21,estimation,0.368775,0.3764465,0.9796212742049667,0.4176521916384265
UNG,48,straddle,2011-04-18,estimation,0.340287,0.3515485,0.9679660132243489,-0.12493992304801055
UNG,49,straddle,2011-05-23,estimation,0.352036,0.37495049999999996,0.938886599697827,0.25818972597605405
UNG,50,straddle,2011-06-20,estimation,0.3424025,0.37030450000000004,0.9246511992157804,0.12487965066484889
UNG,51,straddle,2011-07-18,estimation,0.35116,0.356265,0.9856707787742272,0.1823081090451459
UNG,52,straddle,2011-08-22,estimation,0.3542705,0.3481025,1.0177189189965599,-0.07134179404534012
UNG,53,straddle,2011-09-19,estimation,0.3300565,0.34656299999999995,0.9523708532070648,0.0063048674991571275
UNG,54,straddle,2011-10-24,estimation,0.358765,0.3492675,1.0271926245642666,-0.02206478774556653
UNG,55,straddle,2011-11-21,estimation,0.38909,0.377692,1.0301780286582718,0.06000395903797536
UNG,56,straddle,2011-12-19,estimation,0.4253765,0.4012755,1.0600609805482766,-0.001751053196512954
UNG,59,straddle,2012-03-19,estimation,0.43398000000000003,0.441225,0.9835798062213158,-0.008317568986758998
UNG,60,straddle,2012-04-23,estimation,0.4672925,0.4961655,0.9418077234309923,-0.2489738640701827
UNG,61,straddle,2012-05-21,estimation,0.554852,0.5458719999999999,1.0164507430313336,0.03063070459500019
UNG,62,straddle,2012-06-18,estimation,0.5569569999999999,0.5488095,1.014845770709144,0.1476109835790646
UNG,62,strip,2012-06-18,estimation,0.5569569999999999,0.5488095,1.014845770709144,0.35398722569816315
UNG,63,straddle,2012-07-23,estimation,0.5113464999999999,0.5096355,1.0033573014438748,-0.017019150757870583
UNG,63,strip,2012-07-23,estimation,0.5113464999999999,0.5096355,1.0033573014438748,0.13478879079220266
UNG,64,straddle,2012-08-20,estimation,0.4862255,0.46890350000000003,1.036941502889187,0.20986495107559697
UNG,65,straddle,2012-09-24,estimation,0.427535,0.41992450000000003,1.0181234960094017,0.041490421684336164
UNG,66,straddle,2012-10-22,estimation,0.359381,0.37214250000000004,0.9657080285105839,0.047109130065959584
UNG,67,straddle,2012-11-19,estimation,0.3626875,0.366116,0.9906354816506244,-0.07703455841788652
UNG,68,straddle,2012-12-24,estimation,0.3983675,0.384981,1.0347718458833033,0.13682880751495347
UNG,69,straddle,2013-01-22,estimation,0.3411645,0.3329085,1.024799607099248,-0.12773578004370453
UNG,70,straddle,2013-02-19,estimation,0.3307905,0.3230515,1.0239559327228012,0.02884123846971709
UNG,71,straddle,2013-03-18,estimation,0.32308400000000004,0.306284,1.0548510532708206,0.010752038140385932
UNG,72,straddle,2013-04-22,estimation,0.3154,0.3126285,1.0088651546484086,-0.23220221091536694
UNG,73,straddle,2013-05-20,estimation,0.3205265,0.3363585,0.9529311731381843,0.0871261585246287
UNG,74,straddle,2013-06-24,estimation,0.30142199999999997,0.31869749999999997,0.9457934247993787,0.15538164171359267
UNG,75,straddle,2013-07-22,estimation,0.31453600000000004,0.324171,0.9702780322730906,-0.027174882303216307
UNG,76,straddle,2013-08-19,estimation,0.3201845,0.34892449999999997,0.9176326110662909,0.24809055898377416
UNG,77,straddle,2013-09-23,estimation,0.291791,0.322843,0.903817025613069,0.2738763154684694
UNG,78,straddle,2013-10-21,estimation,0.3234405,0.322192,1.0038750186224363,0.06797708229203307
UNG,79,straddle,2013-11-18,estimation,0.304632,0.314565,0.9684230604167661,-0.01979637428098308
UNG,80,straddle,2013-12-23,estimation,0.424241,0.379398,1.1181951407229347,0.22666163551655333
UNG,81,straddle,2014-01-21,estimation,0.4038235,0.3531835,1.1433815566129222,-0.975752915155857
UNG,82,straddle,2014-02-24,estimation,0.46202600000000005,0.389475,1.186278965273766,0.34624182102147294
UNG,82,strip,2014-02-24,estimation,0.46202600000000005,0.389475,1.186278965273766,0.5861859077051877
UNG,83,straddle,2014-03-24,estimation,0.2967255,0.294188,1.0086254367955183,-0.011706412755437089
UNG,84,straddle,2014-04-21,estimation,0.289697,0.2959105,0.9790020969178179,-0.001153080343180375
UNG,85,straddle,2014-05-19,estimation,0.28828,0.29859800000000003,0.9654451804767612,0.050306637517160836
UNG,86,straddle,2014-06-23,estimation,0.2739245,0.2851225,0.9607256530087945,-0.08491641204733849
UNG,87,straddle,2014-07-21,estimation,0.281546,0.2893565,0.9730073456100001,-0.20685727438622112
UNG,87,strip,2014-07-21,estimation,0.281546,0.2893565,0.9730073456100001,0.048711306312225346
UNG,88,straddle,2014-08-18,estimation,0.29862900000000003,0.319215,0.9355105493162915,0.18601772060689645
UNG,88,strip,2014-08-18,estimation,0.29862900000000003,0.319215,0.9355105493162915,0.13113827883499735
UNG,89,straddle,2014-09-22,estimation,0.3283145,0.3572845,0.918916157851796,0.22346031248905854
UNG,90,straddle,2014-10-20,estimation,0.3515725,0.40804450000000003,0.8616033300289552,-0.16653797958260275
UNG,90,strip,2014-10-20,estimation,0.3515725,0.40804450000000003,0.8616033300289552,-0.2692088667265157
UNG,91,straddle,2014-11-24,estimation,0.6086,0.5254380000000001,1.1582717656507522,0.052401195334335744
UNG,92,straddle,2014-12-22,estimation,0.570301,0.536584,1.0628363872198947,-0.2403310379435701
UNG,92,strip,2014-12-22,estimation,0.570301,0.536584,1.0628363872198947,-0.2741506542678645
UNG,93,straddle,2015-01-20,estimation,0.6342805,0.5559585,1.140877421606109,0.25109852354359163
UNG,93,strip,2015-01-20,estimation,0.6342805,0.5559585,1.140877421606109,0.48958916498780575
UNG,94,straddle,2015-02-23,estimation,0.475376,0.431241,1.1023441648637307,0.0836900525391829
UNG,95,straddle,2015-03-23,estimation,0.4201845,0.411337,1.0215091275523476,0.17064338245525917
UNG,96,straddle,2015-04-20,estimation,0.39073,0.39222250000000003,0.9961947619017267,-0.10812862673119926
UNG,97,straddle,2015-05-18,estimation,0.4094105,0.40279750000000003,1.0164176788584833,0.012666780839811344
UNG,98,straddle,2015-06-22,estimation,0.42645350000000004,0.4231905,1.0077104755423385,0.348317320586879
UNG,99,straddle,2015-07-20,estimation,0.36671750000000003,0.379907,0.9652822927716521,0.16507485476139447
UNG,100,straddle,2015-08-24,estimation,0.3608635,0.4162255,0.866990369403124,0.2888006347766778
UNG,101,straddle,2015-09-21,estimation,0.3282355,0.409227,0.8020866169632014,-0.024356254772033896
UNG,102,straddle,2015-10-19,estimation,0.38289799999999996,0.46799500000000005,0.8181668607570592,-0.18696299855559442
UNG,103,straddle,2015-11-23,estimation,0.484715,0.434519,1.115520840285465,0.06194965761949922
UNG,104,straddle,2015-12-21,estimation,0.5813975,0.5040565,1.1534371642861465,0.12117376879667825
UNG,105,straddle,2016-01-19,estimation,0.5068360000000001,0.430489,1.1773494793130603,0.00021788070468239267
UNG,106,straddle,2016-02-22,estimation,0.489283,0.4834275,1.0121124677433535,0.25141718645299826
UNG,107,straddle,2016-03-21,estimation,0.48962,0.450751,1.0862316445221418,0.02612143891823749
UNG,108,straddle,2016-04-18,estimation,0.4315725,0.4185295,1.0311638725585652,0.06564485098728548
UNG,109,straddle,2016-05-23,estimation,0.4195875,0.4163615,1.0077480746899028,-0.18477912774901442
UNG,110,straddle,2016-06-20,estimation,0.3902305,0.391988,0.9955164443809503,-0.016786958011157583
UNG,111,straddle,2016-07-18,estimation,0.4111185,0.4004635,1.0266066695216918,-0.129161276770716
UNG,112,straddle,2016-08-22,estimation,0.379706,0.4175935,0.9092718157729945,-0.03293843520799695
UNG,113,straddle,2016-09-19,estimation,0.3876195,0.455756,0.8504978541149212,0.06419048101241848
UNG,114,straddle,2016-10-24,estimation,0.414581,0.46150199999999997,0.898329801387643,-0.29847177170409367
UNG,115,straddle,2016-11-21,estimation,0.5295125,0.5485125,0.9653608623322169,0.1587536339204746
UNG,116,straddle,2016-12-19,estimation,0.487188,0.439565,1.1083412009600402,-0.1759421634689971
UNG,117,straddle,2017-01-23,estimation,0.6269095,0.425943,1.4718154776578087,0.1611180274262262
UNG,118,straddle,2017-02-21,estimation,0.402042,0.382789,1.0502966386181423,0.14181992679160738
UNG,119,straddle,2017-03-20,estimation,0.365089,0.36940700000000004,0.9883109957309958,0.433433520442198
UNG,120,straddle,2017-04-24,estimation,0.3462235,0.3547225,0.9760404259667769,0.2053607902861582
UNG,121,straddle,2017-05-22,estimation,0.3291485,0.341206,0.9646621102794206,-0.10501312558473577
UNG,122,straddle,2017-06-19,estimation,0.346303,0.3560055,0.972746207572636,0.1728806960813794
UNG,123,straddle,2017-07-24,estimation,0.31856399999999996,0.34109900000000004,0.933934136423736,0.2384443811329354
UNG,124,straddle,2017-08-21,estimation,0.2871825,0.38959,0.737140327010447,-0.08312027141318377
UNG,125,straddle,2017-09-18,estimation,0.309493,0.39680249999999995,0.7799673641169097,-0.011727912727086467
UNG,126,straddle,2017-10-23,estimation,0.3478195,0.427855,0.8129377943462155,0.22684881337946533
UNG,127,straddle,2017-11-20,estimation,0.393772,0.40223600000000004,0.97895762686582,-0.22976564692258206
UNG,129,straddle,2018-01-22,estimation,0.429985,0.327948,1.3111377413492382,-0.09704530731261644
UNG,130,straddle,2018-02-20,estimation,0.29338549999999997,0.266376,1.101396146800012,0.3683857768546072
UNG,130,strip,2018-02-20,estimation,0.29338549999999997,0.266376,1.101396146800012,0.5820784271381616
UNG,131,straddle,2018-03-19,estimation,0.2472385,0.24687550000000003,1.001470376768857,0.1295553900405209
UNG,132,straddle,2018-04-23,estimation,0.22257,0.22241149999999998,1.0007126430063193,0.13442921969025728
UNG,133,straddle,2018-05-21,estimation,0.2058925,0.216563,0.9507279636872411,-0.060973153025065834
UNG,134,straddle,2018-06-18,estimation,0.2248245,0.23330800000000002,0.963638195004029,0.05347872517996757
UNG,135,straddle,2018-07-23,estimation,0.206482,0.22491699999999998,0.918036431216849,0.006970775016248201
UNG,136,straddle,2018-08-20,estimation,0.2183615,0.2600825,0.8395855161343035,-0.3308699483881131
UNG,137,straddle,2018-09-24,estimation,0.276385,0.3360155,0.8225364603716196,-0.37721907221812334
UNG,138,straddle,2018-10-22,estimation,0.425483,0.469276,0.9066796512073918,-0.22652617260102734
UNG,138,strip,2018-10-22,estimation,0.425483,0.469276,0.9066796512073918,-1.6582354771891574
UNG,139,straddle,2018-11-19,estimation,1.152425,0.971137,1.1866760302614359,0.3096166132625312
UNG,140,straddle,2018-12-24,estimation,0.741834,0.570677,1.2999192187524642,0.0684758139137718
UNG,140,strip,2018-12-24,estimation,0.741834,0.570677,1.2999192187524642,-0.19432723550260303
UNG,141,straddle,2019-01-22,estimation,0.5414295,0.416214,1.3008440369617553,0.24065264918372442
UNG,141,strip,2019-01-22,estimation,0.5414295,0.416214,1.3008440369617553,0.39727320903097285
UNG,142,straddle,2019-02-19,estimation,0.266445,0.260985,1.020920742571412,0.16835446255444336
UNG,143,straddle,2019-03-18,estimation,0.21384150000000002,0.212605,1.0058159497659982,-0.030961666386349476
UNG,144,straddle,2019-04-22,estimation,0.2360265,0.2358545,1.000729263168606,0.03597364513986443
UNG,145,straddle,2019-05-20,estimation,0.2358585,0.247115,0.9544483337717257,-0.5042526771191367
UNG,146,straddle,2019-06-24,estimation,0.355814,0.356072,0.9992754274416411,0.19781239318734387
UNG,146,strip,2019-06-24,estimation,0.355814,0.356072,0.9992754274416411,0.09135064734622406
UNG,147,straddle,2019-07-22,estimation,0.352654,0.35979300000000003,0.9801580353147504,-0.05201365897257856
UNG,148,straddle,2019-08-19,estimation,0.377405,0.42907700000000004,0.8795740624643128,-0.030093847977180437
UNG,148,strip,2019-08-19,estimation,0.377405,0.42907700000000004,0.8795740624643128,0.16318066709740572
UNG,149,straddle,2019-09-23,estimation,0.4288195,0.511806,0.8378555546437518,0.09640777980195893
UNG,149,strip,2019-09-23,estimation,0.4288195,0.511806,0.8378555546437518,0.3545024178747619
UNG,150,straddle,2019-10-21,estimation,0.495781,0.5692729999999999,0.8709020101076287,0.2531725183574803
UNG,151,straddle,2019-11-18,estimation,0.5177309999999999,0.5001,1.0352549490101979,0.03144719872405361
UNG,151,strip,2019-11-18,estimation,0.5177309999999999,0.5001,1.0352549490101979,0.14596431517065123
UNG,152,straddle,2019-12-23,estimation,0.482344,0.4316575,1.117422956858157,0.4486421688261873
UNG,152,strip,2019-12-23,estimation,0.482344,0.4316575,1.117422956858157,0.6277829496239152
UNG,153,straddle,2020-01-21,estimation,0.406066,0.363943,1.1157406516954578,0.2265816991056816
UNG,154,straddle,2020-02-24,estimation,0.3579,0.3229325,1.1082811423439882,-0.916705252943627
UNG,155,straddle,2020-03-23,estimation,0.758234,0.575671,1.3171307917195758,0.08970833753882165
UNG,156,straddle,2020-04-20,estimation,0.71749,0.6024005,1.1910514682507733,0.024809571122097515
UNG,156,strip,2020-04-20,estimation,0.71749,0.6024005,1.1910514682507733,0.16515002448515453
UNG,157,straddle,2020-05-18,estimation,0.635842,0.614143,1.0353321620534632,0.30753464635487104
UNG,157,strip,2020-05-18,estimation,0.635842,0.614143,1.0353321620534632,0.8918054105356917
UNG,158,straddle,2020-06-22,estimation,0.5867815000000001,0.5803315,1.0111143372365623,0.1275537122719213
UNG,158,strip,2020-06-22,estimation,0.5867815000000001,0.5803315,1.0111143372365623,-0.060160691281381073
UNG,159,straddle,2020-07-20,estimation,0.5837175,0.5944944999999999,0.9818719937694967,-0.41421927830710076
UNG,159,strip,2020-07-20,estimation,0.5837175,0.5944944999999999,0.9818719937694967,-0.6530604742191922
UNG,160,straddle,2020-08-24,estimation,0.5200195,0.557017,0.9335792264868038,-0.1881048770579281
UNG,160,strip,2020-08-24,estimation,0.5200195,0.557017,0.9335792264868038,-0.03901907745296522
UNG,161,straddle,2020-09-21,estimation,0.6394759999999999,0.7150099999999999,0.8943595194472804,-0.22836765607042314
UNG,161,strip,2020-09-21,estimation,0.6394759999999999,0.7150099999999999,0.8943595194472804,-0.28251262900773105
UNG,162,straddle,2020-10-19,estimation,0.6379155,0.678661,0.9399619250258966,0.18146103077835624
UNG,162,strip,2020-10-19,estimation,0.6379155,0.678661,0.9399619250258966,0.29881337482638265
UNG,163,straddle,2020-11-23,estimation,0.6223145,0.6370665,0.9768438616690722,0.19194649225075539
UNG,164,straddle,2020-12-21,estimation,0.5552524999999999,0.561769,0.9884000363138585,0.06955038343521341
UNG,165,straddle,2021-01-19,estimation,0.5274905000000001,0.506157,1.0421479896553838,-0.21400073197092465
UNG,166,straddle,2021-02-22,estimation,0.36808300000000005,0.3525795,1.0439716432747794,0.029279659927230632
UNG,167,straddle,2021-03-22,estimation,0.4091535,0.32269950000000003,1.2679086890435218,0.10914592414075257
UNG,168,straddle,2021-04-19,estimation,0.31132899999999997,0.29057900000000003,1.0714091520722417,0.1853689013786758
UNG,169,straddle,2021-05-24,estimation,0.33106800000000003,0.313172,1.0571443168610222,0.0798315811288896
UNG,170,straddle,2021-06-21,estimation,0.319664,0.3293625,0.9705537212038408,-0.13200793736880054
UNG,171,straddle,2021-07-19,estimation,0.4102125,0.4232825,0.9691222764938309,0.13360367687363287
UNG,172,straddle,2021-08-23,estimation,0.43649550000000004,0.5405955,0.8074345790891712,-0.28696192259334724
UNG,173,straddle,2021-09-20,estimation,0.73715,0.9118075,0.8084491518220677,-0.11556037056028169
UNG,173,strip,2021-09-20,estimation,0.73715,0.9118075,0.8084491518220677,-0.36414667131276096
UNG,174,straddle,2021-10-18,estimation,0.974783,1.1281305000000001,0.8640693607698753,0.24422739966460835
UNG,174,strip,2021-10-18,estimation,0.974783,1.1281305000000001,0.8640693607698753,0.39162708709327726
UNG,175,straddle,2021-11-22,estimation,0.97787,0.9669955,1.0112456572962336,0.028298241389701634
UNG,176,straddle,2021-12-20,estimation,0.6734100000000001,0.5538700000000001,1.2158268185675338,0.09179179949081284
UNG,176,strip,2021-12-20,estimation,0.6734100000000001,0.5538700000000001,1.2158268185675338,-0.3418326465520634
UNG,177,straddle,2022-01-24,holdout,0.512889,0.46272,1.108421939834025,-0.4551652311385754
UNG,177,strip,2022-01-24,holdout,0.512889,0.46272,1.108421939834025,-0.927384909604979
UNG,178,straddle,2022-02-22,holdout,0.5826145,0.494232,1.178827959338934,0.0797508463776915
UNG,178,strip,2022-02-22,holdout,0.5826145,0.494232,1.178827959338934,0.36974619742530596
UNG,179,straddle,2022-03-21,holdout,0.5248145,0.538959,0.9737558886668559,-0.11272380399896777
UNG,179,strip,2022-03-21,holdout,0.5248145,0.538959,0.9737558886668559,0.1803315806177539
UNG,180,straddle,2022-04-18,holdout,0.8713215000000001,0.8747815,0.9960447265974419,0.12731551715963302
UNG,181,straddle,2022-05-23,holdout,0.9564360000000001,0.9555290000000001,1.0009492124257873,-0.1522370189976377
UNG,182,straddle,2022-06-21,holdout,0.6847945,0.6820124999999999,1.004079104121992,-0.36893391332390096
UNG,182,strip,2022-06-21,holdout,0.6847945,0.6820124999999999,1.004079104121992,-0.7400804327251118
UNG,183,straddle,2022-07-18,holdout,0.9303035,0.9252955,1.0054123250356237,0.21465841475293573
UNG,183,strip,2022-07-18,holdout,0.9303035,0.9252955,1.0054123250356237,0.4545022446376242
UNG,184,straddle,2022-08-22,holdout,0.8689420000000001,1.0060054999999999,0.8637547210228972,0.07152330841297232
UNG,185,straddle,2022-09-19,holdout,0.8902995,0.9551405,0.9321136523893606,0.17634261012021302
UNG,185,strip,2022-09-19,holdout,0.8902995,0.9551405,0.9321136523893606,0.43819321784993565
UNG,186,straddle,2022-10-24,holdout,0.9414675,1.004444,0.9373021293372255,0.1696115050509484
UNG,187,straddle,2022-11-21,holdout,1.1601214999999998,1.1015755,1.0531475146279123,0.1950511301452523
UNG,187,strip,2022-11-21,holdout,1.1601214999999998,1.1015755,1.0531475146279123,0.443690808923202
UNG,188,straddle,2022-12-19,holdout,0.9474225000000001,0.8760545,1.0814652513057124,-0.014093352916422029
UNG,188,strip,2022-12-19,holdout,0.9474225000000001,0.8760545,1.0814652513057124,0.19860774591717711
UNG,189,straddle,2023-01-23,holdout,0.8411150000000001,0.750481,1.1207678808657382,-0.1135105619752591
UNG,189,strip,2023-01-23,holdout,0.8411150000000001,0.750481,1.1207678808657382,0.17553975735087063
UNG,190,straddle,2023-02-21,holdout,0.929763,0.8463514999999999,1.098554205906175,0.12069957266560014
UNG,191,straddle,2023-03-20,holdout,0.900539,0.871997,1.0327317639854265,0.31438741995274777
UNG,192,straddle,2023-04-24,holdout,0.6478444999999999,0.629138,1.0297335401771948,-0.0780835853271668
UNG,193,straddle,2023-05-22,holdout,0.6231145,0.658575,0.9461557149906996,0.10985598790585906
UNG,194,straddle,2023-06-20,holdout,0.6634104999999999,0.717144,0.9250729281706322,0.36316625702347094
UNG,195,straddle,2023-07-24,holdout,0.5216855,0.6233310000000001,0.8369317425252394,-0.21388033290063094
UNG,196,straddle,2023-08-21,holdout,0.5955415,0.7471464999999999,0.7970879874295068,0.3491897793150811
UNG,197,straddle,2023-09-18,holdout,0.5108235000000001,0.7223325,0.7071860950462565,0.17682425578788502
UNG,198,straddle,2023-10-23,holdout,0.5082275,0.6798325000000001,0.7475775282882181,-0.2620853982334667
UNG,199,straddle,2023-11-20,holdout,0.6473599999999999,0.695001,0.9314518971915148,0.1321383959409608
UNG,200,straddle,2023-12-18,holdout,0.6745265,0.6590225000000001,1.0235257521556547,0.1524984537347232
UNG,202,straddle,2024-02-20,holdout,0.613556,0.5669145,1.0822725472712376,-0.026008526244062163
UNG,202,strip,2024-02-20,holdout,0.613556,0.5669145,1.0822725472712376,-0.15884631496619925
UNG,203,straddle,2024-03-18,holdout,0.6272035,0.5492425,1.141942766628584,0.22089815401391844
UNG,203,strip,2024-03-18,holdout,0.6272035,0.5492425,1.141942766628584,0.5552908917866283
UNG,204,straddle,2024-04-22,holdout,0.5279325,0.5062125,1.0429068819912588,-0.36439447450950785
UNG,204,strip,2024-04-22,holdout,0.5279325,0.5062125,1.0429068819912588,-0.23073984156876798
UNG,205,straddle,2024-05-20,holdout,0.5232085,0.5357945,0.976509650621647,-0.2510067585730741
UNG,205,strip,2024-05-20,holdout,0.5232085,0.5357945,0.976509650621647,-0.2982480587604555
UNG,206,straddle,2024-06-24,holdout,0.559828,0.6165345,0.908023800776761,-0.05089067435322281
UNG,206,strip,2024-06-24,holdout,0.559828,0.6165345,0.908023800776761,-0.004517577329241614
UNG,207,straddle,2024-07-22,holdout,0.595127,0.6392575,0.9309660035275299,0.28638961032449656
UNG,207,strip,2024-07-22,holdout,0.595127,0.6392575,0.9309660035275299,0.522690752853938
UNG,208,straddle,2024-08-19,holdout,0.56037,0.6265875000000001,0.894320426117661,0.07150332360149908
UNG,208,strip,2024-08-19,holdout,0.56037,0.6265875000000001,0.894320426117661,0.2293150481323162
UNG,209,straddle,2024-09-23,holdout,0.549131,0.6550325,0.8383263425860549,0.058044900673891335
UNG,209,strip,2024-09-23,holdout,0.549131,0.6550325,0.8383263425860549,0.292953246441491
UNG,210,straddle,2024-10-21,holdout,0.625725,0.7027355,0.8904132493662267,-0.11567495382830004
UNG,210,strip,2024-10-21,holdout,0.625725,0.7027355,0.8904132493662267,-0.06096537994737846
UNG,211,straddle,2024-11-18,holdout,0.7016555,0.6879725000000001,1.0198888763722385,0.08514206911159374
UNG,211,strip,2024-11-18,holdout,0.7016555,0.6879725000000001,1.0198888763722385,0.20719792851707827
UNG,212,straddle,2024-12-23,holdout,0.6645295,0.6597955,1.0071749504202439,-0.5128894244277227
UNG,212,strip,2024-12-23,holdout,0.6645295,0.6597955,1.0071749504202439,-0.5150707952622772
UNG,213,straddle,2025-01-21,holdout,0.5883155,0.554466,1.0610488289633628,-0.1522498377318982
UNG,213,strip,2025-01-21,holdout,0.5883155,0.554466,1.0610488289633628,-0.07032786600722851
UNG,214,straddle,2025-02-24,holdout,0.6764,0.5453715,1.2402554955658665,-0.10378952382960395
UNG,214,strip,2025-02-24,holdout,0.6764,0.5453715,1.2402554955658665,0.02038249974633602
UNG,215,straddle,2025-03-24,holdout,0.578632,0.5854090000000001,0.9884234782861213,-0.3022599287109934
UNG,215,strip,2025-03-24,holdout,0.578632,0.5854090000000001,0.9884234782861213,-0.15024958718399725
UNG,216,straddle,2025-04-21,holdout,0.597851,0.6316269999999999,0.9465254018590087,0.13165385035913882
UNG,217,straddle,2025-05-19,holdout,0.5898235000000001,0.6278714999999999,0.9394016132281846,0.14096059075504327
UNG,218,straddle,2025-06-23,holdout,0.5813349999999999,0.596619,0.9743823109890901,0.014401975214627395
UNG,218,strip,2025-06-23,holdout,0.5813349999999999,0.596619,0.9743823109890901,0.3818744975888253
UNG,219,straddle,2025-07-21,holdout,0.561694,0.586598,0.9575450308388369,0.11749179586734705
USO,1,straddle,2007-05-21,estimation,0.2390605,0.263942,0.9057311833660425,-0.018649675270235488
USO,2,straddle,2007-06-18,estimation,0.26260649999999996,0.267351,0.9822536665282716,0.23985706093808867
USO,2,strip,2007-06-18,estimation,0.26260649999999996,0.267351,0.9822536665282716,0.5989446351057544
USO,3,straddle,2007-07-23,estimation,0.26160300000000003,0.2662,0.9827310293012774,-0.4038573597996998
USO,3,strip,2007-07-23,estimation,0.26160300000000003,0.2662,0.9827310293012774,-0.44766411004040363
USO,4,straddle,2007-08-20,estimation,0.3284945,0.320521,1.024876685146995,0.1452035822764877
USO,4,strip,2007-08-20,estimation,0.3284945,0.320521,1.024876685146995,0.41462804302899314
USO,5,straddle,2007-09-24,estimation,0.284887,0.27777949999999996,1.0255868413615836,-0.07430759449836011
USO,6,straddle,2007-10-22,estimation,0.316222,0.2932835,1.0782127190926187,-0.3719082022587214
USO,7,straddle,2007-11-19,estimation,0.3098315,0.3206675,0.9662079880249791,0.04661458031028277
USO,7,strip,2007-11-19,estimation,0.3098315,0.3206675,0.9662079880249791,-0.16500493576951308
USO,8,straddle,2007-12-24,estimation,0.2802035,0.302041,0.9277002128850056,0.03753897888523653
USO,8,strip,2007-12-24,estimation,0.2802035,0.302041,0.9277002128850056,0.13942228177321125
USO,9,straddle,2008-01-22,estimation,0.366811,0.3204,1.1448533083645442,0.035660919508275504
USO,10,straddle,2008-02-19,estimation,0.344213,0.333894,1.0309050177601273,0.02462961482566574
USO,11,straddle,2008-03-24,estimation,0.399721,0.34817149999999997,1.1480577818689928,-0.00021721252077685908
USO,11,strip,2008-03-24,estimation,0.399721,0.34817149999999997,1.1480577818689928,0.28325836383673564
USO,12,straddle,2008-04-21,estimation,0.38573349999999995,0.359962,1.0715950572560435,0.07405627363795703
USO,12,strip,2008-04-21,estimation,0.38573349999999995,0.359962,1.0715950572560435,0.2464382754468501
USO,13,straddle,2008-05-19,estimation,0.383896,0.3849215,0.9973358204205273,-0.3290465986163501
USO,13,strip,2008-05-19,estimation,0.383896,0.3849215,0.9973358204205273,-0.4385511431802268
USO,14,straddle,2008-06-23,estimation,0.4459775,0.4678615,0.9532254737780306,-0.09504348091684867
USO,14,strip,2008-06-23,estimation,0.4459775,0.4678615,0.9532254737780306,0.207208914130338
USO,15,straddle,2008-07-21,estimation,0.493399,0.4980635,0.9906347283027164,0.049157688045609604
USO,15,strip,2008-07-21,estimation,0.493399,0.4980635,0.9906347283027164,0.42866543031483956
USO,16,straddle,2008-08-18,estimation,0.459154,0.459034,1.00026141854416,0.04157213830767043
USO,16,strip,2008-08-18,estimation,0.459154,0.459034,1.00026141854416,-0.04042544079981979
USO,17,straddle,2008-09-22,estimation,0.562527,0.4759795,1.1818303099188094,-0.3573258222382733
USO,17,strip,2008-09-22,estimation,0.562527,0.4759795,1.1818303099188094,-0.607850805800967
USO,18,straddle,2008-10-20,estimation,0.6509085,0.608107,1.070384817145667,-0.4103817973096917
USO,18,strip,2008-10-20,estimation,0.6509085,0.608107,1.070384817145667,-0.4904496844267912
USO,19,straddle,2008-11-24,estimation,0.7633405,0.6311245000000001,1.2094927387543977,-0.16064529138670028
USO,19,strip,2008-11-24,estimation,0.7633405,0.6311245000000001,1.2094927387543977,0.0466165640144728
USO,20,straddle,2008-12-22,estimation,0.864943,0.7534445,1.147985020794498,0.24741811339128905
USO,20,strip,2008-12-22,estimation,0.864943,0.7534445,1.147985020794498,0.23049784394074252
USO,21,straddle,2009-01-20,estimation,0.792397,0.722688,1.0964579458908963,0.18942373556283143
USO,21,strip,2009-01-20,estimation,0.792397,0.722688,1.0964579458908963,0.37553018917709574
USO,22,straddle,2009-02-23,estimation,0.769007,0.641776,1.1982482984717409,-0.19478639839788237
USO,22,strip,2009-02-23,estimation,0.769007,0.641776,1.1982482984717409,-0.1664211986914287
USO,23,straddle,2009-03-23,estimation,0.5872200000000001,0.5385675000000001,1.0903368658524697,0.0659751645345669
USO,23,strip,2009-03-23,estimation,0.5872200000000001,0.5385675000000001,1.0903368658524697,0.28202028117758854
USO,24,straddle,2009-04-20,estimation,0.5696129999999999,0.5465409999999999,1.0422145822545792,0.15936884363821638
USO,24,strip,2009-04-20,estimation,0.5696129999999999,0.5465409999999999,1.0422145822545792,0.4296125571395251
USO,25,straddle,2009-05-18,estimation,0.409993,0.4212675,0.9732367201362554,0.009588320377439612
USO,25,strip,2009-05-18,estimation,0.409993,0.4212675,0.9732367201362554,0.1290830307118249
USO,26,straddle,2009-06-22,estimation,0.45270350000000004,0.452997,0.999352092839467,0.0391867047215078
USO,26,strip,2009-06-22,estimation,0.45270350000000004,0.452997,0.999352092839467,0.369511150811511
USO,27,straddle,2009-07-20,estimation,0.42104699999999995,0.427947,0.9838765080722611,-0.1746094365570363
USO,27,strip,2009-07-20,estimation,0.42104699999999995,0.427947,0.9838765080722611,-0.17080314165827784
USO,28,straddle,2009-08-24,estimation,0.4258095,0.43416699999999997,0.9807504946253401,0.18091090522034395
USO,28,strip,2009-08-24,estimation,0.4258095,0.43416699999999997,0.9807504946253401,0.3323077310360345
USO,29,straddle,2009-09-21,estimation,0.418696,0.422122,0.9918838629590498,0.05922837998225764
USO,29,strip,2009-09-21,estimation,0.418696,0.422122,0.9918838629590498,0.020986455672837814
USO,30,straddle,2009-10-19,estimation,0.378222,0.4085975,0.9256591144096574,0.1797921201717276
USO,30,strip,2009-10-19,estimation,0.378222,0.4085975,0.9256591144096574,0.26134896833168586
USO,31,straddle,2009-11-23,estimation,0.3333825,0.38140799999999997,0.8740836584445005,0.06223102491034771
USO,31,strip,2009-11-23,estimation,0.3333825,0.38140799999999997,0.8740836584445005,0.4504691838975342
USO,32,straddle,2009-12-21,estimation,0.344368,0.37751650000000003,0.9121932418847918,0.10726005232773396
USO,32,strip,2009-12-21,estimation,0.344368,0.37751650000000003,0.9121932418847918,0.4585413544808022
USO,33,straddle,2010-01-19,estimation,0.26171049999999996,0.29028149999999997,0.9015748506191403,-0.03495891095262771
USO,33,strip,2010-01-19,estimation,0.26171049999999996,0.29028149999999997,0.9015748506191403,-0.4680115404022357
USO,34,straddle,2010-02-22,estimation,0.302485,0.313234,0.9656838018861298,0.3098417283618583
USO,34,strip,2010-02-22,estimation,0.302485,0.313234,0.9656838018861298,0.38124914597313003
USO,35,straddle,2010-03-22,estimation,0.273305,0.301813,0.9055441614509647,0.20605558132031215
USO,35,strip,2010-03-22,estimation,0.273305,0.301813,0.9055441614509647,0.2842047384877267
USO,36,straddle,2010-04-19,estimation,0.2712855,0.289192,0.9380809289330272,-0.48600593651098856
USO,36,strip,2010-04-19,estimation,0.2712855,0.289192,0.9380809289330272,-0.681405343082808
USO,37,straddle,2010-05-24,estimation,0.4118305,0.3935125,1.0465499825291447,0.013749527433593992
USO,37,strip,2010-05-24,estimation,0.4118305,0.3935125,1.0465499825291447,0.18167442675065107
USO,38,straddle,2010-06-21,estimation,0.312094,0.34168699999999996,0.9133914957256203,0.11789750243608609
USO,38,strip,2010-06-21,estimation,0.312094,0.34168699999999996,0.9133914957256203,0.24204161496449667
USO,39,straddle,2010-07-19,estimation,0.308131,0.3267315,0.9430709925428065,0.19947959467438045
USO,39,strip,2010-07-19,estimation,0.308131,0.3267315,0.9430709925428065,0.32006784173287117
USO,40,straddle,2010-08-23,estimation,0.3028265,0.3482065,0.8696750347853932,0.06203066359305484
USO,41,straddle,2010-09-20,estimation,0.286584,0.3164525,0.9056145867073256,-0.008432204977451823
USO,41,strip,2010-09-20,estimation,0.286584,0.3164525,0.9056145867073256,0.26252686071274445
USO,42,straddle,2010-10-18,estimation,0.290787,0.30002850000000003,0.9691979261970113,-0.11510427759136334
USO,42,strip,2010-10-18,estimation,0.290787,0.30002850000000003,0.9691979261970113,0.030367278016438775
USO,43,straddle,2010-11-22,estimation,0.291456,0.31033299999999997,0.939171792880551,-0.038068365400227074
USO,44,straddle,2010-12-20,estimation,0.24715749999999997,0.287431,0.8598846331815287,0.192334718547466
USO,44,strip,2010-12-20,estimation,0.24715749999999997,0.287431,0.8598846331815287,0.33778548802871505
USO,45,straddle,2011-01-24,estimation,0.2501895,0.274571,0.9112014742999078,-0.049886075647889355
USO,45,strip,2011-01-24,estimation,0.2501895,0.274571,0.9112014742999078,-0.22664980459531156
USO,46,straddle,2011-02-22,estimation,0.355821,0.321577,1.10648771522839,-0.05249546935872994
USO,46,strip,2011-02-22,estimation,0.355821,0.321577,1.10648771522839,0.4057071254405216
USO,47,straddle,2011-03-21,estimation,0.3668225,0.362714,1.0113271062048887,0.2777522676719981
USO,47,strip,2011-03-21,estimation,0.3668225,0.362714,1.0113271062048887,0.493131811980278
USO,48,straddle,2011-04-18,estimation,0.28469350000000004,0.30851300000000004,0.9227925565535327,-0.7594982550283427
USO,48,strip,2011-04-18,estimation,0.28469350000000004,0.30851300000000004,0.9227925565535327,-0.9061582440072808
USO,49,straddle,2011-05-23,estimation,0.3528515,0.341291,1.033872853371463,0.053235647084177516
USO,49,strip,2011-05-23,estimation,0.3528515,0.341291,1.033872853371463,0.3617436135393551
USO,50,straddle,2011-06-20,estimation,0.33087500000000003,0.336393,0.9835965671104929,0.22750757749193284
USO,50,strip,2011-06-20,estimation,0.33087500000000003,0.336393,0.9835965671104929,0.4225853619442909
USO,51,straddle,2011-07-18,estimation,0.29843200000000003,0.31423999999999996,0.9496945010183302,-0.06961846334500825
USO,51,strip,2011-07-18,estimation,0.29843200000000003,0.31423999999999996,0.9496945010183302,-0.877614892526177
USO,52,straddle,2011-08-22,estimation,0.4659155,0.436073,1.068434642823564,0.47270701270769366
USO,52,strip,2011-08-22,estimation,0.4659155,0.436073,1.068434642823564,0.6205992620924489
USO,53,straddle,2011-09-19,estimation,0.4078295,0.4195415,0.9720838105407927,0.12458837645098235
USO,53,strip,2011-09-19,estimation,0.4078295,0.4195415,0.9720838105407927,0.21957355118000324
USO,54,straddle,2011-10-24,estimation,0.40225500000000003,0.403375,0.9972234273318873,0.1996634679540898
USO,54,strip,2011-10-24,estimation,0.40225500000000003,0.403375,0.9972234273318873,0.4229155018859902
USO,55,straddle,2011-11-21,estimation,0.391825,0.40884,0.9583822522258096,0.06144738012682518
USO,55,strip,2011-11-21,estimation,0.391825,0.40884,0.9583822522258096,0.5210920977649973
USO,56,straddle,2011-12-19,estimation,0.3665795,0.39244500000000004,0.9340914013428633,0.19734634400601297
USO,56,strip,2011-12-19,estimation,0.3665795,0.39244500000000004,0.9340914013428633,0.5313291912445485
USO,57,straddle,2012-01-23,estimation,0.2921285,0.319563,0.9141499485234524,0.42803216652052106
USO,57,strip,2012-01-23,estimation,0.2921285,0.319563,0.9141499485234524,0.7489834854409674
USO,58,straddle,2012-02-21,estimation,0.302195,0.313386,0.9642900448647993,0.35221428949832856
USO,58,strip,2012-02-21,estimation,0.302195,0.313386,0.9642900448647993,0.5765353588825646
USO,59,straddle,2012-03-19,estimation,0.2419,0.276801,0.8739130277708533,0.12571896603897975
USO,59,strip,2012-03-19,estimation,0.2419,0.276801,0.8739130277708533,0.4051114437098568
USO,60,straddle,2012-04-23,estimation,0.237346,0.25843150000000004,0.9184097139861045,-0.23076300795783378
USO,60,strip,2012-04-23,estimation,0.237346,0.25843150000000004,0.9184097139861045,0.24072596830833526
USO,61,straddle,2012-05-21,estimation,0.265974,0.301756,0.8814207505401714,-0.08551880243567857
USO,61,strip,2012-05-21,estimation,0.265974,0.301756,0.8814207505401714,0.04070608010478472
USO,62,straddle,2012-06-18,estimation,0.3295035,0.32860500000000004,1.002734285844707,-0.4363556369535902
USO,62,strip,2012-06-18,estimation,0.3295035,0.32860500000000004,1.002734285844707,-0.5377867407711312
USO,63,straddle,2012-07-23,estimation,0.34614049999999996,0.339974,1.0181381517410153,0.18850338264347583
USO,63,strip,2012-07-23,estimation,0.34614049999999996,0.339974,1.0181381517410153,0.5574414713584696
USO,64,straddle,2012-08-20,estimation,0.27964999999999995,0.3131525,0.8930153838784616,0.11530073978043616
USO,64,strip,2012-08-20,estimation,0.27964999999999995,0.3131525,0.8930153838784616,0.46980823802905264
USO,65,straddle,2012-09-24,estimation,0.309162,0.32431,0.9532916037124973,0.09355710678472949
USO,65,strip,2012-09-24,estimation,0.309162,0.32431,0.9532916037124973,0.14311506663555973
USO,66,straddle,2012-10-22,estimation,0.30466,0.3184725,0.9566289083044847,0.02307309994066737
USO,66,strip,2012-10-22,estimation,0.30466,0.3184725,0.9566289083044847,0.3601672619076665
USO,67,straddle,2012-11-19,estimation,0.283474,0.3068205,0.923908278618932,0.5800596860723736
USO,67,strip,2012-11-19,estimation,0.283474,0.3068205,0.923908278618932,0.7256141267281857
USO,68,straddle,2012-12-24,estimation,0.252894,0.277529,0.9112345016196505,0.10586986389375727
USO,68,strip,2012-12-24,estimation,0.252894,0.277529,0.9112345016196505,0.5161485218535533
USO,69,straddle,2013-01-22,estimation,0.1907595,0.2235575,0.8532905404649811,0.3074669046516867
USO,69,strip,2013-01-22,estimation,0.1907595,0.2235575,0.8532905404649811,0.49238312263361556
USO,70,straddle,2013-02-19,estimation,0.191667,0.20662350000000002,0.9276147195260945,-0.09912827463636174
USO,70,strip,2013-02-19,estimation,0.191667,0.20662350000000002,0.9276147195260945,0.6117893402056883
USO,71,straddle,2013-03-18,estimation,0.17835,0.1919015,0.9293830428631356,-0.4749663397069632
USO,71,strip,2013-03-18,estimation,0.17835,0.1919015,0.9293830428631356,-0.5465705939104106
USO,72,straddle,2013-04-22,estimation,0.23527700000000001,0.229728,1.0241546524585599,-0.23017151145989606
USO,72,strip,2013-04-22,estimation,0.23527700000000001,0.229728,1.0241546524585599,-0.20927699304197192
USO,73,straddle,2013-05-20,estimation,0.2090545,0.2147915,0.9732903769469463,-0.2098471433947136
USO,73,strip,2013-05-20,estimation,0.2090545,0.2147915,0.9732903769469463,0.26054745437679433
USO,74,straddle,2013-06-24,estimation,0.22432950000000002,0.2269235,0.9885688348716639,-0.05264069568125691
USO,74,strip,2013-06-24,estimation,0.22432950000000002,0.2269235,0.9885688348716639,0.11970126059028867
USO,75,straddle,2013-07-22,estimation,0.220079,0.2236305,0.9841188925481988,0.3003122430212741
USO,75,strip,2013-07-22,estimation,0.220079,0.2236305,0.9841188925481988,0.3316225515342801
USO,76,straddle,2013-08-19,estimation,0.220628,0.2329925,0.9469317681899632,0.12022287616439468
USO,76,strip,2013-08-19,estimation,0.220628,0.2329925,0.9469317681899632,0.1590330138630493
USO,77,straddle,2013-09-23,estimation,0.210152,0.2186305,0.9612199578741301,0.16648986458459367
USO,77,strip,2013-09-23,estimation,0.210152,0.2186305,0.9612199578741301,0.41241282887013997
USO,78,straddle,2013-10-21,estimation,0.194129,0.1983915,0.97851470451103,0.04732946709446886
USO,78,strip,2013-10-21,estimation,0.194129,0.1983915,0.97851470451103,0.3994423671225845
USO,79,straddle,2013-11-18,estimation,0.1844345,0.1984255,0.9294899093110512,0.06017576605410585
USO,79,strip,2013-11-18,estimation,0.1844345,0.1984255,0.9294899093110512,0.2974935271255233
USO,80,straddle,2013-12-23,estimation,0.14087349999999998,0.1699115,0.8290992663827933,-0.43397889083608165
USO,80,strip,2013-12-23,estimation,0.14087349999999998,0.1699115,0.8290992663827933,-0.18386113148399452
USO,81,straddle,2014-01-21,estimation,0.175677,0.188953,0.9297391414796271,0.003387188605829719
USO,81,strip,2014-01-21,estimation,0.175677,0.188953,0.9297391414796271,0.08875081735644882
USO,82,straddle,2014-02-24,estimation,0.16693049999999998,0.1735155,0.9620494999005852,-0.18751090316172273
USO,82,strip,2014-02-24,estimation,0.16693049999999998,0.1735155,0.9620494999005852,0.011438950632843633
USO,83,straddle,2014-03-24,estimation,0.17447000000000001,0.182613,0.9554084320393401,0.013664571248254037
USO,83,strip,2014-03-24,estimation,0.17447000000000001,0.182613,0.9554084320393401,0.4147925406110192
USO,84,straddle,2014-04-21,estimation,0.165283,0.16928300000000002,0.9763709291541384,0.23107278098597023
USO,84,strip,2014-04-21,estimation,0.165283,0.16928300000000002,0.9763709291541384,0.5144011264945125
USO,85,straddle,2014-05-19,estimation,0.1453545,0.1523315,0.954198573505808,0.059290894627201364
USO,85,strip,2014-05-19,estimation,0.1453545,0.1523315,0.954198573505808,0.450480842012177
USO,86,straddle,2014-06-23,estimation,0.15563100000000002,0.1655595,0.9400306234314553,0.14317409747243925
USO,86,strip,2014-06-23,estimation,0.15563100000000002,0.1655595,0.9400306234314553,0.23813700154347198
USO,87,straddle,2014-07-21,estimation,0.1496,0.14731149999999998,1.0155351075781593,0.008980549926830145
USO,87,strip,2014-07-21,estimation,0.1496,0.14731149999999998,1.0155351075781593,0.32492256120721064
USO,88,straddle,2014-08-18,estimation,0.1664185,0.1765065,0.9428462974451365,-0.14407912049934263
USO,88,strip,2014-08-18,estimation,0.1664185,0.1765065,0.9428462974451365,0.0845296766391189
USO,89,straddle,2014-09-22,estimation,0.1853245,0.183249,1.0113261191056977,-0.37755756872435237
USO,89,strip,2014-09-22,estimation,0.1853245,0.183249,1.0113261191056977,-0.7036162144975516
USO,90,straddle,2014-10-20,estimation,0.270052,0.2516295,1.0732127989762728,0.08779984750735852
USO,90,strip,2014-10-20,estimation,0.270052,0.2516295,1.0732127989762728,0.2823282683024806
USO,91,straddle,2014-11-24,estimation,0.327031,0.312642,1.0460238867458629,-0.379182287865023
USO,91,strip,2014-11-24,estimation,0.327031,0.312642,1.0460238867458629,-0.985319995469748
USO,92,straddle,2014-12-22,estimation,0.5157425,0.477457,1.0801862785549274,0.11450368381248732
USO,92,strip,2014-12-22,estimation,0.5157425,0.477457,1.0801862785549274,0.2513837607369986
USO,93,straddle,2015-01-20,estimation,0.5577515,0.5017395,1.1116356196791362,-0.05041132147872369
USO,93,strip,2015-01-20,estimation,0.5577515,0.5017395,1.1116356196791362,0.05279385543617807
USO,94,straddle,2015-02-23,estimation,0.543802,0.48166,1.1290163185649629,0.289254057347743
USO,94,strip,2015-02-23,estimation,0.543802,0.48166,1.1290163185649629,0.5079648210041605
USO,95,straddle,2015-03-23,estimation,0.469641,0.45462199999999997,1.0330362366977401,-0.18879163576957905
USO,95,strip,2015-03-23,estimation,0.469641,0.45462199999999997,1.0330362366977401,-0.27026820416276665
USO,96,straddle,2015-04-20,estimation,0.379156,0.371025,1.0219149652988344,0.42044568586859377
USO,96,strip,2015-04-20,estimation,0.379156,0.371025,1.0219149652988344,0.5818282975198549
USO,97,straddle,2015-05-18,estimation,0.29211750000000003,0.301914,0.9675520181243666,0.0460313850402036
USO,97,strip,2015-05-18,estimation,0.29211750000000003,0.301914,0.9675520181243666,-0.005810537791621761
USO,98,straddle,2015-06-22,estimation,0.282183,0.3119685,0.9045240144437661,-0.36710087008597125
USO,98,strip,2015-06-22,estimation,0.282183,0.3119685,0.9045240144437661,-0.29139640334917594
USO,99,straddle,2015-07-20,estimation,0.35196150000000004,0.358833,0.9808504234560367,-0.07029754264455862
USO,99,strip,2015-07-20,estimation,0.35196150000000004,0.358833,0.9808504234560367,0.040546845720323604
USO,100,straddle,2015-08-24,estimation,0.463115,0.4439485,1.0431728004487006,-0.2852441213399732
USO,100,strip,2015-08-24,estimation,0.463115,0.4439485,1.0431728004487006,-0.6788102103700798
USO,101,straddle,2015-09-21,estimation,0.45096749999999997,0.427825,1.0540933793022846,0.41268591742014893
USO,101,strip,2015-09-21,estimation,0.45096749999999997,0.427825,1.0540933793022846,0.4307552303441054
USO,102,straddle,2015-10-19,estimation,0.390568,0.380868,1.0254681411932745,-0.008284170511303708
USO,102,strip,2015-10-19,estimation,0.390568,0.380868,1.0254681411932745,0.16011618818104734
USO,103,straddle,2015-11-23,estimation,0.42230449999999997,0.4062025,1.0396403271767158,-0.03569474203571922
USO,103,strip,2015-11-23,estimation,0.42230449999999997,0.4062025,1.0396403271767158,0.3057838018204522
USO,104,straddle,2015-12-21,estimation,0.44844700000000004,0.44896400000000003,0.9988484600101567,-0.12405601634739427
USO,105,straddle,2016-01-19,estimation,0.6045055,0.5530379999999999,1.0930632253118233,0.006061776299365043
USO,106,straddle,2016-02-22,estimation,0.5940415,0.554404,1.0714956962792477,0.10999729703909616
USO,107,straddle,2016-03-21,estimation,0.417589,0.41445750000000003,1.0075556601099025,0.09965391517835354
USO,107,strip,2016-03-21,estimation,0.417589,0.41445750000000003,1.0075556601099025,0.09626078692337176
USO,108,straddle,2016-04-18,estimation,0.440512,0.43357,1.0160112553912863,0.06612362271447629
USO,108,strip,2016-04-18,estimation,0.440512,0.43357,1.0160112553912863,0.2616176351250694
USO,109,straddle,2016-05-23,estimation,0.3843765,0.396857,0.9685516445470282,0.08285078427192843
USO,110,straddle,2016-06-20,estimation,0.3742625,0.3733115,1.0025474704100998,-0.3056989952397926
USO,111,straddle,2016-07-18,estimation,0.3639225,0.3636865,1.0006489105314604,0.12837241376209063
USO,112,straddle,2016-08-22,estimation,0.346406,0.36331,0.9534722413365995,-0.1618525224812125
USO,113,straddle,2016-09-19,estimation,0.384436,0.395366,0.9723547295417411,-0.08907217373261199
USO,114,straddle,2016-10-24,estimation,0.3098995,0.32654249999999996,0.9490326680294296,-0.1426806293172298
USO,115,straddle,2016-11-21,estimation,0.4639035,0.3981755,1.1650729389427525,0.1874235300012046
USO,116,straddle,2016-12-19,estimation,0.284516,0.29967699999999997,0.9494088635430814,0.18732758969656363
USO,117,straddle,2017-01-23,estimation,0.2836085,0.29462849999999996,0.9625969653309168,0.5308992089942841
USO,118,straddle,2017-02-21,estimation,0.2558145,0.2713435,0.9427699576367224,-0.2879026125869
USO,119,straddle,2017-03-20,estimation,0.271887,0.30405550000000003,0.8942018809066107,0.09049620866340025
USO,120,straddle,2017-04-24,estimation,0.2962125,0.3009665,0.9842042220645818,0.24388693606520281
USO,121,straddle,2017-05-22,estimation,0.30219450000000003,0.2857645,1.0574948952721561,-0.2691783268746919
USO,122,straddle,2017-06-19,estimation,0.27941,0.288902,0.9671445680542191,0.008348209533033606
USO,123,straddle,2017-07-24,estimation,0.2784405,0.2930815,0.9500446121641932,-0.10662869861250299
USO,124,straddle,2017-08-21,estimation,0.268379,0.29254800000000003,0.9173844975867207,-0.005779681942017406
USO,125,straddle,2017-09-18,estimation,0.2512795,0.28542500000000004,0.8803696242445475,0.018529257961134322
USO,126,straddle,2017-10-23,estimation,0.23269299999999998,0.260058,0.8947734736097331,0.014584879945076745
USO,127,straddle,2017-11-20,estimation,0.235049,0.24861,0.9454527171071156,0.18343851217656784
USO,128,straddle,2017-12-18,estimation,0.1721135,0.19748349999999998,0.8715335711591096,-0.0898713550283736
USO,129,straddle,2018-01-22,estimation,0.1911175,0.2071925,0.9224151453358591,-0.5242013662296813
USO,130,straddle,2018-02-20,estimation,0.2488705,0.261997,0.94989828127803,0.07427106091409887
USO,131,straddle,2018-03-19,estimation,0.2255405,0.23577900000000002,0.9565758612938386,-0.3759745908229809
USO,132,straddle,2018-04-23,estimation,0.25903849999999995,0.262945,0.9851432809142595,0.3398630967169455
USO,133,straddle,2018-05-21,estimation,0.24609350000000002,0.249006,0.988303494694907,-0.2785860636386351
USO,134,straddle,2018-06-18,estimation,0.2558275,0.255881,0.999790918434741,-0.3186445555228676
USO,135,straddle,2018-07-23,estimation,0.245444,0.24961850000000002,0.98327647990834,-0.16668286695416087
USO,136,straddle,2018-08-20,estimation,0.23922549999999998,0.253626,0.9432215151443463,0.07372639184354532
USO,137,straddle,2018-09-24,estimation,0.2564045,0.2560425,1.0014138277824969,-0.10143635405494678
USO,138,straddle,2018-10-22,estimation,0.254606,0.2679055,0.9503574954601529,-0.4464610727236727
USO,139,straddle,2018-11-19,estimation,0.390069,0.3686315,1.058154281443664,-0.25265361801052305
USO,139,strip,2018-11-19,estimation,0.390069,0.3686315,1.058154281443664,-0.29312891564962174
USO,140,straddle,2018-12-24,estimation,0.5347120000000001,0.46812849999999995,1.1422333825007454,0.12967156710290828
USO,141,straddle,2019-01-22,estimation,0.358247,0.36270800000000003,0.9877008502707411,0.2874793500433793
USO,142,straddle,2019-02-19,estimation,0.287531,0.303176,0.9483963110536453,0.22463215363940284
USO,143,straddle,2019-03-18,estimation,0.2517665,0.2748795,0.9159158831415221,0.10812321828520922
USO,144,straddle,2019-04-22,estimation,0.2425425,0.24411299999999997,0.9935665040370649,-0.06499864053192697
USO,145,straddle,2019-05-20,estimation,0.2627575,0.2755425,0.9536006242231233,-0.26159136998015853
USO,146,straddle,2019-06-24,estimation,0.37734999999999996,0.337621,1.1176733674741794,0.09226051842443012
USO,146,strip,2019-06-24,estimation,0.37734999999999996,0.337621,1.1176733674741794,0.32614814517579577
USO,147,straddle,2019-07-22,estimation,0.312301,0.3158395,0.9887965248171935,-0.3565721445890455
USO,148,straddle,2019-08-19,estimation,0.30432499999999996,0.311087,0.9782633154069439,-1.1175417801831904
USO,149,straddle,2019-09-23,estimation,0.3572865,0.356458,1.002324256995214,0.04341124453379874
USO,150,straddle,2019-10-21,estimation,0.33145749999999996,0.33946750000000003,0.9764042213172098,0.09247884030427125
USO,151,straddle,2019-11-18,estimation,0.293737,0.302094,0.9723364250862316,0.08572375872852109
USO,151,strip,2019-11-18,estimation,0.293737,0.302094,0.9723364250862316,0.25606660522352404
USO,152,straddle,2019-12-23,estimation,0.22577,0.2560205,0.8818434461302904,0.19909793111332366
USO,153,straddle,2020-01-21,estimation,0.25091199999999997,0.264329,0.9492412864271419,-0.25363109518012605
USO,154,straddle,2020-02-24,estimation,0.37397250000000004,0.31585149999999995,1.1840136899777272,-0.813095097491595
USO,155,straddle,2020-03-23,estimation,1.6108275,1.1662955,1.381148688304122,0.4351704634773584
USO,155,strip,2020-03-23,estimation,1.6108275,1.1662955,1.381148688304122,0.6205355810924567
USO,157,straddle,2020-05-18,estimation,0.6382105,0.591283,1.0793655491532819,0.252548936436021
USO,157,strip,2020-05-18,estimation,0.6382105,0.591283,1.0793655491532819,0.4693744886980314
USO,158,straddle,2020-06-22,estimation,0.48797749999999995,0.4636865,1.052386687988544,0.6292403995393324
USO,158,strip,2020-06-22,estimation,0.48797749999999995,0.4636865,1.052386687988544,0.5990581792130588
USO,159,straddle,2020-07-20,estimation,0.355148,0.3715725,0.9557973208458647,0.3991290837911385
USO,159,strip,2020-07-20,estimation,0.355148,0.3715725,0.9557973208458647,0.6599729598676449
USO,160,straddle,2020-08-24,estimation,0.29138850000000005,0.35161200000000004,0.8287217159823898,-0.21829629296450384
USO,160,strip,2020-08-24,estimation,0.29138850000000005,0.35161200000000004,0.8287217159823898,-0.3524709084408376
USO,161,straddle,2020-09-21,estimation,0.3719825,0.387661,0.9595561586024903,0.04873482646063419
USO,161,strip,2020-09-21,estimation,0.3719825,0.387661,0.9595561586024903,0.08552507680003989
USO,162,straddle,2020-10-19,estimation,0.39045399999999997,0.395556,0.9871016998857304,0.18199708395339406
USO,162,strip,2020-10-19,estimation,0.39045399999999997,0.395556,0.9871016998857304,0.08559636619912259
USO,163,straddle,2020-11-23,estimation,0.362552,0.369328,0.9816531646666378,0.116960468409621
USO,163,strip,2020-11-23,estimation,0.362552,0.369328,0.9816531646666378,0.38624273950196536
USO,164,straddle,2020-12-21,estimation,0.339161,0.35160749999999996,0.9646011532746032,0.02544975242797019
USO,164,strip,2020-12-21,estimation,0.339161,0.35160749999999996,0.9646011532746032,0.37122072991049543
USO,165,straddle,2021-01-19,estimation,0.3087035,0.3223995,0.9575185445386858,0.10086699926522766
USO,165,strip,2021-01-19,estimation,0.3087035,0.3223995,0.9575185445386858,0.26015950212281347
USO,166,straddle,2021-02-22,estimation,0.342021,0.3577975,0.9559066231597483,-0.535438601645748
USO,166,strip,2021-02-22,estimation,0.342021,0.3577975,0.9559066231597483,-0.3453630140612867
USO,167,straddle,2021-03-22,estimation,0.3586515,0.3520605,1.0187212141095068,-0.20292730617030466
USO,167,strip,2021-03-22,estimation,0.3586515,0.3520605,1.0187212141095068,-0.23430431335288918
USO,168,straddle,2021-04-19,estimation,0.3239925,0.32366399999999995,1.0010149414207328,0.18616483100413736
USO,168,strip,2021-04-19,estimation,0.3239925,0.32366399999999995,1.0010149414207328,0.2707321012486957
USO,169,straddle,2021-05-24,estimation,0.317703,0.32669800000000004,0.9724669266417302,0.28676625326591676
USO,169,strip,2021-05-24,estimation,0.317703,0.32669800000000004,0.9724669266417302,0.6275528448349277
USO,170,straddle,2021-06-21,estimation,0.304537,0.307044,0.9918350464428551,0.42678123123058703
USO,170,strip,2021-06-21,estimation,0.304537,0.307044,0.9918350464428551,0.5044054553525573
USO,171,straddle,2021-07-19,estimation,0.397698,0.371289,1.0711278815154772,0.2318753630005084
USO,171,strip,2021-07-19,estimation,0.397698,0.371289,1.0711278815154772,0.45543626646119484
USO,172,straddle,2021-08-23,estimation,0.34618400000000005,0.339841,1.0186646108032875,0.1598331680376861
USO,172,strip,2021-08-23,estimation,0.34618400000000005,0.339841,1.0186646108032875,0.10796084684813795
USO,173,straddle,2021-09-20,estimation,0.31787699999999997,0.3252075,0.9774590069417217,-0.008514752360606118
USO,173,strip,2021-09-20,estimation,0.31787699999999997,0.3252075,0.9774590069417217,0.15712616246643452
USO,174,straddle,2021-10-18,estimation,0.3200735,0.3366735,0.9506940700708549,0.2307308467359294
USO,174,strip,2021-10-18,estimation,0.3200735,0.3366735,0.9506940700708549,0.3754831096852771
USO,175,straddle,2021-11-22,estimation,0.3391155,0.367729,0.9221886225997951,-0.8626538780018849
USO,175,strip,2021-11-22,estimation,0.3391155,0.367729,0.9221886225997951,-1.4710631736497615
USO,176,straddle,2021-12-20,estimation,0.446916,0.45119750000000003,0.9905108073515477,0.10906864562185473
USO,176,strip,2021-12-20,estimation,0.446916,0.45119750000000003,0.9905108073515477,0.3057990535806411
USO,177,straddle,2022-01-24,holdout,0.3647005,0.382598,0.9532211354999242,0.2170279640230023
USO,177,strip,2022-01-24,holdout,0.3647005,0.382598,0.9532211354999242,0.4793295312574687
USO,178,straddle,2022-02-22,holdout,0.4516955,0.41456800000000005,1.0895570811061153,-0.5645179163308536
USO,178,strip,2022-02-22,holdout,0.4516955,0.41456800000000005,1.0895570811061153,-1.3077835648119358
USO,179,straddle,2022-03-21,holdout,0.6875055,0.602849,1.1404273707014527,0.3704648412222797
USO,179,strip,2022-03-21,holdout,0.6875055,0.602849,1.1404273707014527,0.4038557335993268
USO,180,straddle,2022-04-18,holdout,0.4848905,0.47196,1.0273974489363507,0.18608961263541182
USO,180,strip,2022-04-18,holdout,0.4848905,0.47196,1.0273974489363507,0.04646033031905785
USO,181,straddle,2022-05-23,holdout,0.442905,0.4550225,0.9733694487635227,0.31742025832760745
USO,181,strip,2022-05-23,holdout,0.442905,0.4550225,0.9733694487635227,0.5126835309186525
USO,182,straddle,2022-06-21,holdout,0.420346,0.442408,0.9501320048462053,-0.35359761703298404
USO,182,strip,2022-06-21,holdout,0.420346,0.442408,0.9501320048462053,-0.4196573426686029
USO,183,straddle,2022-07-18,holdout,0.48912100000000003,0.49154050000000005,0.9950777199437278,0.25659149038498547
USO,183,strip,2022-07-18,holdout,0.48912100000000003,0.49154050000000005,0.9950777199437278,0.5284071260648836
USO,184,straddle,2022-08-22,holdout,0.4380235,0.452071,0.9689263412163134,-0.056972776005671966
USO,184,strip,2022-08-22,holdout,0.4380235,0.452071,0.9689263412163134,0.2124436471211014
USO,185,straddle,2022-09-19,holdout,0.4478805,0.45551149999999996,0.983247404291659,0.39849825429539504
USO,185,strip,2022-09-19,holdout,0.4478805,0.45551149999999996,0.983247404291659,0.2862962746006549
USO,186,straddle,2022-10-24,holdout,0.441378,0.4564045,0.9670763544180656,0.1549348745845179
USO,186,strip,2022-10-24,holdout,0.441378,0.4564045,0.9670763544180656,0.29840156642403526
USO,187,straddle,2022-11-21,holdout,0.44590050000000003,0.46462899999999996,0.9596914957955703,0.19718120712832057
USO,187,strip,2022-11-21,holdout,0.44590050000000003,0.46462899999999996,0.9596914957955703,0.42323198092280306
USO,188,straddle,2022-12-19,holdout,0.415609,0.4466525,0.9304974224928776,0.22315346309991865
USO,188,strip,2022-12-19,holdout,0.415609,0.4466525,0.9304974224928776,0.4039235335207525
USO,189,straddle,2023-01-23,holdout,0.3525125,0.368262,0.9572328939722263,0.13797982751715077
USO,189,strip,2023-01-23,holdout,0.3525125,0.368262,0.9572328939722263,0.3005910018145834
USO,190,straddle,2023-02-21,holdout,0.357788,0.36548,0.9789537047170843,-0.15284946918266554
USO,190,strip,2023-02-21,holdout,0.357788,0.36548,0.9789537047170843,-0.1978827592948488
USO,191,straddle,2023-03-20,holdout,0.471313,0.455739,1.0341730683571078,0.13489858227283022
USO,191,strip,2023-03-20,holdout,0.471313,0.455739,1.0341730683571078,0.3728442608567478
USO,192,straddle,2023-04-24,holdout,0.3142465,0.3352175,0.9374406169128998,-0.16138189128409478
USO,192,strip,2023-04-24,holdout,0.3142465,0.3352175,0.9374406169128998,-0.3330950928115504
USO,193,straddle,2023-05-22,holdout,0.3282255,0.345176,0.950893167543514,0.00430675253868526
USO,193,strip,2023-05-22,holdout,0.3282255,0.345176,0.950893167543514,-0.16094375773976693
USO,194,straddle,2023-06-20,holdout,0.319898,0.327349,0.9772383602821454,0.11566749411731424
USO,194,strip,2023-06-20,holdout,0.319898,0.327349,0.9772383602821454,0.32214129175919
USO,195,straddle,2023-07-24,holdout,0.284559,0.301537,0.9436951352570332,0.29161182570371397
USO,195,strip,2023-07-24,holdout,0.284559,0.301537,0.9436951352570332,0.49564349006480957
USO,196,straddle,2023-08-21,holdout,0.269464,0.293417,0.9183653298888612,0.07866657086040775
USO,196,strip,2023-08-21,holdout,0.269464,0.293417,0.9183653298888612,0.2817651774444102
USO,197,straddle,2023-09-18,holdout,0.2578425,0.2747615,0.9384229595485538,-0.1495926013494194
USO,197,strip,2023-09-18,holdout,0.2578425,0.2747615,0.9384229595485538,-0.5142980399561874
USO,198,straddle,2023-10-23,holdout,0.3840295,0.38401450000000004,1.0000390610250394,0.040892793218027704
USO,198,strip,2023-10-23,holdout,0.3840295,0.38401450000000004,1.0000390610250394,-0.06387757144389622
USO,199,straddle,2023-11-20,holdout,0.35304650000000004,0.3453755,1.0222106084536977,0.06994986803668037
USO,199,strip,2023-11-20,holdout,0.35304650000000004,0.3453755,1.0222106084536977,0.3385465834167788
USO,200,straddle,2023-12-18,holdout,0.3425705,0.342656,0.9997504786141203,0.35400947217640366
USO,200,strip,2023-12-18,holdout,0.3425705,0.342656,0.9997504786141203,0.36509874686437155
USO,201,straddle,2024-01-22,holdout,0.3361965,0.33888450000000003,0.9920680939966271,0.18071731035885985
USO,201,strip,2024-01-22,holdout,0.3361965,0.33888450000000003,0.9920680939966271,0.3127967040959767
USO,202,straddle,2024-02-20,holdout,0.30836399999999997,0.283553,1.0875003967512245,0.21967705746752986
USO,202,strip,2024-02-20,holdout,0.30836399999999997,0.283553,1.0875003967512245,0.385303141866395
USO,203,straddle,2024-03-18,holdout,0.272902,0.282404,0.9663531678021557,0.4504074358127656
USO,203,strip,2024-03-18,holdout,0.272902,0.282404,0.9663531678021557,0.5647761738433847
USO,204,straddle,2024-04-22,holdout,0.2601145,0.27438799999999997,0.9479805968191031,0.237398950369115
USO,204,strip,2024-04-22,holdout,0.2601145,0.27438799999999997,0.9479805968191031,0.49636146667989434
USO,205,straddle,2024-05-20,holdout,0.2369,0.257979,0.9182917989448753,-0.14337698403351984
USO,205,strip,2024-05-20,holdout,0.2369,0.257979,0.9182917989448753,-0.00604789252544071
USO,206,straddle,2024-06-24,holdout,0.226532,0.237365,0.9543614264950604,-0.03292945385605299
USO,206,strip,2024-06-24,holdout,0.226532,0.237365,0.9543614264950604,0.409249634137186
USO,207,straddle,2024-07-22,holdout,0.236147,0.24797049999999998,0.9523189250334214,-0.3733805064289799
USO,207,strip,2024-07-22,holdout,0.236147,0.24797049999999998,0.9523189250334214,-0.6771476273217935
USO,208,straddle,2024-08-19,holdout,0.2851555,0.2958725,0.9637783166735673,-0.06614764737529583
USO,208,strip,2024-08-19,holdout,0.2851555,0.2958725,0.9637783166735673,-0.1464142172629084
USO,209,straddle,2024-09-23,holdout,0.2978555,0.30956399999999995,0.96217744957424,-0.38035869862030286
USO,209,strip,2024-09-23,holdout,0.2978555,0.30956399999999995,0.96217744957424,-0.6008291086152713
USO,210,straddle,2024-10-21,holdout,0.4465665,0.4025615,1.1093124901412579,0.1401479779819123
USO,210,strip,2024-10-21,holdout,0.4465665,0.4025615,1.1093124901412579,0.3719669763732671
USO,211,straddle,2024-11-18,holdout,0.33201650000000005,0.3235255,1.0262452264195558,0.47999957110281855
USO,211,strip,2024-11-18,holdout,0.33201650000000005,0.3235255,1.0262452264195558,0.5873743413613793
USO,212,straddle,2024-12-23,holdout,0.30554950000000003,0.31693099999999996,0.9640883977900555,0.08805145768900267
USO,212,strip,2024-12-23,holdout,0.30554950000000003,0.31693099999999996,0.9640883977900555,0.01707333019906967
USO,213,straddle,2025-01-21,holdout,0.29919450000000003,0.3013685,0.9927862401014043,0.20609759622915472
USO,213,strip,2025-01-21,holdout,0.29919450000000003,0.3013685,0.9927862401014043,0.5266786820856818
USO,214,straddle,2025-02-24,holdout,0.2813905,0.2755415,1.0212272924405217,0.09983680821154724
USO,214,strip,2025-02-24,holdout,0.2813905,0.2755415,1.0212272924405217,0.45264702539232265
USO,215,straddle,2025-03-24,holdout,0.26309400000000005,0.2878215,0.9140873770722481,-1.0713916333907978
USO,215,strip,2025-03-24,holdout,0.26309400000000005,0.2878215,0.9140873770722481,-2.0707520905029173
USO,216,straddle,2025-04-21,holdout,0.37558349999999996,0.365313,1.0281142472345632,0.10227134103086007
USO,216,strip,2025-04-21,holdout,0.37558349999999996,0.365313,1.0281142472345632,0.40661944740254247
USO,217,straddle,2025-05-19,holdout,0.33215799999999995,0.332326,0.9994944722952761,0.011258365129637165
USO,217,strip,2025-05-19,holdout,0.33215799999999995,0.332326,0.9994944722952761,-0.11780692817096197
USO,218,straddle,2025-06-23,holdout,0.46555650000000004,0.4061685,1.1462151791682518,0.4894527897254762
USO,218,strip,2025-06-23,holdout,0.46555650000000004,0.4061685,1.1462151791682518,0.6438125863979323
USO,219,straddle,2025-07-21,holdout,0.280169,0.29971000000000003,0.9348003069633979,-0.0526338200843541
USO,219,strip,2025-07-21,holdout,0.280169,0.29971000000000003,0.9348003069633979,0.16615416962172
